ROW_ID,SPLIT,N_CLUSTERS,CLUSTER,CLUSTER_ORACLE,GATE_CONFIDENCE
sod_avg_train_0000000,train,2,0,0,1.0
sod_avg_train_0000001,train,2,0,0,1.0
sod_avg_train_0000002,train,2,0,0,1.0
sod_avg_train_0000003,train,2,0,0,1.0
sod_avg_train_0000004,train,2,0,0,1.0
sod_avg_train_0000005,train,2,0,0,1.0
sod_avg_train_0000006,train,2,0,0,1.0
sod_avg_train_0000007,train,2,0,0,1.0
sod_avg_train_0000008,train,2,0,0,1.0
sod_avg_train_0000009,train,2,0,0,1.0
sod_avg_train_0000010,train,2,0,0,1.0
sod_avg_train_0000011,train,2,0,0,1.0
sod_avg_train_0000012,train,2,0,0,1.0
sod_avg_train_0000013,train,2,0,0,1.0
sod_avg_train_0000014,train,2,0,0,1.0
sod_avg_train_0000015,train,2,0,0,1.0
sod_avg_train_0000016,train,2,0,0,1.0
sod_avg_train_0000017,train,2,0,0,1.0
sod_avg_train_0000018,train,2,0,0,1.0
sod_avg_train_0000019,train,2,0,0,1.0
sod_avg_train_0000020,train,2,0,0,1.0
sod_avg_train_0000021,train,2,0,0,1.0
sod_avg_train_0000022,train,2,0,0,1.0
sod_avg_train_0000023,train,2,0,0,1.0
sod_avg_train_0000024,train,2,0,0,1.0
sod_avg_train_0000025,train,2,0,0,1.0
sod_avg_train_0000026,train,2,0,0,1.0
sod_avg_train_0000027,train,2,0,0,1.0
sod_avg_train_0000028,train,2,0,0,1.0
sod_avg_train_0000029,train,2,0,0,1.0
sod_avg_train_0000030,train,2,0,0,1.0
sod_avg_train_0000031,train,2,0,0,1.0
sod_avg_train_0000032,train,2,0,0,1.0
sod_avg_train_0000033,train,2,0,0,1.0
sod_avg_train_0000034,train,2,0,0,1.0
sod_avg_train_0000035,train,2,0,0,1.0
sod_avg_train_0000036,train,2,0,0,1.0
sod_avg_train_0000037,train,2,0,0,1.0
sod_avg_train_0000038,train,2,0,0,1.0
sod_avg_train_0000039,train,2,0,0,1.0
sod_avg_train_0000040,train,2,0,0,1.0
sod_avg_train_0000041,train,2,0,0,1.0
sod_avg_train_0000042,train,2,0,0,1.0
sod_avg_train_0000043,train,2,0,0,1.0
sod_avg_train_0000044,train,2,0,0,1.0
sod_avg_train_0000045,train,2,0,0,1.0
sod_avg_train_0000046,train,2,0,0,1.0
sod_avg_train_0000047,train,2,0,0,1.0
sod_avg_train_0000048,train,2,0,0,1.0
sod_avg_train_0000049,train,2,0,0,1.0
sod_avg_train_0000050,train,2,0,0,1.0
sod_avg_train_0000051,train,2,0,0,1.0
sod_avg_train_0000052,train,2,0,0,1.0
sod_avg_train_0000053,train,2,0,0,1.0
sod_avg_train_0000054,train,2,0,0,1.0
sod_avg_train_0000055,train,2,0,0,1.0
sod_avg_train_0000056,train,2,0,0,1.0
sod_avg_train_0000057,train,2,0,0,1.0
sod_avg_train_0000058,train,2,0,0,1.0
sod_avg_train_0000059,train,2,0,0,1.0
sod_avg_train_0000060,train,2,0,0,1.0
sod_avg_train_0000061,train,2,0,0,1.0
sod_avg_train_0000062,train,2,0,0,1.0
sod_avg_train_0000063,train,2,0,0,1.0
sod_avg_train_0000064,train,2,0,0,1.0
sod_avg_train_0000065,train,2,0,0,1.0
sod_avg_train_0000066,train,2,0,0,1.0
sod_avg_train_0000067,train,2,0,0,1.0
sod_avg_train_0000068,train,2,0,0,1.0
sod_avg_train_0000069,train,2,0,0,1.0
sod_avg_train_0000070,train,2,0,0,1.0
sod_avg_train_0000071,train,2,0,0,1.0
sod_avg_train_0000072,train,2,0,0,1.0
sod_avg_train_0000073,train,2,0,0,1.0
sod_avg_train_0000074,train,2,0,0,1.0
sod_avg_train_0000075,train,2,0,0,1.0
sod_avg_train_0000076,train,2,0,0,1.0
sod_avg_train_0000077,train,2,0,0,1.0
sod_avg_train_0000078,train,2,0,0,1.0
sod_avg_train_0000079,train,2,0,0,1.0
sod_avg_train_0000080,train,2,0,0,1.0
sod_avg_train_0000081,train,2,0,0,1.0
sod_avg_train_0000082,train,2,0,0,1.0
sod_avg_train_0000083,train,2,0,0,1.0
sod_avg_train_0000084,train,2,0,0,1.0
sod_avg_train_0000085,train,2,0,0,1.0
sod_avg_train_0000086,train,2,0,0,1.0
sod_avg_train_0000087,train,2,0,0,1.0
sod_avg_train_0000088,train,2,0,0,1.0
sod_avg_train_0000089,train,2,0,0,1.0
sod_avg_train_0000090,train,2,0,0,1.0
sod_avg_train_0000091,train,2,0,0,1.0
sod_avg_train_0000092,train,2,0,0,1.0
sod_avg_train_0000093,train,2,0,0,1.0
sod_avg_train_0000094,train,2,0,0,1.0
sod_avg_train_0000095,train,2,0,0,1.0
sod_avg_train_0000096,train,2,0,0,1.0
sod_avg_train_0000097,train,2,0,0,1.0
sod_avg_train_0000098,train,2,0,0,1.0
sod_avg_train_0000099,train,2,0,0,1.0
sod_avg_train_0000100,train,2,0,0,1.0
sod_avg_train_0000101,train,2,0,0,1.0
sod_avg_train_0000102,train,2,0,0,1.0
sod_avg_train_0000103,train,2,0,0,1.0
sod_avg_train_0000104,train,2,0,0,1.0
sod_avg_train_0000105,train,2,0,0,1.0
sod_avg_train_0000106,train,2,0,0,1.0
sod_avg_train_0000107,train,2,0,0,1.0
sod_avg_train_0000108,train,2,0,0,1.0
sod_avg_train_0000109,train,2,0,0,1.0
sod_avg_train_0000110,train,2,0,0,1.0
sod_avg_train_0000111,train,2,0,0,1.0
sod_avg_train_0000112,train,2,0,0,1.0
sod_avg_train_0000113,train,2,1,1,1.0
sod_avg_train_0000114,train,2,1,1,1.0
sod_avg_train_0000115,train,2,1,1,1.0
sod_avg_train_0000116,train,2,1,1,1.0
sod_avg_train_0000117,train,2,1,1,1.0
sod_avg_train_0000118,train,2,1,1,1.0
sod_avg_train_0000119,train,2,1,1,1.0
sod_avg_train_0000120,train,2,1,1,1.0
sod_avg_train_0000121,train,2,1,1,1.0
sod_avg_train_0000122,train,2,1,1,1.0
sod_avg_train_0000123,train,2,1,1,1.0
sod_avg_train_0000124,train,2,1,1,1.0
sod_avg_train_0000125,train,2,1,1,1.0
sod_avg_train_0000126,train,2,1,1,1.0
sod_avg_train_0000127,train,2,1,1,1.0
sod_avg_train_0000128,train,2,1,1,1.0
sod_avg_train_0000129,train,2,1,1,1.0
sod_avg_train_0000130,train,2,1,1,1.0
sod_avg_train_0000131,train,2,1,1,1.0
sod_avg_train_0000132,train,2,1,1,1.0
sod_avg_train_0000133,train,2,1,1,1.0
sod_avg_train_0000134,train,2,1,1,1.0
sod_avg_train_0000135,train,2,1,1,1.0
sod_avg_train_0000136,train,2,1,1,1.0
sod_avg_train_0000137,train,2,1,1,1.0
sod_avg_train_0000138,train,2,1,1,1.0
sod_avg_train_0000139,train,2,1,1,1.0
sod_avg_train_0000140,train,2,1,1,1.0
sod_avg_train_0000141,train,2,1,1,1.0
sod_avg_train_0000142,train,2,1,1,1.0
sod_avg_train_0000143,train,2,1,1,1.0
sod_avg_train_0000144,train,2,1,1,1.0
sod_avg_train_0000145,train,2,1,1,1.0
sod_avg_train_0000146,train,2,1,1,1.0
sod_avg_train_0000147,train,2,1,1,1.0
sod_avg_train_0000148,train,2,1,1,1.0
sod_avg_train_0000149,train,2,1,1,1.0
sod_avg_train_0000150,train,2,1,1,1.0
sod_avg_train_0000151,train,2,1,1,1.0
sod_avg_train_0000152,train,2,1,1,1.0
sod_avg_train_0000153,train,2,1,1,1.0
sod_avg_train_0000154,train,2,1,1,1.0
sod_avg_train_0000155,train,2,1,1,1.0
sod_avg_train_0000156,train,2,1,1,1.0
sod_avg_train_0000157,train,2,1,1,1.0
sod_avg_train_0000158,train,2,1,1,1.0
sod_avg_train_0000159,train,2,1,1,1.0
sod_avg_train_0000160,train,2,1,1,1.0
sod_avg_train_0000161,train,2,1,1,1.0
sod_avg_train_0000162,train,2,1,1,1.0
sod_avg_train_0000163,train,2,1,1,1.0
sod_avg_train_0000164,train,2,1,1,1.0
sod_avg_train_0000165,train,2,1,1,1.0
sod_avg_train_0000166,train,2,1,1,1.0
sod_avg_train_0000167,train,2,1,1,1.0
sod_avg_train_0000168,train,2,1,1,1.0
sod_avg_train_0000169,train,2,1,1,1.0
sod_avg_train_0000170,train,2,1,1,1.0
sod_avg_train_0000171,train,2,1,1,1.0
sod_avg_train_0000172,train,2,1,1,1.0
sod_avg_train_0000173,train,2,1,1,1.0
sod_avg_train_0000174,train,2,1,1,1.0
sod_avg_train_0000175,train,2,1,1,1.0
sod_avg_train_0000176,train,2,1,1,1.0
sod_avg_train_0000177,train,2,1,1,1.0
sod_avg_train_0000178,train,2,1,1,1.0
sod_avg_train_0000179,train,2,1,1,1.0
sod_avg_train_0000180,train,2,1,1,1.0
sod_avg_train_0000181,train,2,1,1,1.0
sod_avg_train_0000182,train,2,1,1,1.0
sod_avg_train_0000183,train,2,1,1,1.0
sod_avg_train_0000184,train,2,1,1,1.0
sod_avg_train_0000185,train,2,1,1,1.0
sod_avg_train_0000186,train,2,1,1,1.0
sod_avg_train_0000187,train,2,1,1,1.0
sod_avg_train_0000188,train,2,1,1,1.0
sod_avg_train_0000189,train,2,1,1,1.0
sod_avg_train_0000190,train,2,1,1,1.0
sod_avg_train_0000191,train,2,1,1,1.0
sod_avg_train_0000192,train,2,1,1,1.0
sod_avg_train_0000193,train,2,1,1,1.0
sod_avg_train_0000194,train,2,1,1,1.0
sod_avg_train_0000195,train,2,1,1,1.0
sod_avg_train_0000196,train,2,1,1,1.0
sod_avg_train_0000197,train,2,1,1,1.0
sod_avg_train_0000198,train,2,1,1,1.0
sod_avg_train_0000199,train,2,1,1,1.0
sod_avg_train_0000200,train,2,1,1,1.0
sod_avg_train_0000201,train,2,1,1,1.0
sod_avg_train_0000202,train,2,1,1,1.0
sod_avg_train_0000203,train,2,1,1,1.0
sod_avg_train_0000204,train,2,1,1,1.0
sod_avg_train_0000205,train,2,1,1,1.0
sod_avg_train_0000206,train,2,1,1,1.0
sod_avg_train_0000207,train,2,1,1,1.0
sod_avg_train_0000208,train,2,1,1,1.0
sod_avg_train_0000209,train,2,1,1,1.0
sod_avg_train_0000210,train,2,1,1,1.0
sod_avg_train_0000211,train,2,1,1,1.0
sod_avg_train_0000212,train,2,1,1,1.0
sod_avg_train_0000213,train,2,1,1,1.0
sod_avg_train_0000214,train,2,1,1,1.0
sod_avg_train_0000215,train,2,1,1,1.0
sod_avg_train_0000216,train,2,1,1,1.0
sod_avg_train_0000217,train,2,1,1,1.0
sod_avg_train_0000218,train,2,1,1,1.0
sod_avg_train_0000219,train,2,1,1,1.0
sod_avg_train_0000220,train,2,1,1,1.0
sod_avg_train_0000221,train,2,1,1,1.0
sod_avg_train_0000222,train,2,1,1,1.0
sod_avg_train_0000223,train,2,1,1,1.0
sod_avg_train_0000224,train,2,1,1,1.0
sod_avg_train_0000225,train,2,1,1,1.0
sod_avg_train_0000226,train,2,1,1,1.0
sod_avg_train_0000227,train,2,1,1,1.0
sod_avg_train_0000228,train,2,1,1,1.0
sod_avg_train_0000229,train,2,1,1,1.0
sod_avg_train_0000230,train,2,1,1,1.0
sod_avg_train_0000231,train,2,1,1,1.0
sod_avg_train_0000232,train,2,1,1,1.0
sod_avg_train_0000233,train,2,1,1,1.0
sod_avg_train_0000234,train,2,1,1,1.0
sod_avg_train_0000235,train,2,1,1,1.0
sod_avg_train_0000236,train,2,1,1,1.0
sod_avg_train_0000237,train,2,1,1,1.0
sod_avg_train_0000238,train,2,1,1,1.0
sod_avg_train_0000239,train,2,1,1,1.0
sod_avg_train_0000240,train,2,1,1,1.0
sod_avg_train_0000241,train,2,1,1,1.0
sod_avg_train_0000242,train,2,1,1,1.0
sod_avg_train_0000243,train,2,1,1,1.0
sod_avg_train_0000244,train,2,1,1,1.0
sod_avg_train_0000245,train,2,1,1,1.0
sod_avg_train_0000246,train,2,1,1,1.0
sod_avg_train_0000247,train,2,1,1,1.0
sod_avg_train_0000248,train,2,1,1,1.0
sod_avg_train_0000249,train,2,1,1,1.0
sod_avg_train_0000250,train,2,1,1,1.0
sod_avg_train_0000251,train,2,1,1,1.0
sod_avg_train_0000252,train,2,1,1,1.0
sod_avg_train_0000253,train,2,1,1,1.0
sod_avg_train_0000254,train,2,1,1,1.0
sod_avg_train_0000255,train,2,1,1,1.0
sod_avg_train_0000256,train,2,1,1,1.0
sod_avg_train_0000257,train,2,1,1,1.0
sod_avg_train_0000258,train,2,1,1,1.0
sod_avg_train_0000259,train,2,1,1,1.0
sod_avg_train_0000260,train,2,1,1,1.0
sod_avg_train_0000261,train,2,1,1,1.0
sod_avg_train_0000262,train,2,1,1,1.0
sod_avg_train_0000263,train,2,1,1,1.0
sod_avg_train_0000264,train,2,1,1,1.0
sod_avg_train_0000265,train,2,1,1,1.0
sod_avg_train_0000266,train,2,1,1,1.0
sod_avg_train_0000267,train,2,1,1,1.0
sod_avg_train_0000268,train,2,1,1,1.0
sod_avg_train_0000269,train,2,1,1,1.0
sod_avg_train_0000270,train,2,1,1,1.0
sod_avg_train_0000271,train,2,1,1,1.0
sod_avg_train_0000272,train,2,1,1,1.0
sod_avg_train_0000273,train,2,1,1,1.0
sod_avg_train_0000274,train,2,1,1,1.0
sod_avg_train_0000275,train,2,1,1,1.0
sod_avg_train_0000276,train,2,1,1,1.0
sod_avg_train_0000277,train,2,1,1,1.0
sod_avg_train_0000278,train,2,1,1,1.0
sod_avg_train_0000279,train,2,1,1,1.0
sod_avg_train_0000280,train,2,1,1,1.0
sod_avg_train_0000281,train,2,1,1,1.0
sod_avg_train_0000282,train,2,1,1,1.0
sod_avg_train_0000283,train,2,1,1,1.0
sod_avg_train_0000284,train,2,1,1,1.0
sod_avg_train_0000285,train,2,1,1,1.0
sod_avg_train_0000286,train,2,1,1,1.0
sod_avg_train_0000287,train,2,1,1,1.0
sod_avg_train_0000288,train,2,1,1,1.0
sod_avg_train_0000289,train,2,1,1,1.0
sod_avg_train_0000290,train,2,1,1,1.0
sod_avg_train_0000291,train,2,1,1,1.0
sod_avg_train_0000292,train,2,1,1,1.0
sod_avg_train_0000293,train,2,1,1,1.0
sod_avg_train_0000294,train,2,1,1,1.0
sod_avg_train_0000295,train,2,1,1,1.0
sod_avg_train_0000296,train,2,1,1,1.0
sod_avg_train_0000297,train,2,1,1,1.0
sod_avg_train_0000298,train,2,1,1,1.0
sod_avg_train_0000299,train,2,1,1,1.0
sod_avg_train_0000300,train,2,1,1,1.0
sod_avg_train_0000301,train,2,1,1,1.0
sod_avg_train_0000302,train,2,1,1,1.0
sod_avg_train_0000303,train,2,1,1,1.0
sod_avg_train_0000304,train,2,1,1,1.0
sod_avg_train_0000305,train,2,1,1,1.0
sod_avg_train_0000306,train,2,1,1,1.0
sod_avg_train_0000307,train,2,1,1,1.0
sod_avg_train_0000308,train,2,1,1,1.0
sod_avg_train_0000309,train,2,1,1,1.0
sod_avg_train_0000310,train,2,1,1,1.0
sod_avg_train_0000311,train,2,1,1,1.0
sod_avg_train_0000312,train,2,1,1,1.0
sod_avg_train_0000313,train,2,1,1,1.0
sod_avg_train_0000314,train,2,1,1,1.0
sod_avg_train_0000315,train,2,1,1,1.0
sod_avg_train_0000316,train,2,1,1,1.0
sod_avg_train_0000317,train,2,1,1,1.0
sod_avg_train_0000318,train,2,1,1,1.0
sod_avg_train_0000319,train,2,1,1,1.0
sod_avg_train_0000320,train,2,1,1,1.0
sod_avg_train_0000321,train,2,1,1,1.0
sod_avg_val_0000000,val,2,0,0,1.0
sod_avg_val_0000001,val,2,0,0,0.99
sod_avg_val_0000002,val,2,0,0,0.9888929820803886
sod_avg_val_0000003,val,2,0,0,1.0
sod_avg_val_0000004,val,2,0,0,0.9932453416149069
sod_avg_val_0000005,val,2,0,0,1.0
sod_avg_val_0000006,val,2,0,0,1.0
sod_avg_val_0000007,val,2,0,0,0.9982453416149067
sod_avg_val_0000008,val,2,0,0,1.0
sod_avg_val_0000009,val,2,0,0,1.0
sod_avg_val_0000010,val,2,0,0,1.0
sod_avg_val_0000011,val,2,0,0,0.9932453416149067
sod_avg_val_0000012,val,2,0,0,0.9932453416149069
sod_avg_val_0000013,val,2,0,0,0.9638929820803885
sod_avg_val_0000014,val,2,0,0,0.9982453416149067
sod_avg_val_0000015,val,2,0,0,0.9724022988505747
sod_avg_val_0000016,val,2,0,0,0.9922335884079925
sod_avg_val_0000017,val,2,0,0,0.9885933360987216
sod_avg_val_0000018,val,2,0,0,0.9637757337138909
sod_avg_val_0000019,val,2,1,0,0.5164627360488999
sod_avg_val_0000020,val,2,1,1,0.6343162186200958
sod_avg_val_0000021,val,2,1,1,0.8570738595093098
sod_avg_val_0000022,val,2,1,1,0.9384863819129987
sod_avg_val_0000023,val,2,1,1,0.9393779469456826
sod_avg_val_0000024,val,2,1,1,0.9798477240785237
sod_avg_val_0000025,val,2,1,1,0.9753949762485269
sod_avg_val_0000026,val,2,1,1,0.9967546583850933
sod_avg_val_0000027,val,2,1,1,1.0
sod_avg_val_0000028,val,2,1,1,1.0
sod_avg_val_0000029,val,2,1,1,1.0
sod_avg_val_0000030,val,2,1,1,0.995
sod_avg_val_0000031,val,2,1,1,1.0
sod_avg_val_0000032,val,2,1,1,1.0
sod_avg_val_0000033,val,2,1,1,0.9967546583850933
sod_avg_val_0000034,val,2,1,1,1.0
sod_avg_val_0000035,val,2,1,1,1.0
sod_avg_val_0000036,val,2,1,1,1.0
sod_avg_val_0000037,val,2,1,1,0.9683466388274786
sod_avg_val_0000038,val,2,1,1,1.0
sod_avg_val_0000039,val,2,1,1,0.9828616763047048
sod_avg_val_0000040,val,2,1,1,0.9951954022988505
sod_avg_val_0000041,val,2,1,1,0.9576408275267997
sod_avg_val_0000042,val,2,1,1,0.9980930656934306
sod_avg_val_0000043,val,2,1,1,0.9817546583850932
sod_avg_val_0000044,val,2,1,1,0.9919500606839436
sod_avg_val_0000045,val,2,1,1,1.0
sod_avg_val_0000046,val,2,1,1,1.0
sod_avg_val_0000047,val,2,1,1,1.0
sod_avg_val_0000048,val,2,1,1,1.0
sod_avg_val_0000049,val,2,1,1,1.0
sod_avg_val_0000050,val,2,1,1,1.0
sod_avg_val_0000051,val,2,1,1,1.0
sod_avg_val_0000052,val,2,1,1,1.0
sod_avg_val_0000053,val,2,1,1,1.0
sod_avg_val_0000054,val,2,1,1,1.0
sod_avg_val_0000055,val,2,1,1,0.97781868851692
sod_avg_val_0000056,val,2,1,1,1.0
sod_avg_test_0000000,test,2,0,0,0.9832453416149067
sod_avg_test_0000001,test,2,0,0,0.8901985264429935
sod_avg_test_0000002,test,2,0,0,0.995
sod_avg_test_0000003,test,2,0,0,0.9888929820803886
sod_avg_test_0000004,test,2,0,0,0.9095181616213689
sod_avg_test_0000005,test,2,0,0,1.0
sod_avg_test_0000006,test,2,0,0,0.944934551287714
sod_avg_test_0000007,test,2,0,0,1.0
sod_avg_test_0000008,test,2,0,0,0.9911172813512533
sod_avg_test_0000009,test,2,0,0,0.9932453416149069
sod_avg_test_0000010,test,2,0,0,0.9793626229661601
sod_avg_test_0000011,test,2,0,0,0.9697360248447205
sod_avg_test_0000012,test,2,0,0,0.9332556050465485
sod_avg_test_0000013,test,2,0,0,0.96
sod_avg_test_0000014,test,2,0,0,0.955810318408189
sod_avg_test_0000015,test,2,0,0,0.9890452580018646
sod_avg_test_0000016,test,2,0,0,1.0
sod_avg_test_0000017,test,2,0,0,1.0
sod_avg_test_0000018,test,2,0,0,0.9347360248447205
sod_avg_test_0000019,test,2,0,0,0.9686719947128937
sod_avg_test_0000020,test,2,0,0,0.9600102634316418
sod_avg_test_0000021,test,2,0,0,0.998675263774912
sod_avg_test_0000022,test,2,0,0,0.99
sod_avg_test_0000023,test,2,0,0,0.9882453416149067
sod_avg_test_0000024,test,2,0,0,0.9765009466614555
sod_avg_test_0000025,test,2,0,0,0.9750102634316419
sod_avg_test_0000026,test,2,0,0,0.8748169812992388
sod_avg_test_0000027,test,2,0,0,0.9904266530979869
sod_avg_test_0000028,test,2,0,0,0.9259256742847978
sod_avg_test_0000029,test,2,0,0,0.8097638395774043
sod_avg_test_0000030,test,2,0,0,0.7344189440660894
sod_avg_test_0000031,test,2,0,1,0.5705720702909486
sod_avg_test_0000032,test,2,1,1,1.0
sod_avg_test_0000033,test,2,1,1,0.7365984500775414
sod_avg_test_0000034,test,2,1,1,1.0
sod_avg_test_0000035,test,2,1,1,0.5105926145829043
sod_avg_test_0000036,test,2,1,1,0.9967546583850931
sod_avg_test_0000037,test,2,1,1,0.8964803107255919
sod_avg_test_0000038,test,2,1,1,0.9967546583850931
sod_avg_test_0000039,test,2,1,1,0.9171597579196518
sod_avg_test_0000040,test,2,1,1,1.0
sod_avg_test_0000041,test,2,1,1,0.8446307261839341
sod_avg_test_0000042,test,2,1,1,0.9967546583850931
sod_avg_test_0000043,test,2,1,1,0.9761070179196115
sod_avg_test_0000044,test,2,1,1,1.0
sod_avg_test_0000045,test,2,1,1,0.9635093167701864
sod_avg_test_0000046,test,2,1,1,1.0
sod_avg_test_0000047,test,2,1,1,0.9869500606839438
sod_avg_test_0000048,test,2,1,1,1.0
sod_avg_test_0000049,test,2,1,1,0.99281868851692
sod_avg_test_0000050,test,2,1,1,0.9928186885169198
sod_avg_test_0000051,test,2,1,1,1.0
sod_avg_test_0000052,test,2,1,1,0.9943523595345184
sod_avg_test_0000053,test,2,1,1,1.0
sod_avg_test_0000054,test,2,1,1,1.0
sod_avg_test_0000055,test,2,1,1,1.0
sod_avg_test_0000056,test,2,1,1,0.995
sod_avg_test_0000057,test,2,1,1,0.9928186885169198
sod_avg_test_0000058,test,2,1,1,1.0
sod_avg_test_0000059,test,2,1,1,1.0
sod_avg_test_0000060,test,2,1,1,1.0
sod_avg_test_0000061,test,2,1,1,1.0
sod_avg_test_0000062,test,2,1,1,1.0
sod_avg_test_0000063,test,2,1,1,1.0
sod_avg_test_0000064,test,2,1,1,1.0
sod_avg_test_0000065,test,2,1,1,1.0
sod_avg_test_0000066,test,2,1,1,1.0
sod_avg_test_0000067,test,2,1,1,1.0
sod_avg_test_0000068,test,2,1,1,0.9752639751552795
sod_avg_test_0000069,test,2,1,1,0.9917546583850932
sod_avg_test_0000070,test,2,1,1,0.9885093167701864
sod_avg_test_0000071,test,2,1,1,0.9967546583850933
sod_avg_test_0000072,test,2,1,1,0.995
sod_avg_test_0000073,test,2,1,1,0.9613024202184621
sod_avg_test_0000074,test,2,1,1,0.9935093167701864
sod_avg_test_0000075,test,2,1,1,0.995
sod_avg_test_0000076,test,2,1,1,0.9935093167701864
sod_avg_test_0000077,test,2,1,1,0.9948477240785237
sod_avg_test_0000078,test,2,1,1,0.9975977011494253
sod_avg_test_0000079,test,2,1,1,1.0
sod_avg_test_0000080,test,2,1,1,1.0
sod_avg_test_0000081,test,2,1,1,1.0
sod_avg_test_0000082,test,2,1,1,0.957225569223645
sod_avg_test_0000083,test,2,1,1,1.0
sod_avg_test_0000084,test,2,1,1,1.0
sod_avg_test_0000085,test,2,1,1,0.9129059340452698
sod_avg_train_0000000,train,3,0,0,1.0
sod_avg_train_0000001,train,3,0,0,1.0
sod_avg_train_0000002,train,3,0,0,1.0
sod_avg_train_0000003,train,3,0,0,1.0
sod_avg_train_0000004,train,3,0,0,1.0
sod_avg_train_0000005,train,3,0,0,1.0
sod_avg_train_0000006,train,3,0,0,1.0
sod_avg_train_0000007,train,3,0,0,1.0
sod_avg_train_0000008,train,3,0,0,1.0
sod_avg_train_0000009,train,3,0,0,1.0
sod_avg_train_0000010,train,3,0,0,1.0
sod_avg_train_0000011,train,3,0,0,1.0
sod_avg_train_0000012,train,3,0,0,1.0
sod_avg_train_0000013,train,3,0,0,1.0
sod_avg_train_0000014,train,3,0,0,1.0
sod_avg_train_0000015,train,3,0,0,1.0
sod_avg_train_0000016,train,3,0,0,1.0
sod_avg_train_0000017,train,3,0,0,1.0
sod_avg_train_0000018,train,3,0,0,1.0
sod_avg_train_0000019,train,3,0,0,1.0
sod_avg_train_0000020,train,3,0,0,1.0
sod_avg_train_0000021,train,3,0,0,1.0
sod_avg_train_0000022,train,3,0,0,1.0
sod_avg_train_0000023,train,3,0,0,1.0
sod_avg_train_0000024,train,3,0,0,1.0
sod_avg_train_0000025,train,3,0,0,1.0
sod_avg_train_0000026,train,3,0,0,1.0
sod_avg_train_0000027,train,3,0,0,1.0
sod_avg_train_0000028,train,3,0,0,1.0
sod_avg_train_0000029,train,3,0,0,1.0
sod_avg_train_0000030,train,3,0,0,1.0
sod_avg_train_0000031,train,3,0,0,1.0
sod_avg_train_0000032,train,3,0,0,1.0
sod_avg_train_0000033,train,3,0,0,1.0
sod_avg_train_0000034,train,3,0,0,1.0
sod_avg_train_0000035,train,3,0,0,1.0
sod_avg_train_0000036,train,3,0,0,1.0
sod_avg_train_0000037,train,3,0,0,1.0
sod_avg_train_0000038,train,3,0,0,1.0
sod_avg_train_0000039,train,3,0,0,1.0
sod_avg_train_0000040,train,3,0,0,1.0
sod_avg_train_0000041,train,3,0,0,1.0
sod_avg_train_0000042,train,3,0,0,1.0
sod_avg_train_0000043,train,3,0,0,1.0
sod_avg_train_0000044,train,3,0,0,1.0
sod_avg_train_0000045,train,3,0,0,1.0
sod_avg_train_0000046,train,3,0,0,1.0
sod_avg_train_0000047,train,3,0,0,1.0
sod_avg_train_0000048,train,3,0,0,1.0
sod_avg_train_0000049,train,3,0,0,1.0
sod_avg_train_0000050,train,3,0,0,1.0
sod_avg_train_0000051,train,3,0,0,1.0
sod_avg_train_0000052,train,3,0,0,1.0
sod_avg_train_0000053,train,3,0,0,1.0
sod_avg_train_0000054,train,3,0,0,1.0
sod_avg_train_0000055,train,3,0,0,1.0
sod_avg_train_0000056,train,3,0,0,1.0
sod_avg_train_0000057,train,3,0,0,1.0
sod_avg_train_0000058,train,3,0,0,1.0
sod_avg_train_0000059,train,3,0,0,1.0
sod_avg_train_0000060,train,3,0,0,1.0
sod_avg_train_0000061,train,3,0,0,1.0
sod_avg_train_0000062,train,3,0,0,1.0
sod_avg_train_0000063,train,3,0,0,1.0
sod_avg_train_0000064,train,3,0,0,1.0
sod_avg_train_0000065,train,3,0,0,1.0
sod_avg_train_0000066,train,3,0,0,1.0
sod_avg_train_0000067,train,3,0,0,1.0
sod_avg_train_0000068,train,3,0,0,1.0
sod_avg_train_0000069,train,3,0,0,1.0
sod_avg_train_0000070,train,3,0,0,1.0
sod_avg_train_0000071,train,3,0,0,1.0
sod_avg_train_0000072,train,3,0,0,1.0
sod_avg_train_0000073,train,3,0,0,1.0
sod_avg_train_0000074,train,3,0,0,1.0
sod_avg_train_0000075,train,3,0,0,1.0
sod_avg_train_0000076,train,3,0,0,1.0
sod_avg_train_0000077,train,3,0,0,1.0
sod_avg_train_0000078,train,3,0,0,1.0
sod_avg_train_0000079,train,3,0,0,1.0
sod_avg_train_0000080,train,3,0,0,1.0
sod_avg_train_0000081,train,3,0,0,1.0
sod_avg_train_0000082,train,3,0,0,1.0
sod_avg_train_0000083,train,3,0,0,1.0
sod_avg_train_0000084,train,3,0,0,1.0
sod_avg_train_0000085,train,3,0,0,1.0
sod_avg_train_0000086,train,3,0,0,1.0
sod_avg_train_0000087,train,3,0,0,1.0
sod_avg_train_0000088,train,3,0,0,1.0
sod_avg_train_0000089,train,3,0,0,1.0
sod_avg_train_0000090,train,3,0,0,1.0
sod_avg_train_0000091,train,3,0,0,1.0
sod_avg_train_0000092,train,3,0,0,1.0
sod_avg_train_0000093,train,3,0,0,1.0
sod_avg_train_0000094,train,3,0,0,1.0
sod_avg_train_0000095,train,3,0,0,1.0
sod_avg_train_0000096,train,3,0,0,1.0
sod_avg_train_0000097,train,3,0,0,1.0
sod_avg_train_0000098,train,3,0,0,1.0
sod_avg_train_0000099,train,3,0,0,1.0
sod_avg_train_0000100,train,3,0,0,1.0
sod_avg_train_0000101,train,3,0,0,1.0
sod_avg_train_0000102,train,3,0,0,1.0
sod_avg_train_0000103,train,3,0,0,1.0
sod_avg_train_0000104,train,3,0,0,1.0
sod_avg_train_0000105,train,3,0,0,1.0
sod_avg_train_0000106,train,3,0,0,1.0
sod_avg_train_0000107,train,3,0,0,1.0
sod_avg_train_0000108,train,3,0,0,1.0
sod_avg_train_0000109,train,3,1,1,1.0
sod_avg_train_0000110,train,3,1,1,1.0
sod_avg_train_0000111,train,3,1,1,1.0
sod_avg_train_0000112,train,3,1,1,1.0
sod_avg_train_0000113,train,3,1,1,1.0
sod_avg_train_0000114,train,3,1,1,1.0
sod_avg_train_0000115,train,3,1,1,1.0
sod_avg_train_0000116,train,3,1,1,1.0
sod_avg_train_0000117,train,3,1,1,1.0
sod_avg_train_0000118,train,3,1,1,1.0
sod_avg_train_0000119,train,3,1,1,1.0
sod_avg_train_0000120,train,3,1,1,1.0
sod_avg_train_0000121,train,3,1,1,1.0
sod_avg_train_0000122,train,3,1,1,1.0
sod_avg_train_0000123,train,3,1,1,1.0
sod_avg_train_0000124,train,3,1,1,1.0
sod_avg_train_0000125,train,3,1,1,1.0
sod_avg_train_0000126,train,3,1,1,1.0
sod_avg_train_0000127,train,3,1,1,1.0
sod_avg_train_0000128,train,3,1,1,1.0
sod_avg_train_0000129,train,3,1,1,1.0
sod_avg_train_0000130,train,3,1,1,1.0
sod_avg_train_0000131,train,3,1,1,1.0
sod_avg_train_0000132,train,3,1,1,1.0
sod_avg_train_0000133,train,3,1,1,1.0
sod_avg_train_0000134,train,3,1,1,1.0
sod_avg_train_0000135,train,3,1,1,1.0
sod_avg_train_0000136,train,3,1,1,1.0
sod_avg_train_0000137,train,3,1,1,1.0
sod_avg_train_0000138,train,3,1,1,1.0
sod_avg_train_0000139,train,3,1,1,1.0
sod_avg_train_0000140,train,3,1,1,1.0
sod_avg_train_0000141,train,3,1,1,1.0
sod_avg_train_0000142,train,3,1,1,1.0
sod_avg_train_0000143,train,3,1,1,1.0
sod_avg_train_0000144,train,3,1,1,1.0
sod_avg_train_0000145,train,3,1,1,1.0
sod_avg_train_0000146,train,3,1,1,1.0
sod_avg_train_0000147,train,3,1,1,1.0
sod_avg_train_0000148,train,3,1,1,1.0
sod_avg_train_0000149,train,3,1,1,1.0
sod_avg_train_0000150,train,3,1,1,1.0
sod_avg_train_0000151,train,3,1,1,1.0
sod_avg_train_0000152,train,3,1,1,1.0
sod_avg_train_0000153,train,3,1,1,1.0
sod_avg_train_0000154,train,3,1,1,1.0
sod_avg_train_0000155,train,3,1,1,1.0
sod_avg_train_0000156,train,3,1,1,1.0
sod_avg_train_0000157,train,3,1,1,1.0
sod_avg_train_0000158,train,3,1,1,1.0
sod_avg_train_0000159,train,3,1,1,1.0
sod_avg_train_0000160,train,3,1,1,1.0
sod_avg_train_0000161,train,3,1,1,1.0
sod_avg_train_0000162,train,3,1,1,1.0
sod_avg_train_0000163,train,3,1,1,1.0
sod_avg_train_0000164,train,3,1,1,1.0
sod_avg_train_0000165,train,3,1,1,1.0
sod_avg_train_0000166,train,3,1,1,1.0
sod_avg_train_0000167,train,3,1,1,1.0
sod_avg_train_0000168,train,3,1,1,1.0
sod_avg_train_0000169,train,3,1,1,1.0
sod_avg_train_0000170,train,3,1,1,1.0
sod_avg_train_0000171,train,3,1,1,1.0
sod_avg_train_0000172,train,3,1,1,1.0
sod_avg_train_0000173,train,3,1,1,1.0
sod_avg_train_0000174,train,3,1,1,1.0
sod_avg_train_0000175,train,3,1,1,1.0
sod_avg_train_0000176,train,3,1,1,1.0
sod_avg_train_0000177,train,3,1,1,1.0
sod_avg_train_0000178,train,3,1,1,1.0
sod_avg_train_0000179,train,3,1,1,1.0
sod_avg_train_0000180,train,3,1,1,1.0
sod_avg_train_0000181,train,3,1,1,1.0
sod_avg_train_0000182,train,3,1,1,1.0
sod_avg_train_0000183,train,3,1,1,1.0
sod_avg_train_0000184,train,3,1,1,1.0
sod_avg_train_0000185,train,3,1,1,1.0
sod_avg_train_0000186,train,3,1,1,1.0
sod_avg_train_0000187,train,3,1,1,1.0
sod_avg_train_0000188,train,3,1,1,1.0
sod_avg_train_0000189,train,3,1,1,1.0
sod_avg_train_0000190,train,3,1,1,1.0
sod_avg_train_0000191,train,3,1,1,1.0
sod_avg_train_0000192,train,3,1,1,1.0
sod_avg_train_0000193,train,3,1,1,1.0
sod_avg_train_0000194,train,3,1,1,1.0
sod_avg_train_0000195,train,3,1,1,1.0
sod_avg_train_0000196,train,3,1,1,1.0
sod_avg_train_0000197,train,3,1,1,1.0
sod_avg_train_0000198,train,3,1,1,1.0
sod_avg_train_0000199,train,3,1,1,1.0
sod_avg_train_0000200,train,3,1,1,1.0
sod_avg_train_0000201,train,3,1,1,1.0
sod_avg_train_0000202,train,3,1,1,1.0
sod_avg_train_0000203,train,3,1,1,1.0
sod_avg_train_0000204,train,3,1,1,1.0
sod_avg_train_0000205,train,3,1,1,1.0
sod_avg_train_0000206,train,3,1,1,1.0
sod_avg_train_0000207,train,3,1,1,1.0
sod_avg_train_0000208,train,3,1,1,1.0
sod_avg_train_0000209,train,3,1,1,1.0
sod_avg_train_0000210,train,3,1,1,1.0
sod_avg_train_0000211,train,3,1,1,1.0
sod_avg_train_0000212,train,3,1,1,1.0
sod_avg_train_0000213,train,3,1,1,1.0
sod_avg_train_0000214,train,3,1,1,1.0
sod_avg_train_0000215,train,3,1,1,1.0
sod_avg_train_0000216,train,3,1,1,1.0
sod_avg_train_0000217,train,3,1,1,1.0
sod_avg_train_0000218,train,3,1,1,1.0
sod_avg_train_0000219,train,3,1,1,1.0
sod_avg_train_0000220,train,3,1,1,1.0
sod_avg_train_0000221,train,3,1,1,1.0
sod_avg_train_0000222,train,3,1,1,1.0
sod_avg_train_0000223,train,3,1,1,1.0
sod_avg_train_0000224,train,3,1,1,1.0
sod_avg_train_0000225,train,3,1,1,1.0
sod_avg_train_0000226,train,3,1,1,1.0
sod_avg_train_0000227,train,3,1,1,1.0
sod_avg_train_0000228,train,3,1,1,1.0
sod_avg_train_0000229,train,3,1,1,1.0
sod_avg_train_0000230,train,3,1,1,1.0
sod_avg_train_0000231,train,3,2,2,1.0
sod_avg_train_0000232,train,3,2,2,1.0
sod_avg_train_0000233,train,3,2,2,1.0
sod_avg_train_0000234,train,3,2,2,1.0
sod_avg_train_0000235,train,3,2,2,1.0
sod_avg_train_0000236,train,3,2,2,1.0
sod_avg_train_0000237,train,3,2,2,1.0
sod_avg_train_0000238,train,3,2,2,1.0
sod_avg_train_0000239,train,3,2,2,1.0
sod_avg_train_0000240,train,3,2,2,1.0
sod_avg_train_0000241,train,3,2,2,1.0
sod_avg_train_0000242,train,3,2,2,1.0
sod_avg_train_0000243,train,3,2,2,1.0
sod_avg_train_0000244,train,3,2,2,1.0
sod_avg_train_0000245,train,3,2,2,1.0
sod_avg_train_0000246,train,3,2,2,1.0
sod_avg_train_0000247,train,3,2,2,1.0
sod_avg_train_0000248,train,3,2,2,1.0
sod_avg_train_0000249,train,3,2,2,1.0
sod_avg_train_0000250,train,3,2,2,1.0
sod_avg_train_0000251,train,3,2,2,1.0
sod_avg_train_0000252,train,3,2,2,1.0
sod_avg_train_0000253,train,3,2,2,1.0
sod_avg_train_0000254,train,3,2,2,1.0
sod_avg_train_0000255,train,3,2,2,1.0
sod_avg_train_0000256,train,3,2,2,1.0
sod_avg_train_0000257,train,3,2,2,1.0
sod_avg_train_0000258,train,3,2,2,1.0
sod_avg_train_0000259,train,3,2,2,1.0
sod_avg_train_0000260,train,3,2,2,1.0
sod_avg_train_0000261,train,3,2,2,1.0
sod_avg_train_0000262,train,3,2,2,1.0
sod_avg_train_0000263,train,3,2,2,1.0
sod_avg_train_0000264,train,3,2,2,1.0
sod_avg_train_0000265,train,3,2,2,1.0
sod_avg_train_0000266,train,3,2,2,1.0
sod_avg_train_0000267,train,3,2,2,1.0
sod_avg_train_0000268,train,3,2,2,1.0
sod_avg_train_0000269,train,3,2,2,1.0
sod_avg_train_0000270,train,3,2,2,1.0
sod_avg_train_0000271,train,3,2,2,1.0
sod_avg_train_0000272,train,3,2,2,1.0
sod_avg_train_0000273,train,3,2,2,1.0
sod_avg_train_0000274,train,3,2,2,1.0
sod_avg_train_0000275,train,3,2,2,1.0
sod_avg_train_0000276,train,3,2,2,1.0
sod_avg_train_0000277,train,3,2,2,1.0
sod_avg_train_0000278,train,3,2,2,1.0
sod_avg_train_0000279,train,3,2,2,1.0
sod_avg_train_0000280,train,3,2,2,1.0
sod_avg_train_0000281,train,3,2,2,1.0
sod_avg_train_0000282,train,3,2,2,1.0
sod_avg_train_0000283,train,3,2,2,1.0
sod_avg_train_0000284,train,3,2,2,1.0
sod_avg_train_0000285,train,3,2,2,1.0
sod_avg_train_0000286,train,3,2,2,1.0
sod_avg_train_0000287,train,3,2,2,1.0
sod_avg_train_0000288,train,3,2,2,1.0
sod_avg_train_0000289,train,3,2,2,1.0
sod_avg_train_0000290,train,3,2,2,1.0
sod_avg_train_0000291,train,3,2,2,1.0
sod_avg_train_0000292,train,3,2,2,1.0
sod_avg_train_0000293,train,3,2,2,1.0
sod_avg_train_0000294,train,3,2,2,1.0
sod_avg_train_0000295,train,3,2,2,1.0
sod_avg_train_0000296,train,3,2,2,1.0
sod_avg_train_0000297,train,3,2,2,1.0
sod_avg_train_0000298,train,3,2,2,1.0
sod_avg_train_0000299,train,3,2,2,1.0
sod_avg_train_0000300,train,3,2,2,1.0
sod_avg_train_0000301,train,3,2,2,1.0
sod_avg_train_0000302,train,3,2,2,1.0
sod_avg_train_0000303,train,3,2,2,1.0
sod_avg_train_0000304,train,3,2,2,1.0
sod_avg_train_0000305,train,3,2,2,1.0
sod_avg_train_0000306,train,3,2,2,1.0
sod_avg_train_0000307,train,3,2,2,1.0
sod_avg_train_0000308,train,3,2,2,1.0
sod_avg_train_0000309,train,3,2,2,1.0
sod_avg_train_0000310,train,3,2,2,1.0
sod_avg_train_0000311,train,3,2,2,1.0
sod_avg_train_0000312,train,3,2,2,1.0
sod_avg_train_0000313,train,3,2,2,1.0
sod_avg_train_0000314,train,3,2,2,1.0
sod_avg_train_0000315,train,3,2,2,1.0
sod_avg_train_0000316,train,3,2,2,1.0
sod_avg_train_0000317,train,3,2,2,1.0
sod_avg_train_0000318,train,3,2,2,1.0
sod_avg_train_0000319,train,3,2,2,1.0
sod_avg_train_0000320,train,3,2,2,1.0
sod_avg_train_0000321,train,3,2,2,1.0
sod_avg_val_0000000,val,3,0,0,0.997275
sod_avg_val_0000001,val,3,0,0,0.9902813852813853
sod_avg_val_0000002,val,3,0,0,0.9735039279348103
sod_avg_val_0000003,val,3,0,0,1.0
sod_avg_val_0000004,val,3,0,0,0.9926406926406927
sod_avg_val_0000005,val,3,0,0,1.0
sod_avg_val_0000006,val,3,0,0,1.0
sod_avg_val_0000007,val,3,0,0,1.0
sod_avg_val_0000008,val,3,0,0,1.0
sod_avg_val_0000009,val,3,0,0,0.998127147766323
sod_avg_val_0000010,val,3,0,0,1.0
sod_avg_val_0000011,val,3,0,0,0.9984560906515579
sod_avg_val_0000012,val,3,0,0,0.9868710375767789
sod_avg_val_0000013,val,3,0,0,0.9409274491893517
sod_avg_val_0000014,val,3,0,0,0.9752288148303445
sod_avg_val_0000015,val,3,0,0,0.9493895520093268
sod_avg_val_0000016,val,3,0,0,0.9837374759329434
sod_avg_val_0000017,val,3,0,0,0.9573929871565038
sod_avg_val_0000018,val,3,0,0,0.811953428563679
sod_avg_val_0000019,val,3,1,1,0.8170628663289173
sod_avg_val_0000020,val,3,1,1,0.9398429427094446
sod_avg_val_0000021,val,3,1,1,0.9642587187921119
sod_avg_val_0000022,val,3,1,1,0.9494464726797868
sod_avg_val_0000023,val,3,1,1,0.9740438173220015
sod_avg_val_0000024,val,3,1,1,0.9941253119629812
sod_avg_val_0000025,val,3,1,1,0.9068608356073404
sod_avg_val_0000026,val,3,1,1,1.0
sod_avg_val_0000027,val,3,1,1,1.0
sod_avg_val_0000028,val,3,1,1,0.995
sod_avg_val_0000029,val,3,1,1,0.995
sod_avg_val_0000030,val,3,1,1,0.995
sod_avg_val_0000031,val,3,1,1,1.0
sod_avg_val_0000032,val,3,1,1,0.9979934210526316
sod_avg_val_0000033,val,3,1,1,0.9844954575940491
sod_avg_val_0000034,val,3,1,1,0.9832998828180962
sod_avg_val_0000035,val,3,1,1,0.9993107344632769
sod_avg_val_0000036,val,3,1,1,0.990800800737302
sod_avg_val_0000037,val,3,1,1,0.8731578407263667
sod_avg_val_0000038,val,3,1,1,0.7708563328757062
sod_avg_val_0000039,val,3,2,1,0.5230262077296088
sod_avg_val_0000040,val,3,2,2,0.5494707090668861
sod_avg_val_0000041,val,3,2,2,0.7829441070062358
sod_avg_val_0000042,val,3,2,2,0.49821645893761896
sod_avg_val_0000043,val,3,2,2,0.9211313627952596
sod_avg_val_0000044,val,3,2,2,0.9345148637511558
sod_avg_val_0000045,val,3,2,2,0.9883250462418993
sod_avg_val_0000046,val,3,2,2,0.9999423977718699
sod_avg_val_0000047,val,3,2,2,0.9999423977718699
sod_avg_val_0000048,val,3,2,2,0.9999423977718699
sod_avg_val_0000049,val,3,2,2,0.999759593432778
sod_avg_val_0000050,val,3,2,2,0.9999423977718699
sod_avg_val_0000051,val,3,2,2,0.9984013844775541
sod_avg_val_0000052,val,3,2,2,0.9999423977718699
sod_avg_val_0000053,val,3,2,2,0.9999423977718699
sod_avg_val_0000054,val,3,2,2,0.9999423977718699
sod_avg_val_0000055,val,3,2,2,0.9934013844775541
sod_avg_val_0000056,val,3,2,2,0.9999423977718699
sod_avg_test_0000000,test,3,0,0,0.995
sod_avg_test_0000001,test,3,0,0,0.8939392496289466
sod_avg_test_0000002,test,3,0,0,0.9894348102877514
sod_avg_test_0000003,test,3,0,0,0.9744371057596846
sod_avg_test_0000004,test,3,0,0,0.916476040946941
sod_avg_test_0000005,test,3,0,0,1.0
sod_avg_test_0000006,test,3,0,0,0.9311697479959906
sod_avg_test_0000007,test,3,0,0,1.0
sod_avg_test_0000008,test,3,0,0,1.0
sod_avg_test_0000009,test,3,0,0,0.9976406926406927
sod_avg_test_0000010,test,3,0,0,0.9976406926406927
sod_avg_test_0000011,test,3,0,0,0.9535548400236267
sod_avg_test_0000012,test,3,0,0,0.9494348102877513
sod_avg_test_0000013,test,3,0,0,0.975
sod_avg_test_0000014,test,3,0,0,0.9799156926406926
sod_avg_test_0000015,test,3,0,0,0.9945499999999999
sod_avg_test_0000016,test,3,0,0,1.0
sod_avg_test_0000017,test,3,0,0,0.9969121813031161
sod_avg_test_0000018,test,3,0,0,0.9752502082986169
sod_avg_test_0000019,test,3,0,0,0.9960967832922506
sod_avg_test_0000020,test,3,0,0,0.9842303449360863
sod_avg_test_0000021,test,3,0,0,0.9574742225061226
sod_avg_test_0000022,test,3,0,0,0.9696659690106031
sod_avg_test_0000023,test,3,0,0,0.9864571059437388
sod_avg_test_0000024,test,3,0,0,0.9392213923941971
sod_avg_test_0000025,test,3,0,0,0.9609618908041415
sod_avg_test_0000026,test,3,0,0,0.7926999010136129
sod_avg_test_0000027,test,3,0,0,0.9703176868258723
sod_avg_test_0000028,test,3,0,0,0.9008415340968652
sod_avg_test_0000029,test,3,0,0,0.7208052373996813
sod_avg_test_0000030,test,3,1,1,0.6197834360831352
sod_avg_test_0000031,test,3,1,1,0.6865009845580223
sod_avg_test_0000032,test,3,2,2,0.999759593432778
sod_avg_test_0000033,test,3,1,1,0.7963645113775618
sod_avg_test_0000034,test,3,2,2,0.999759593432778
sod_avg_test_0000035,test,3,1,1,0.7997506435358335
sod_avg_test_0000036,test,3,2,2,0.9247595934327779
sod_avg_test_0000037,test,3,1,1,0.9844330935665377
sod_avg_test_0000038,test,3,2,2,0.999759593432778
sod_avg_test_0000039,test,3,1,1,0.9365034935610216
sod_avg_test_0000040,test,3,2,2,0.9999423977718699
sod_avg_test_0000041,test,3,1,1,0.8801317001698916
sod_avg_test_0000042,test,3,2,2,0.9999423977718699
sod_avg_test_0000043,test,3,1,1,0.9421588689105381
sod_avg_test_0000044,test,3,2,2,0.9999423977718699
sod_avg_test_0000045,test,3,1,1,0.965312957060947
sod_avg_test_0000046,test,3,2,2,0.9937639698003927
sod_avg_test_0000047,test,3,1,1,0.9971361502347418
sod_avg_test_0000048,test,3,2,2,0.996309188816646
sod_avg_test_0000049,test,3,1,1,0.9944954575940491
sod_avg_test_0000050,test,3,2,2,0.9899070252875884
sod_avg_test_0000051,test,3,1,1,0.9618833685809388
sod_avg_test_0000052,test,3,1,1,0.8947734067618731
sod_avg_test_0000053,test,3,2,2,0.9999423977718699
sod_avg_test_0000054,test,3,1,1,0.9419835357293729
sod_avg_test_0000055,test,3,2,2,0.9999423977718699
sod_avg_test_0000056,test,3,1,1,1.0
sod_avg_test_0000057,test,3,2,2,0.9972259798614221
sod_avg_test_0000058,test,3,1,1,1.0
sod_avg_test_0000059,test,3,2,2,0.9999423977718699
sod_avg_test_0000060,test,3,1,1,1.0
sod_avg_test_0000061,test,3,2,2,0.996309188816646
sod_avg_test_0000062,test,3,1,1,1.0
sod_avg_test_0000063,test,3,2,2,1.0
sod_avg_test_0000064,test,3,1,1,1.0
sod_avg_test_0000065,test,3,2,2,1.0
sod_avg_test_0000066,test,3,1,1,1.0
sod_avg_test_0000067,test,3,2,2,1.0
sod_avg_test_0000068,test,3,1,1,0.9761473684210525
sod_avg_test_0000069,test,3,2,1,0.5747766214430023
sod_avg_test_0000070,test,3,1,1,0.9395315335360042
sod_avg_test_0000071,test,3,1,1,0.8539529004866386
sod_avg_test_0000072,test,3,1,1,0.5343133871936724
sod_avg_test_0000073,test,3,1,1,0.5320548336981422
sod_avg_test_0000074,test,3,2,2,0.6351235386174999
sod_avg_test_0000075,test,3,2,2,0.662634919938482
sod_avg_test_0000076,test,3,2,2,0.7701699287539774
sod_avg_test_0000077,test,3,2,2,0.8088359820506068
sod_avg_test_0000078,test,3,2,2,0.8912018744521507
sod_avg_test_0000079,test,3,2,2,0.98864772634885
sod_avg_test_0000080,test,3,1,1,0.9871361502347418
sod_avg_test_0000081,test,3,1,1,0.995
sod_avg_test_0000082,test,3,1,1,0.9696107725826023
sod_avg_test_0000083,test,3,1,1,0.9644625628572072
sod_avg_test_0000084,test,3,1,1,0.8395909290117366
sod_avg_test_0000085,test,3,1,1,0.9271258584634765
sod_avg_train_0000000,train,4,0,0,1.0
sod_avg_train_0000001,train,4,0,0,1.0
sod_avg_train_0000002,train,4,0,0,1.0
sod_avg_train_0000003,train,4,0,0,1.0
sod_avg_train_0000004,train,4,0,0,1.0
sod_avg_train_0000005,train,4,0,0,1.0
sod_avg_train_0000006,train,4,0,0,1.0
sod_avg_train_0000007,train,4,0,0,1.0
sod_avg_train_0000008,train,4,0,0,1.0
sod_avg_train_0000009,train,4,0,0,1.0
sod_avg_train_0000010,train,4,0,0,1.0
sod_avg_train_0000011,train,4,0,0,1.0
sod_avg_train_0000012,train,4,0,0,1.0
sod_avg_train_0000013,train,4,0,0,1.0
sod_avg_train_0000014,train,4,0,0,1.0
sod_avg_train_0000015,train,4,0,0,1.0
sod_avg_train_0000016,train,4,0,0,1.0
sod_avg_train_0000017,train,4,0,0,1.0
sod_avg_train_0000018,train,4,0,0,1.0
sod_avg_train_0000019,train,4,0,0,1.0
sod_avg_train_0000020,train,4,0,0,1.0
sod_avg_train_0000021,train,4,0,0,1.0
sod_avg_train_0000022,train,4,0,0,1.0
sod_avg_train_0000023,train,4,0,0,1.0
sod_avg_train_0000024,train,4,0,0,1.0
sod_avg_train_0000025,train,4,0,0,1.0
sod_avg_train_0000026,train,4,0,0,1.0
sod_avg_train_0000027,train,4,0,0,1.0
sod_avg_train_0000028,train,4,0,0,1.0
sod_avg_train_0000029,train,4,0,0,1.0
sod_avg_train_0000030,train,4,0,0,1.0
sod_avg_train_0000031,train,4,0,0,1.0
sod_avg_train_0000032,train,4,0,0,1.0
sod_avg_train_0000033,train,4,0,0,1.0
sod_avg_train_0000034,train,4,0,0,1.0
sod_avg_train_0000035,train,4,0,0,1.0
sod_avg_train_0000036,train,4,0,0,1.0
sod_avg_train_0000037,train,4,0,0,1.0
sod_avg_train_0000038,train,4,0,0,1.0
sod_avg_train_0000039,train,4,0,0,1.0
sod_avg_train_0000040,train,4,0,0,1.0
sod_avg_train_0000041,train,4,0,0,1.0
sod_avg_train_0000042,train,4,0,0,1.0
sod_avg_train_0000043,train,4,0,0,1.0
sod_avg_train_0000044,train,4,0,0,1.0
sod_avg_train_0000045,train,4,0,0,1.0
sod_avg_train_0000046,train,4,0,0,1.0
sod_avg_train_0000047,train,4,0,0,1.0
sod_avg_train_0000048,train,4,0,0,1.0
sod_avg_train_0000049,train,4,0,0,1.0
sod_avg_train_0000050,train,4,0,0,1.0
sod_avg_train_0000051,train,4,0,0,1.0
sod_avg_train_0000052,train,4,0,0,1.0
sod_avg_train_0000053,train,4,0,0,1.0
sod_avg_train_0000054,train,4,0,0,1.0
sod_avg_train_0000055,train,4,0,0,1.0
sod_avg_train_0000056,train,4,0,0,1.0
sod_avg_train_0000057,train,4,0,0,1.0
sod_avg_train_0000058,train,4,0,0,1.0
sod_avg_train_0000059,train,4,0,0,1.0
sod_avg_train_0000060,train,4,0,0,1.0
sod_avg_train_0000061,train,4,0,0,1.0
sod_avg_train_0000062,train,4,2,2,1.0
sod_avg_train_0000063,train,4,2,2,1.0
sod_avg_train_0000064,train,4,2,2,1.0
sod_avg_train_0000065,train,4,2,2,1.0
sod_avg_train_0000066,train,4,2,2,1.0
sod_avg_train_0000067,train,4,2,2,1.0
sod_avg_train_0000068,train,4,2,2,1.0
sod_avg_train_0000069,train,4,2,2,1.0
sod_avg_train_0000070,train,4,2,2,1.0
sod_avg_train_0000071,train,4,2,2,1.0
sod_avg_train_0000072,train,4,2,2,1.0
sod_avg_train_0000073,train,4,2,2,1.0
sod_avg_train_0000074,train,4,2,2,1.0
sod_avg_train_0000075,train,4,2,2,1.0
sod_avg_train_0000076,train,4,2,2,1.0
sod_avg_train_0000077,train,4,2,2,1.0
sod_avg_train_0000078,train,4,2,2,1.0
sod_avg_train_0000079,train,4,2,2,1.0
sod_avg_train_0000080,train,4,2,2,1.0
sod_avg_train_0000081,train,4,2,2,1.0
sod_avg_train_0000082,train,4,2,2,1.0
sod_avg_train_0000083,train,4,2,2,1.0
sod_avg_train_0000084,train,4,2,2,1.0
sod_avg_train_0000085,train,4,2,2,1.0
sod_avg_train_0000086,train,4,2,2,1.0
sod_avg_train_0000087,train,4,2,2,1.0
sod_avg_train_0000088,train,4,2,2,1.0
sod_avg_train_0000089,train,4,2,2,1.0
sod_avg_train_0000090,train,4,2,2,1.0
sod_avg_train_0000091,train,4,2,2,1.0
sod_avg_train_0000092,train,4,2,2,1.0
sod_avg_train_0000093,train,4,2,2,1.0
sod_avg_train_0000094,train,4,2,2,1.0
sod_avg_train_0000095,train,4,2,2,1.0
sod_avg_train_0000096,train,4,2,2,1.0
sod_avg_train_0000097,train,4,2,2,1.0
sod_avg_train_0000098,train,4,2,2,1.0
sod_avg_train_0000099,train,4,2,2,1.0
sod_avg_train_0000100,train,4,2,2,1.0
sod_avg_train_0000101,train,4,2,2,1.0
sod_avg_train_0000102,train,4,2,2,1.0
sod_avg_train_0000103,train,4,2,2,1.0
sod_avg_train_0000104,train,4,2,2,1.0
sod_avg_train_0000105,train,4,2,2,1.0
sod_avg_train_0000106,train,4,2,2,1.0
sod_avg_train_0000107,train,4,2,2,1.0
sod_avg_train_0000108,train,4,2,2,1.0
sod_avg_train_0000109,train,4,2,2,1.0
sod_avg_train_0000110,train,4,2,2,1.0
sod_avg_train_0000111,train,4,2,2,1.0
sod_avg_train_0000112,train,4,2,2,1.0
sod_avg_train_0000113,train,4,2,2,1.0
sod_avg_train_0000114,train,4,2,2,1.0
sod_avg_train_0000115,train,4,2,2,1.0
sod_avg_train_0000116,train,4,2,2,1.0
sod_avg_train_0000117,train,4,2,2,1.0
sod_avg_train_0000118,train,4,2,2,1.0
sod_avg_train_0000119,train,4,2,2,1.0
sod_avg_train_0000120,train,4,2,2,1.0
sod_avg_train_0000121,train,4,2,2,1.0
sod_avg_train_0000122,train,4,2,2,1.0
sod_avg_train_0000123,train,4,2,2,1.0
sod_avg_train_0000124,train,4,2,2,1.0
sod_avg_train_0000125,train,4,2,2,1.0
sod_avg_train_0000126,train,4,2,2,1.0
sod_avg_train_0000127,train,4,2,2,1.0
sod_avg_train_0000128,train,4,2,2,1.0
sod_avg_train_0000129,train,4,2,2,1.0
sod_avg_train_0000130,train,4,2,2,1.0
sod_avg_train_0000131,train,4,3,3,1.0
sod_avg_train_0000132,train,4,3,3,1.0
sod_avg_train_0000133,train,4,3,3,1.0
sod_avg_train_0000134,train,4,3,3,1.0
sod_avg_train_0000135,train,4,3,3,1.0
sod_avg_train_0000136,train,4,3,3,1.0
sod_avg_train_0000137,train,4,3,3,1.0
sod_avg_train_0000138,train,4,3,3,1.0
sod_avg_train_0000139,train,4,3,3,1.0
sod_avg_train_0000140,train,4,3,3,1.0
sod_avg_train_0000141,train,4,3,3,1.0
sod_avg_train_0000142,train,4,3,3,1.0
sod_avg_train_0000143,train,4,3,3,1.0
sod_avg_train_0000144,train,4,3,3,1.0
sod_avg_train_0000145,train,4,3,3,1.0
sod_avg_train_0000146,train,4,3,3,1.0
sod_avg_train_0000147,train,4,3,3,1.0
sod_avg_train_0000148,train,4,3,3,1.0
sod_avg_train_0000149,train,4,3,3,1.0
sod_avg_train_0000150,train,4,3,3,1.0
sod_avg_train_0000151,train,4,3,3,1.0
sod_avg_train_0000152,train,4,3,3,1.0
sod_avg_train_0000153,train,4,3,3,1.0
sod_avg_train_0000154,train,4,3,3,1.0
sod_avg_train_0000155,train,4,3,3,1.0
sod_avg_train_0000156,train,4,3,3,1.0
sod_avg_train_0000157,train,4,3,3,1.0
sod_avg_train_0000158,train,4,3,3,1.0
sod_avg_train_0000159,train,4,3,3,1.0
sod_avg_train_0000160,train,4,3,3,1.0
sod_avg_train_0000161,train,4,3,3,1.0
sod_avg_train_0000162,train,4,3,3,1.0
sod_avg_train_0000163,train,4,3,3,1.0
sod_avg_train_0000164,train,4,3,3,1.0
sod_avg_train_0000165,train,4,3,3,1.0
sod_avg_train_0000166,train,4,3,3,1.0
sod_avg_train_0000167,train,4,3,3,1.0
sod_avg_train_0000168,train,4,3,3,1.0
sod_avg_train_0000169,train,4,3,3,1.0
sod_avg_train_0000170,train,4,3,3,1.0
sod_avg_train_0000171,train,4,3,3,1.0
sod_avg_train_0000172,train,4,3,3,1.0
sod_avg_train_0000173,train,4,3,3,1.0
sod_avg_train_0000174,train,4,3,3,1.0
sod_avg_train_0000175,train,4,3,3,1.0
sod_avg_train_0000176,train,4,3,3,1.0
sod_avg_train_0000177,train,4,3,3,1.0
sod_avg_train_0000178,train,4,3,3,1.0
sod_avg_train_0000179,train,4,3,3,1.0
sod_avg_train_0000180,train,4,3,3,1.0
sod_avg_train_0000181,train,4,3,3,1.0
sod_avg_train_0000182,train,4,3,3,1.0
sod_avg_train_0000183,train,4,3,3,1.0
sod_avg_train_0000184,train,4,3,3,1.0
sod_avg_train_0000185,train,4,3,3,1.0
sod_avg_train_0000186,train,4,3,3,1.0
sod_avg_train_0000187,train,4,3,3,1.0
sod_avg_train_0000188,train,4,3,3,1.0
sod_avg_train_0000189,train,4,3,3,1.0
sod_avg_train_0000190,train,4,3,3,1.0
sod_avg_train_0000191,train,4,3,3,1.0
sod_avg_train_0000192,train,4,3,3,1.0
sod_avg_train_0000193,train,4,3,3,1.0
sod_avg_train_0000194,train,4,3,3,1.0
sod_avg_train_0000195,train,4,3,3,1.0
sod_avg_train_0000196,train,4,3,3,1.0
sod_avg_train_0000197,train,4,3,3,1.0
sod_avg_train_0000198,train,4,3,3,1.0
sod_avg_train_0000199,train,4,3,3,1.0
sod_avg_train_0000200,train,4,3,3,1.0
sod_avg_train_0000201,train,4,3,3,1.0
sod_avg_train_0000202,train,4,3,3,1.0
sod_avg_train_0000203,train,4,3,3,1.0
sod_avg_train_0000204,train,4,3,3,1.0
sod_avg_train_0000205,train,4,3,3,1.0
sod_avg_train_0000206,train,4,3,3,1.0
sod_avg_train_0000207,train,4,3,3,1.0
sod_avg_train_0000208,train,4,3,3,1.0
sod_avg_train_0000209,train,4,3,3,1.0
sod_avg_train_0000210,train,4,3,3,1.0
sod_avg_train_0000211,train,4,3,3,1.0
sod_avg_train_0000212,train,4,3,3,1.0
sod_avg_train_0000213,train,4,3,3,1.0
sod_avg_train_0000214,train,4,3,3,1.0
sod_avg_train_0000215,train,4,3,3,1.0
sod_avg_train_0000216,train,4,3,3,1.0
sod_avg_train_0000217,train,4,3,3,1.0
sod_avg_train_0000218,train,4,3,3,1.0
sod_avg_train_0000219,train,4,3,3,1.0
sod_avg_train_0000220,train,4,3,3,1.0
sod_avg_train_0000221,train,4,3,3,1.0
sod_avg_train_0000222,train,4,3,3,1.0
sod_avg_train_0000223,train,4,3,3,1.0
sod_avg_train_0000224,train,4,3,3,1.0
sod_avg_train_0000225,train,4,3,3,1.0
sod_avg_train_0000226,train,4,3,3,1.0
sod_avg_train_0000227,train,4,3,3,1.0
sod_avg_train_0000228,train,4,3,3,1.0
sod_avg_train_0000229,train,4,3,3,1.0
sod_avg_train_0000230,train,4,3,3,1.0
sod_avg_train_0000231,train,4,3,3,1.0
sod_avg_train_0000232,train,4,3,3,1.0
sod_avg_train_0000233,train,4,3,3,1.0
sod_avg_train_0000234,train,4,3,3,1.0
sod_avg_train_0000235,train,4,1,1,1.0
sod_avg_train_0000236,train,4,1,1,1.0
sod_avg_train_0000237,train,4,1,1,1.0
sod_avg_train_0000238,train,4,1,1,1.0
sod_avg_train_0000239,train,4,1,1,1.0
sod_avg_train_0000240,train,4,1,1,1.0
sod_avg_train_0000241,train,4,1,1,1.0
sod_avg_train_0000242,train,4,1,1,1.0
sod_avg_train_0000243,train,4,1,1,1.0
sod_avg_train_0000244,train,4,1,1,1.0
sod_avg_train_0000245,train,4,1,1,1.0
sod_avg_train_0000246,train,4,1,1,1.0
sod_avg_train_0000247,train,4,1,1,1.0
sod_avg_train_0000248,train,4,1,1,1.0
sod_avg_train_0000249,train,4,1,1,1.0
sod_avg_train_0000250,train,4,1,1,1.0
sod_avg_train_0000251,train,4,1,1,1.0
sod_avg_train_0000252,train,4,1,1,1.0
sod_avg_train_0000253,train,4,1,1,1.0
sod_avg_train_0000254,train,4,1,1,1.0
sod_avg_train_0000255,train,4,1,1,1.0
sod_avg_train_0000256,train,4,1,1,1.0
sod_avg_train_0000257,train,4,1,1,1.0
sod_avg_train_0000258,train,4,1,1,1.0
sod_avg_train_0000259,train,4,1,1,1.0
sod_avg_train_0000260,train,4,1,1,1.0
sod_avg_train_0000261,train,4,1,1,1.0
sod_avg_train_0000262,train,4,1,1,1.0
sod_avg_train_0000263,train,4,1,1,1.0
sod_avg_train_0000264,train,4,1,1,1.0
sod_avg_train_0000265,train,4,1,1,1.0
sod_avg_train_0000266,train,4,1,1,1.0
sod_avg_train_0000267,train,4,1,1,1.0
sod_avg_train_0000268,train,4,1,1,1.0
sod_avg_train_0000269,train,4,1,1,1.0
sod_avg_train_0000270,train,4,1,1,1.0
sod_avg_train_0000271,train,4,1,1,1.0
sod_avg_train_0000272,train,4,1,1,1.0
sod_avg_train_0000273,train,4,1,1,1.0
sod_avg_train_0000274,train,4,1,1,1.0
sod_avg_train_0000275,train,4,1,1,1.0
sod_avg_train_0000276,train,4,1,1,1.0
sod_avg_train_0000277,train,4,1,1,1.0
sod_avg_train_0000278,train,4,1,1,1.0
sod_avg_train_0000279,train,4,1,1,1.0
sod_avg_train_0000280,train,4,1,1,1.0
sod_avg_train_0000281,train,4,1,1,1.0
sod_avg_train_0000282,train,4,1,1,1.0
sod_avg_train_0000283,train,4,1,1,1.0
sod_avg_train_0000284,train,4,1,1,1.0
sod_avg_train_0000285,train,4,1,1,1.0
sod_avg_train_0000286,train,4,1,1,1.0
sod_avg_train_0000287,train,4,1,1,1.0
sod_avg_train_0000288,train,4,1,1,1.0
sod_avg_train_0000289,train,4,1,1,1.0
sod_avg_train_0000290,train,4,1,1,1.0
sod_avg_train_0000291,train,4,1,1,1.0
sod_avg_train_0000292,train,4,1,1,1.0
sod_avg_train_0000293,train,4,1,1,1.0
sod_avg_train_0000294,train,4,1,1,1.0
sod_avg_train_0000295,train,4,1,1,1.0
sod_avg_train_0000296,train,4,1,1,1.0
sod_avg_train_0000297,train,4,1,1,1.0
sod_avg_train_0000298,train,4,1,1,1.0
sod_avg_train_0000299,train,4,1,1,1.0
sod_avg_train_0000300,train,4,1,1,1.0
sod_avg_train_0000301,train,4,1,1,1.0
sod_avg_train_0000302,train,4,1,1,1.0
sod_avg_train_0000303,train,4,1,1,1.0
sod_avg_train_0000304,train,4,1,1,1.0
sod_avg_train_0000305,train,4,1,1,1.0
sod_avg_train_0000306,train,4,1,1,1.0
sod_avg_train_0000307,train,4,1,1,1.0
sod_avg_train_0000308,train,4,1,1,1.0
sod_avg_train_0000309,train,4,1,1,1.0
sod_avg_train_0000310,train,4,1,1,1.0
sod_avg_train_0000311,train,4,1,1,1.0
sod_avg_train_0000312,train,4,1,1,1.0
sod_avg_train_0000313,train,4,1,1,1.0
sod_avg_train_0000314,train,4,1,1,1.0
sod_avg_train_0000315,train,4,1,1,1.0
sod_avg_train_0000316,train,4,1,1,1.0
sod_avg_train_0000317,train,4,1,1,1.0
sod_avg_train_0000318,train,4,1,1,1.0
sod_avg_train_0000319,train,4,1,1,1.0
sod_avg_train_0000320,train,4,1,1,1.0
sod_avg_train_0000321,train,4,1,1,1.0
sod_avg_val_0000000,val,4,0,0,0.9798029411764706
sod_avg_val_0000001,val,4,0,0,0.9738475836431226
sod_avg_val_0000002,val,4,0,0,0.9952671755725191
sod_avg_val_0000003,val,4,0,0,0.9763033775263935
sod_avg_val_0000004,val,4,0,0,0.9833642895406456
sod_avg_val_0000005,val,4,0,0,0.9863211525530989
sod_avg_val_0000006,val,4,0,0,0.9746119382327225
sod_avg_val_0000007,val,4,0,0,0.9603982428250588
sod_avg_val_0000008,val,4,0,0,0.9585128715815617
sod_avg_val_0000009,val,4,0,0,0.8584656780361388
sod_avg_val_0000010,val,4,0,0,0.9586426789386391
sod_avg_val_0000011,val,4,0,0,0.7741731040420758
sod_avg_val_0000012,val,4,2,2,0.9290901189017117
sod_avg_val_0000013,val,4,2,2,0.8692013948121745
sod_avg_val_0000014,val,4,2,2,0.7394741093139455
sod_avg_val_0000015,val,4,2,2,0.861665376259037
sod_avg_val_0000016,val,4,2,2,0.9747356803406124
sod_avg_val_0000017,val,4,2,2,0.9802106346116526
sod_avg_val_0000018,val,4,2,2,0.9965429741738405
sod_avg_val_0000019,val,4,2,2,0.9973664122137404
sod_avg_val_0000020,val,4,2,2,0.9964565826330533
sod_avg_val_0000021,val,4,2,2,0.9203542251936324
sod_avg_val_0000022,val,4,2,2,0.9348085253772547
sod_avg_val_0000023,val,4,2,2,0.9876635659481573
sod_avg_val_0000024,val,4,3,2,0.5110495971836176
sod_avg_val_0000025,val,4,3,2,0.491176691291007
sod_avg_val_0000026,val,4,3,3,0.9749039157771712
sod_avg_val_0000027,val,4,3,3,0.9978512396694215
sod_avg_val_0000028,val,4,3,3,0.9981294964028777
sod_avg_val_0000029,val,4,3,3,0.9939884393063584
sod_avg_val_0000030,val,4,3,3,0.9962589928057554
sod_avg_val_0000031,val,4,3,3,0.9981294964028777
sod_avg_val_0000032,val,4,3,3,0.9981294964028777
sod_avg_val_0000033,val,4,3,3,0.9881264626852735
sod_avg_val_0000034,val,4,3,3,0.995
sod_avg_val_0000035,val,4,3,3,0.995
sod_avg_val_0000036,val,4,3,3,0.9827335690769418
sod_avg_val_0000037,val,4,3,3,0.9165528917561688
sod_avg_val_0000038,val,4,3,3,0.8030185091721084
sod_avg_val_0000039,val,4,3,3,0.6473290392486907
sod_avg_val_0000040,val,4,3,3,0.553816257153501
sod_avg_val_0000041,val,4,1,3,0.5017727694552928
sod_avg_val_0000042,val,4,3,1,0.6010352371197956
sod_avg_val_0000043,val,4,1,1,0.7670166869920615
sod_avg_val_0000044,val,4,1,1,0.9012278039158101
sod_avg_val_0000045,val,4,1,1,0.9816929629958292
sod_avg_val_0000046,val,4,1,1,1.0
sod_avg_val_0000047,val,4,1,1,0.9977225130890052
sod_avg_val_0000048,val,4,1,1,1.0
sod_avg_val_0000049,val,4,1,1,1.0
sod_avg_val_0000050,val,4,1,1,1.0
sod_avg_val_0000051,val,4,1,1,1.0
sod_avg_val_0000052,val,4,1,1,1.0
sod_avg_val_0000053,val,4,1,1,1.0
sod_avg_val_0000054,val,4,1,1,0.993644859813084
sod_avg_val_0000055,val,4,1,1,0.9989097744360902
sod_avg_val_0000056,val,4,1,1,1.0
sod_avg_test_0000000,test,4,0,0,0.9492604963854423
sod_avg_test_0000001,test,4,0,0,0.9345953268205739
sod_avg_test_0000002,test,4,0,0,1.0
sod_avg_test_0000003,test,4,0,0,0.9409451731250098
sod_avg_test_0000004,test,4,0,0,0.9395732056457448
sod_avg_test_0000005,test,4,0,0,1.0
sod_avg_test_0000006,test,4,0,0,0.9259390233905731
sod_avg_test_0000007,test,4,0,0,0.9876335877862595
sod_avg_test_0000008,test,4,0,0,0.9477600054983101
sod_avg_test_0000009,test,4,0,0,0.9724800322860788
sod_avg_test_0000010,test,4,0,0,0.8935617627311245
sod_avg_test_0000011,test,4,0,0,0.9045306058731037
sod_avg_test_0000012,test,4,0,0,0.7805793656498646
sod_avg_test_0000013,test,4,0,0,0.7877107793561978
sod_avg_test_0000014,test,4,0,0,0.8525962334739705
sod_avg_test_0000015,test,4,0,0,0.519183425561351
sod_avg_test_0000016,test,4,0,0,0.7093585636485282
sod_avg_test_0000017,test,4,2,2,0.5191132533277067
sod_avg_test_0000018,test,4,2,2,0.7561646443544354
sod_avg_test_0000019,test,4,2,2,0.7245986143623206
sod_avg_test_0000020,test,4,2,2,0.8067689090777037
sod_avg_test_0000021,test,4,2,2,0.867271178553515
sod_avg_test_0000022,test,4,2,2,0.8184378145830427
sod_avg_test_0000023,test,4,2,2,0.8202301545156111
sod_avg_test_0000024,test,4,2,2,0.9347753224773286
sod_avg_test_0000025,test,4,2,2,0.9414470053324167
sod_avg_test_0000026,test,4,2,2,0.9451535694374213
sod_avg_test_0000027,test,4,2,2,0.9687431481964337
sod_avg_test_0000028,test,4,2,2,0.9851545406773993
sod_avg_test_0000029,test,4,2,2,0.9640635939901776
sod_avg_test_0000030,test,4,2,2,0.8919151678563755
sod_avg_test_0000031,test,4,2,2,0.9564639212550632
sod_avg_test_0000032,test,4,1,1,1.0
sod_avg_test_0000033,test,4,2,2,0.9228520216767019
sod_avg_test_0000034,test,4,1,1,1.0
sod_avg_test_0000035,test,4,2,2,0.9534612204397765
sod_avg_test_0000036,test,4,1,1,0.94
sod_avg_test_0000037,test,4,2,2,0.9340509343608037
sod_avg_test_0000038,test,4,1,1,1.0
sod_avg_test_0000039,test,4,2,2,0.7461152551891232
sod_avg_test_0000040,test,4,1,1,1.0
sod_avg_test_0000041,test,4,2,2,0.7244496639596913
sod_avg_test_0000042,test,4,1,1,1.0
sod_avg_test_0000043,test,4,3,2,0.7963231892332086
sod_avg_test_0000044,test,4,1,1,1.0
sod_avg_test_0000045,test,4,3,3,0.81299013388299
sod_avg_test_0000046,test,4,1,1,0.9877225130890053
sod_avg_test_0000047,test,4,3,3,0.8754424294078889
sod_avg_test_0000048,test,4,1,1,1.0
sod_avg_test_0000049,test,4,3,3,0.9599085313501106
sod_avg_test_0000050,test,4,1,1,0.970037834790701
sod_avg_test_0000051,test,4,3,3,0.9344047410048062
sod_avg_test_0000052,test,4,3,3,0.9449159667863419
sod_avg_test_0000053,test,4,1,1,1.0
sod_avg_test_0000054,test,4,3,3,0.9220160172776637
sod_avg_test_0000055,test,4,1,1,1.0
sod_avg_test_0000056,test,4,3,3,0.995123716056057
sod_avg_test_0000057,test,4,1,1,0.9820994346816402
sod_avg_test_0000058,test,4,3,3,0.995
sod_avg_test_0000059,test,4,1,1,0.9970805369127517
sod_avg_test_0000060,test,4,3,3,0.9905479386614436
sod_avg_test_0000061,test,4,1,1,1.0
sod_avg_test_0000062,test,4,3,3,0.9891171658867748
sod_avg_test_0000063,test,4,1,1,0.9945930166861275
sod_avg_test_0000064,test,4,3,3,0.9986315789473684
sod_avg_test_0000065,test,4,1,1,0.9977225130890052
sod_avg_test_0000066,test,4,3,3,0.9962589928057554
sod_avg_test_0000067,test,4,1,1,0.9977225130890052
sod_avg_test_0000068,test,4,3,3,0.991867469879518
sod_avg_test_0000069,test,4,3,3,0.5568299074461084
sod_avg_test_0000070,test,4,3,3,0.9019593299397151
sod_avg_test_0000071,test,4,3,3,0.8544037377766238
sod_avg_test_0000072,test,4,3,3,0.7751933889280285
sod_avg_test_0000073,test,4,3,3,0.5235207546830773
sod_avg_test_0000074,test,4,3,1,0.5838308214738173
sod_avg_test_0000075,test,4,1,1,0.5039215830129173
sod_avg_test_0000076,test,4,1,1,0.685656944830817
sod_avg_test_0000077,test,4,1,1,0.7496276923277396
sod_avg_test_0000078,test,4,1,1,0.9056032580626422
sod_avg_test_0000079,test,4,1,1,0.978970449906824
sod_avg_test_0000080,test,4,3,3,0.9823497913147885
sod_avg_test_0000081,test,4,3,3,0.9922774869109948
sod_avg_test_0000082,test,4,3,3,0.9358559091858766
sod_avg_test_0000083,test,4,3,3,0.9723860372388741
sod_avg_test_0000084,test,4,3,3,0.8411733573772413
sod_avg_test_0000085,test,4,3,3,0.7993858128797404
sod_avg_train_0000000,train,5,4,4,1.0
sod_avg_train_0000001,train,5,4,4,1.0
sod_avg_train_0000002,train,5,4,4,1.0
sod_avg_train_0000003,train,5,4,4,1.0
sod_avg_train_0000004,train,5,4,4,1.0
sod_avg_train_0000005,train,5,4,4,1.0
sod_avg_train_0000006,train,5,4,4,1.0
sod_avg_train_0000007,train,5,4,4,1.0
sod_avg_train_0000008,train,5,4,4,1.0
sod_avg_train_0000009,train,5,4,4,1.0
sod_avg_train_0000010,train,5,4,4,1.0
sod_avg_train_0000011,train,5,4,4,1.0
sod_avg_train_0000012,train,5,4,4,1.0
sod_avg_train_0000013,train,5,4,4,1.0
sod_avg_train_0000014,train,5,4,4,1.0
sod_avg_train_0000015,train,5,4,4,1.0
sod_avg_train_0000016,train,5,4,4,1.0
sod_avg_train_0000017,train,5,4,4,1.0
sod_avg_train_0000018,train,5,4,4,1.0
sod_avg_train_0000019,train,5,4,4,1.0
sod_avg_train_0000020,train,5,4,4,1.0
sod_avg_train_0000021,train,5,4,4,1.0
sod_avg_train_0000022,train,5,4,4,1.0
sod_avg_train_0000023,train,5,4,4,1.0
sod_avg_train_0000024,train,5,4,4,1.0
sod_avg_train_0000025,train,5,4,4,1.0
sod_avg_train_0000026,train,5,4,4,1.0
sod_avg_train_0000027,train,5,4,4,1.0
sod_avg_train_0000028,train,5,4,4,1.0
sod_avg_train_0000029,train,5,4,4,1.0
sod_avg_train_0000030,train,5,4,4,1.0
sod_avg_train_0000031,train,5,4,4,1.0
sod_avg_train_0000032,train,5,4,4,1.0
sod_avg_train_0000033,train,5,4,4,1.0
sod_avg_train_0000034,train,5,4,4,1.0
sod_avg_train_0000035,train,5,4,4,1.0
sod_avg_train_0000036,train,5,4,4,1.0
sod_avg_train_0000037,train,5,4,4,1.0
sod_avg_train_0000038,train,5,4,4,1.0
sod_avg_train_0000039,train,5,4,4,1.0
sod_avg_train_0000040,train,5,4,4,1.0
sod_avg_train_0000041,train,5,4,4,1.0
sod_avg_train_0000042,train,5,4,4,1.0
sod_avg_train_0000043,train,5,4,4,1.0
sod_avg_train_0000044,train,5,4,4,1.0
sod_avg_train_0000045,train,5,4,4,1.0
sod_avg_train_0000046,train,5,4,4,1.0
sod_avg_train_0000047,train,5,4,4,1.0
sod_avg_train_0000048,train,5,4,4,1.0
sod_avg_train_0000049,train,5,4,4,1.0
sod_avg_train_0000050,train,5,4,4,1.0
sod_avg_train_0000051,train,5,0,0,1.0
sod_avg_train_0000052,train,5,0,0,1.0
sod_avg_train_0000053,train,5,0,0,1.0
sod_avg_train_0000054,train,5,0,0,1.0
sod_avg_train_0000055,train,5,0,0,1.0
sod_avg_train_0000056,train,5,0,0,1.0
sod_avg_train_0000057,train,5,0,0,1.0
sod_avg_train_0000058,train,5,0,0,1.0
sod_avg_train_0000059,train,5,0,0,1.0
sod_avg_train_0000060,train,5,0,0,1.0
sod_avg_train_0000061,train,5,0,0,1.0
sod_avg_train_0000062,train,5,0,0,1.0
sod_avg_train_0000063,train,5,0,0,1.0
sod_avg_train_0000064,train,5,0,0,1.0
sod_avg_train_0000065,train,5,0,0,1.0
sod_avg_train_0000066,train,5,0,0,1.0
sod_avg_train_0000067,train,5,0,0,1.0
sod_avg_train_0000068,train,5,0,0,1.0
sod_avg_train_0000069,train,5,0,0,1.0
sod_avg_train_0000070,train,5,0,0,1.0
sod_avg_train_0000071,train,5,0,0,1.0
sod_avg_train_0000072,train,5,0,0,1.0
sod_avg_train_0000073,train,5,0,0,1.0
sod_avg_train_0000074,train,5,0,0,1.0
sod_avg_train_0000075,train,5,0,0,1.0
sod_avg_train_0000076,train,5,0,0,1.0
sod_avg_train_0000077,train,5,0,0,1.0
sod_avg_train_0000078,train,5,0,0,1.0
sod_avg_train_0000079,train,5,0,0,1.0
sod_avg_train_0000080,train,5,0,0,1.0
sod_avg_train_0000081,train,5,0,0,1.0
sod_avg_train_0000082,train,5,0,0,1.0
sod_avg_train_0000083,train,5,0,0,1.0
sod_avg_train_0000084,train,5,0,0,1.0
sod_avg_train_0000085,train,5,0,0,1.0
sod_avg_train_0000086,train,5,0,0,1.0
sod_avg_train_0000087,train,5,0,0,1.0
sod_avg_train_0000088,train,5,0,0,1.0
sod_avg_train_0000089,train,5,0,0,1.0
sod_avg_train_0000090,train,5,0,0,1.0
sod_avg_train_0000091,train,5,0,0,1.0
sod_avg_train_0000092,train,5,0,0,1.0
sod_avg_train_0000093,train,5,0,0,1.0
sod_avg_train_0000094,train,5,0,0,1.0
sod_avg_train_0000095,train,5,0,0,1.0
sod_avg_train_0000096,train,5,0,0,1.0
sod_avg_train_0000097,train,5,0,0,1.0
sod_avg_train_0000098,train,5,0,0,1.0
sod_avg_train_0000099,train,5,0,0,1.0
sod_avg_train_0000100,train,5,0,0,1.0
sod_avg_train_0000101,train,5,0,0,1.0
sod_avg_train_0000102,train,5,0,0,1.0
sod_avg_train_0000103,train,5,0,0,1.0
sod_avg_train_0000104,train,5,0,0,1.0
sod_avg_train_0000105,train,5,0,0,1.0
sod_avg_train_0000106,train,5,0,0,1.0
sod_avg_train_0000107,train,5,0,0,1.0
sod_avg_train_0000108,train,5,0,0,1.0
sod_avg_train_0000109,train,5,3,3,1.0
sod_avg_train_0000110,train,5,3,3,1.0
sod_avg_train_0000111,train,5,3,3,1.0
sod_avg_train_0000112,train,5,3,3,1.0
sod_avg_train_0000113,train,5,3,3,1.0
sod_avg_train_0000114,train,5,3,3,1.0
sod_avg_train_0000115,train,5,3,3,1.0
sod_avg_train_0000116,train,5,3,3,1.0
sod_avg_train_0000117,train,5,3,3,1.0
sod_avg_train_0000118,train,5,3,3,1.0
sod_avg_train_0000119,train,5,3,3,1.0
sod_avg_train_0000120,train,5,3,3,1.0
sod_avg_train_0000121,train,5,3,3,1.0
sod_avg_train_0000122,train,5,3,3,1.0
sod_avg_train_0000123,train,5,3,3,1.0
sod_avg_train_0000124,train,5,3,3,1.0
sod_avg_train_0000125,train,5,3,3,1.0
sod_avg_train_0000126,train,5,3,3,1.0
sod_avg_train_0000127,train,5,3,3,1.0
sod_avg_train_0000128,train,5,3,3,1.0
sod_avg_train_0000129,train,5,3,3,1.0
sod_avg_train_0000130,train,5,3,3,1.0
sod_avg_train_0000131,train,5,3,3,1.0
sod_avg_train_0000132,train,5,3,3,1.0
sod_avg_train_0000133,train,5,3,3,1.0
sod_avg_train_0000134,train,5,3,3,1.0
sod_avg_train_0000135,train,5,3,3,1.0
sod_avg_train_0000136,train,5,3,3,1.0
sod_avg_train_0000137,train,5,3,3,1.0
sod_avg_train_0000138,train,5,3,3,1.0
sod_avg_train_0000139,train,5,3,3,1.0
sod_avg_train_0000140,train,5,3,3,1.0
sod_avg_train_0000141,train,5,3,3,1.0
sod_avg_train_0000142,train,5,3,3,1.0
sod_avg_train_0000143,train,5,3,3,1.0
sod_avg_train_0000144,train,5,3,3,1.0
sod_avg_train_0000145,train,5,3,3,1.0
sod_avg_train_0000146,train,5,3,3,1.0
sod_avg_train_0000147,train,5,3,3,1.0
sod_avg_train_0000148,train,5,3,3,1.0
sod_avg_train_0000149,train,5,3,3,1.0
sod_avg_train_0000150,train,5,3,3,1.0
sod_avg_train_0000151,train,5,3,3,1.0
sod_avg_train_0000152,train,5,3,3,1.0
sod_avg_train_0000153,train,5,3,3,1.0
sod_avg_train_0000154,train,5,3,3,1.0
sod_avg_train_0000155,train,5,3,3,1.0
sod_avg_train_0000156,train,5,3,3,1.0
sod_avg_train_0000157,train,5,3,3,1.0
sod_avg_train_0000158,train,5,1,1,1.0
sod_avg_train_0000159,train,5,1,1,1.0
sod_avg_train_0000160,train,5,1,1,1.0
sod_avg_train_0000161,train,5,1,1,1.0
sod_avg_train_0000162,train,5,1,1,1.0
sod_avg_train_0000163,train,5,1,1,1.0
sod_avg_train_0000164,train,5,1,1,1.0
sod_avg_train_0000165,train,5,1,1,1.0
sod_avg_train_0000166,train,5,1,1,1.0
sod_avg_train_0000167,train,5,1,1,1.0
sod_avg_train_0000168,train,5,1,1,1.0
sod_avg_train_0000169,train,5,1,1,1.0
sod_avg_train_0000170,train,5,1,1,1.0
sod_avg_train_0000171,train,5,1,1,1.0
sod_avg_train_0000172,train,5,1,1,1.0
sod_avg_train_0000173,train,5,1,1,1.0
sod_avg_train_0000174,train,5,1,1,1.0
sod_avg_train_0000175,train,5,1,1,1.0
sod_avg_train_0000176,train,5,1,1,1.0
sod_avg_train_0000177,train,5,1,1,1.0
sod_avg_train_0000178,train,5,1,1,1.0
sod_avg_train_0000179,train,5,1,1,1.0
sod_avg_train_0000180,train,5,1,1,1.0
sod_avg_train_0000181,train,5,1,1,1.0
sod_avg_train_0000182,train,5,1,1,1.0
sod_avg_train_0000183,train,5,1,1,1.0
sod_avg_train_0000184,train,5,1,1,1.0
sod_avg_train_0000185,train,5,1,1,1.0
sod_avg_train_0000186,train,5,1,1,1.0
sod_avg_train_0000187,train,5,1,1,1.0
sod_avg_train_0000188,train,5,1,1,1.0
sod_avg_train_0000189,train,5,1,1,1.0
sod_avg_train_0000190,train,5,1,1,1.0
sod_avg_train_0000191,train,5,1,1,1.0
sod_avg_train_0000192,train,5,1,1,1.0
sod_avg_train_0000193,train,5,1,1,1.0
sod_avg_train_0000194,train,5,1,1,1.0
sod_avg_train_0000195,train,5,1,1,1.0
sod_avg_train_0000196,train,5,1,1,1.0
sod_avg_train_0000197,train,5,1,1,1.0
sod_avg_train_0000198,train,5,1,1,1.0
sod_avg_train_0000199,train,5,1,1,1.0
sod_avg_train_0000200,train,5,1,1,1.0
sod_avg_train_0000201,train,5,1,1,1.0
sod_avg_train_0000202,train,5,1,1,1.0
sod_avg_train_0000203,train,5,1,1,1.0
sod_avg_train_0000204,train,5,1,1,1.0
sod_avg_train_0000205,train,5,1,1,1.0
sod_avg_train_0000206,train,5,1,1,1.0
sod_avg_train_0000207,train,5,1,1,1.0
sod_avg_train_0000208,train,5,1,1,1.0
sod_avg_train_0000209,train,5,1,1,1.0
sod_avg_train_0000210,train,5,1,1,1.0
sod_avg_train_0000211,train,5,1,1,1.0
sod_avg_train_0000212,train,5,1,1,1.0
sod_avg_train_0000213,train,5,1,1,1.0
sod_avg_train_0000214,train,5,1,1,1.0
sod_avg_train_0000215,train,5,1,1,1.0
sod_avg_train_0000216,train,5,1,1,1.0
sod_avg_train_0000217,train,5,1,1,1.0
sod_avg_train_0000218,train,5,1,1,1.0
sod_avg_train_0000219,train,5,1,1,1.0
sod_avg_train_0000220,train,5,1,1,1.0
sod_avg_train_0000221,train,5,1,1,1.0
sod_avg_train_0000222,train,5,1,1,1.0
sod_avg_train_0000223,train,5,1,1,1.0
sod_avg_train_0000224,train,5,1,1,1.0
sod_avg_train_0000225,train,5,1,1,1.0
sod_avg_train_0000226,train,5,1,1,1.0
sod_avg_train_0000227,train,5,1,1,1.0
sod_avg_train_0000228,train,5,1,1,1.0
sod_avg_train_0000229,train,5,1,1,1.0
sod_avg_train_0000230,train,5,1,1,1.0
sod_avg_train_0000231,train,5,1,1,1.0
sod_avg_train_0000232,train,5,1,1,1.0
sod_avg_train_0000233,train,5,1,1,1.0
sod_avg_train_0000234,train,5,1,1,1.0
sod_avg_train_0000235,train,5,1,1,1.0
sod_avg_train_0000236,train,5,1,1,1.0
sod_avg_train_0000237,train,5,1,1,1.0
sod_avg_train_0000238,train,5,2,2,1.0
sod_avg_train_0000239,train,5,1,1,1.0
sod_avg_train_0000240,train,5,2,2,1.0
sod_avg_train_0000241,train,5,2,2,1.0
sod_avg_train_0000242,train,5,2,2,1.0
sod_avg_train_0000243,train,5,2,2,1.0
sod_avg_train_0000244,train,5,2,2,1.0
sod_avg_train_0000245,train,5,2,2,1.0
sod_avg_train_0000246,train,5,2,2,1.0
sod_avg_train_0000247,train,5,2,2,1.0
sod_avg_train_0000248,train,5,2,2,1.0
sod_avg_train_0000249,train,5,2,2,1.0
sod_avg_train_0000250,train,5,2,2,1.0
sod_avg_train_0000251,train,5,2,2,1.0
sod_avg_train_0000252,train,5,2,2,1.0
sod_avg_train_0000253,train,5,2,2,1.0
sod_avg_train_0000254,train,5,2,2,1.0
sod_avg_train_0000255,train,5,2,2,1.0
sod_avg_train_0000256,train,5,2,2,1.0
sod_avg_train_0000257,train,5,2,2,1.0
sod_avg_train_0000258,train,5,2,2,1.0
sod_avg_train_0000259,train,5,2,2,1.0
sod_avg_train_0000260,train,5,2,2,1.0
sod_avg_train_0000261,train,5,2,2,1.0
sod_avg_train_0000262,train,5,2,2,1.0
sod_avg_train_0000263,train,5,2,2,1.0
sod_avg_train_0000264,train,5,2,2,1.0
sod_avg_train_0000265,train,5,2,2,1.0
sod_avg_train_0000266,train,5,2,2,1.0
sod_avg_train_0000267,train,5,2,2,1.0
sod_avg_train_0000268,train,5,2,2,1.0
sod_avg_train_0000269,train,5,2,2,1.0
sod_avg_train_0000270,train,5,2,2,1.0
sod_avg_train_0000271,train,5,2,2,1.0
sod_avg_train_0000272,train,5,2,2,1.0
sod_avg_train_0000273,train,5,2,2,1.0
sod_avg_train_0000274,train,5,2,2,1.0
sod_avg_train_0000275,train,5,2,2,1.0
sod_avg_train_0000276,train,5,2,2,1.0
sod_avg_train_0000277,train,5,2,2,1.0
sod_avg_train_0000278,train,5,2,2,1.0
sod_avg_train_0000279,train,5,2,2,1.0
sod_avg_train_0000280,train,5,2,2,1.0
sod_avg_train_0000281,train,5,2,2,1.0
sod_avg_train_0000282,train,5,2,2,1.0
sod_avg_train_0000283,train,5,2,2,1.0
sod_avg_train_0000284,train,5,2,2,1.0
sod_avg_train_0000285,train,5,2,2,1.0
sod_avg_train_0000286,train,5,2,2,1.0
sod_avg_train_0000287,train,5,2,2,1.0
sod_avg_train_0000288,train,5,2,2,1.0
sod_avg_train_0000289,train,5,2,2,1.0
sod_avg_train_0000290,train,5,2,2,1.0
sod_avg_train_0000291,train,5,2,2,1.0
sod_avg_train_0000292,train,5,2,2,1.0
sod_avg_train_0000293,train,5,2,2,1.0
sod_avg_train_0000294,train,5,2,2,1.0
sod_avg_train_0000295,train,5,2,2,1.0
sod_avg_train_0000296,train,5,2,2,1.0
sod_avg_train_0000297,train,5,2,2,1.0
sod_avg_train_0000298,train,5,2,2,1.0
sod_avg_train_0000299,train,5,2,2,1.0
sod_avg_train_0000300,train,5,2,2,1.0
sod_avg_train_0000301,train,5,2,2,1.0
sod_avg_train_0000302,train,5,2,2,1.0
sod_avg_train_0000303,train,5,2,2,1.0
sod_avg_train_0000304,train,5,2,2,1.0
sod_avg_train_0000305,train,5,2,2,1.0
sod_avg_train_0000306,train,5,2,2,1.0
sod_avg_train_0000307,train,5,2,2,1.0
sod_avg_train_0000308,train,5,2,2,1.0
sod_avg_train_0000309,train,5,2,2,1.0
sod_avg_train_0000310,train,5,2,2,1.0
sod_avg_train_0000311,train,5,2,2,1.0
sod_avg_train_0000312,train,5,2,2,1.0
sod_avg_train_0000313,train,5,2,2,1.0
sod_avg_train_0000314,train,5,2,2,1.0
sod_avg_train_0000315,train,5,2,2,1.0
sod_avg_train_0000316,train,5,2,2,1.0
sod_avg_train_0000317,train,5,2,2,1.0
sod_avg_train_0000318,train,5,2,2,1.0
sod_avg_train_0000319,train,5,2,2,1.0
sod_avg_train_0000320,train,5,2,2,1.0
sod_avg_train_0000321,train,5,2,2,1.0
sod_avg_val_0000000,val,5,4,4,0.9892368468831889
sod_avg_val_0000001,val,5,4,4,0.9896832298136645
sod_avg_val_0000002,val,5,4,4,0.9852925828838466
sod_avg_val_0000003,val,5,4,4,0.991575614046534
sod_avg_val_0000004,val,5,4,4,0.9735557894636082
sod_avg_val_0000005,val,5,4,4,0.9803175588960441
sod_avg_val_0000006,val,5,4,4,0.887411101070382
sod_avg_val_0000007,val,5,4,4,0.8999285643524592
sod_avg_val_0000008,val,5,0,4,0.5340632532945296
sod_avg_val_0000009,val,5,0,4,0.8131248730246219
sod_avg_val_0000010,val,5,4,4,0.5829066947522308
sod_avg_val_0000011,val,5,0,0,0.9107625175529838
sod_avg_val_0000012,val,5,0,0,0.9571316903474777
sod_avg_val_0000013,val,5,0,0,0.9125534787769474
sod_avg_val_0000014,val,5,0,0,0.7772569665480756
sod_avg_val_0000015,val,5,0,0,0.8812995612023056
sod_avg_val_0000016,val,5,0,0,0.9790086942220054
sod_avg_val_0000017,val,5,0,0,0.903116728543185
sod_avg_val_0000018,val,5,0,3,0.7189496677731197
sod_avg_val_0000019,val,5,3,3,0.8369956437540602
sod_avg_val_0000020,val,5,3,3,0.9533766140314677
sod_avg_val_0000021,val,5,3,3,0.9783675433916084
sod_avg_val_0000022,val,5,3,3,0.9444249851710126
sod_avg_val_0000023,val,5,3,3,0.9751205702513589
sod_avg_val_0000024,val,5,3,3,0.9967436762855928
sod_avg_val_0000025,val,5,3,3,0.9422236528995555
sod_avg_val_0000026,val,5,3,3,0.9843494798113706
sod_avg_val_0000027,val,5,1,1,0.8723613563391401
sod_avg_val_0000028,val,5,1,1,0.9558212327151755
sod_avg_val_0000029,val,5,1,1,0.8871493436070774
sod_avg_val_0000030,val,5,1,1,0.9320542754636744
sod_avg_val_0000031,val,5,1,1,0.9415376050506272
sod_avg_val_0000032,val,5,1,1,0.9833254821984666
sod_avg_val_0000033,val,5,1,1,0.9650634266778297
sod_avg_val_0000034,val,5,1,1,0.9948237611028496
sod_avg_val_0000035,val,5,1,1,0.9990193704600485
sod_avg_val_0000036,val,5,1,1,0.9853593869540319
sod_avg_val_0000037,val,5,1,1,0.9518716567142633
sod_avg_val_0000038,val,5,1,1,0.8957169600135824
sod_avg_val_0000039,val,5,1,1,0.6710167329791661
sod_avg_val_0000040,val,5,1,1,0.6137285211562687
sod_avg_val_0000041,val,5,1,1,0.6046208940112244
sod_avg_val_0000042,val,5,1,1,0.7512895810054772
sod_avg_val_0000043,val,5,2,2,0.623738971842571
sod_avg_val_0000044,val,5,2,2,0.8860108713144024
sod_avg_val_0000045,val,5,2,2,0.9387472296503958
sod_avg_val_0000046,val,5,2,2,1.0
sod_avg_val_0000047,val,5,2,2,1.0
sod_avg_val_0000048,val,5,2,2,1.0
sod_avg_val_0000049,val,5,2,2,0.997469512195122
sod_avg_val_0000050,val,5,2,2,1.0
sod_avg_val_0000051,val,5,2,2,0.997707182320442
sod_avg_val_0000052,val,5,2,2,0.9977567567567567
sod_avg_val_0000053,val,5,2,2,1.0
sod_avg_val_0000054,val,5,2,2,1.0
sod_avg_val_0000055,val,5,2,2,0.9880072320576369
sod_avg_val_0000056,val,5,2,2,0.9983061224489796
sod_avg_test_0000000,test,5,4,4,0.907807659508576
sod_avg_test_0000001,test,5,4,4,0.8933525092136081
sod_avg_test_0000002,test,5,4,4,0.9786603317316737
sod_avg_test_0000003,test,5,4,4,0.9419874531903464
sod_avg_test_0000004,test,5,4,4,0.9045919154372658
sod_avg_test_0000005,test,5,4,4,0.9980232267548697
sod_avg_test_0000006,test,5,4,4,0.8612628870589409
sod_avg_test_0000007,test,5,4,4,0.9714864392545932
sod_avg_test_0000008,test,5,4,4,0.9189309754555918
sod_avg_test_0000009,test,5,4,4,0.9665053354169669
sod_avg_test_0000010,test,5,4,4,0.7690552155130582
sod_avg_test_0000011,test,5,4,4,0.8648631984703294
sod_avg_test_0000012,test,5,0,4,0.602286769517136
sod_avg_test_0000013,test,5,0,4,0.5188701349502073
sod_avg_test_0000014,test,5,0,0,0.5717561064497673
sod_avg_test_0000015,test,5,0,0,0.8037778016047602
sod_avg_test_0000016,test,5,0,0,0.7627386918942234
sod_avg_test_0000017,test,5,0,0,0.7789987925518423
sod_avg_test_0000018,test,5,0,0,0.8849116573114908
sod_avg_test_0000019,test,5,0,0,0.8229725179830057
sod_avg_test_0000020,test,5,0,0,0.8821016921071047
sod_avg_test_0000021,test,5,0,0,0.9491453134305281
sod_avg_test_0000022,test,5,0,0,0.9053203954434146
sod_avg_test_0000023,test,5,0,0,0.8953464227435944
sod_avg_test_0000024,test,5,0,0,0.9574299441680963
sod_avg_test_0000025,test,5,0,0,0.935816899422136
sod_avg_test_0000026,test,5,0,0,0.7401018123449625
sod_avg_test_0000027,test,5,0,0,0.9164328632664439
sod_avg_test_0000028,test,5,0,0,0.9016778196175537
sod_avg_test_0000029,test,5,0,0,0.5403875737535523
sod_avg_test_0000030,test,5,3,3,0.6262032625626669
sod_avg_test_0000031,test,5,3,3,0.7237626659005898
sod_avg_test_0000032,test,5,2,2,1.0
sod_avg_test_0000033,test,5,3,3,0.7838357023089274
sod_avg_test_0000034,test,5,2,2,0.997469512195122
sod_avg_test_0000035,test,5,3,3,0.8158000164532262
sod_avg_test_0000036,test,5,2,2,0.98
sod_avg_test_0000037,test,5,3,3,0.9762950636789942
sod_avg_test_0000038,test,5,2,2,1.0
sod_avg_test_0000039,test,5,3,3,0.8991400426547734
sod_avg_test_0000040,test,5,2,2,1.0
sod_avg_test_0000041,test,5,3,3,0.8773304291835307
sod_avg_test_0000042,test,5,2,2,1.0
sod_avg_test_0000043,test,5,3,3,0.8616008769945438
sod_avg_test_0000044,test,5,2,2,1.0
sod_avg_test_0000045,test,5,3,3,0.9217391240792762
sod_avg_test_0000046,test,5,2,2,0.985
sod_avg_test_0000047,test,5,3,3,0.6391450581977677
sod_avg_test_0000048,test,5,2,2,0.9876316952501623
sod_avg_test_0000049,test,5,3,3,0.8434034208030543
sod_avg_test_0000050,test,5,2,2,0.9724528886643562
sod_avg_test_0000051,test,5,3,3,0.8147697141294636
sod_avg_test_0000052,test,5,3,3,0.6110284533078427
sod_avg_test_0000053,test,5,2,2,1.0
sod_avg_test_0000054,test,5,1,3,0.5495408451721406
sod_avg_test_0000055,test,5,2,2,1.0
sod_avg_test_0000056,test,5,1,1,0.7095771794538563
sod_avg_test_0000057,test,5,2,2,0.9745859398237231
sod_avg_test_0000058,test,5,1,1,0.8098735697919226
sod_avg_test_0000059,test,5,2,2,1.0
sod_avg_test_0000060,test,5,1,1,0.659765318555637
sod_avg_test_0000061,test,5,2,2,0.9943255728011826
sod_avg_test_0000062,test,5,1,1,0.8925008738638717
sod_avg_test_0000063,test,5,2,2,0.9918560606060606
sod_avg_test_0000064,test,5,1,1,0.9122396403136886
sod_avg_test_0000065,test,5,2,2,0.9928366901460122
sod_avg_test_0000066,test,5,1,1,0.9338836222826739
sod_avg_test_0000067,test,5,2,2,0.9968560606060606
sod_avg_test_0000068,test,5,1,1,0.9281414199799926
sod_avg_test_0000069,test,5,1,1,0.6236801418088873
sod_avg_test_0000070,test,5,1,1,0.9440442829743635
sod_avg_test_0000071,test,5,1,1,0.945460290747326
sod_avg_test_0000072,test,5,1,1,0.7974849187875157
sod_avg_test_0000073,test,5,1,1,0.6997306823967229
sod_avg_test_0000074,test,5,1,1,0.7122157365236472
sod_avg_test_0000075,test,5,1,2,0.6725340445005762
sod_avg_test_0000076,test,5,2,2,0.566513412281561
sod_avg_test_0000077,test,5,2,2,0.5507070478367937
sod_avg_test_0000078,test,5,2,2,0.8422051687314172
sod_avg_test_0000079,test,5,2,2,0.9617408835586445
sod_avg_test_0000080,test,5,1,1,0.9781676670597237
sod_avg_test_0000081,test,5,1,1,1.0
sod_avg_test_0000082,test,5,1,1,0.9211392951149762
sod_avg_test_0000083,test,5,1,1,0.9817206477732793
sod_avg_test_0000084,test,5,1,1,0.8762197979362308
sod_avg_test_0000085,test,5,1,1,0.8757974625191174
sod_avg_train_0000000,train,6,2,2,1.0
sod_avg_train_0000001,train,6,2,2,1.0
sod_avg_train_0000002,train,6,2,2,1.0
sod_avg_train_0000003,train,6,2,2,1.0
sod_avg_train_0000004,train,6,2,2,1.0
sod_avg_train_0000005,train,6,2,2,1.0
sod_avg_train_0000006,train,6,2,2,1.0
sod_avg_train_0000007,train,6,2,2,1.0
sod_avg_train_0000008,train,6,2,2,1.0
sod_avg_train_0000009,train,6,2,2,1.0
sod_avg_train_0000010,train,6,2,2,1.0
sod_avg_train_0000011,train,6,2,2,1.0
sod_avg_train_0000012,train,6,2,2,1.0
sod_avg_train_0000013,train,6,2,2,1.0
sod_avg_train_0000014,train,6,2,2,1.0
sod_avg_train_0000015,train,6,2,2,1.0
sod_avg_train_0000016,train,6,2,2,1.0
sod_avg_train_0000017,train,6,2,2,1.0
sod_avg_train_0000018,train,6,2,2,1.0
sod_avg_train_0000019,train,6,2,2,1.0
sod_avg_train_0000020,train,6,2,2,1.0
sod_avg_train_0000021,train,6,2,2,1.0
sod_avg_train_0000022,train,6,2,2,1.0
sod_avg_train_0000023,train,6,2,2,1.0
sod_avg_train_0000024,train,6,2,2,1.0
sod_avg_train_0000025,train,6,2,2,1.0
sod_avg_train_0000026,train,6,2,2,1.0
sod_avg_train_0000027,train,6,2,2,1.0
sod_avg_train_0000028,train,6,2,2,1.0
sod_avg_train_0000029,train,6,2,2,1.0
sod_avg_train_0000030,train,6,2,2,1.0
sod_avg_train_0000031,train,6,2,2,1.0
sod_avg_train_0000032,train,6,2,2,1.0
sod_avg_train_0000033,train,6,2,2,1.0
sod_avg_train_0000034,train,6,2,2,1.0
sod_avg_train_0000035,train,6,2,2,1.0
sod_avg_train_0000036,train,6,2,2,1.0
sod_avg_train_0000037,train,6,2,2,1.0
sod_avg_train_0000038,train,6,2,2,1.0
sod_avg_train_0000039,train,6,2,2,1.0
sod_avg_train_0000040,train,6,2,2,1.0
sod_avg_train_0000041,train,6,2,2,1.0
sod_avg_train_0000042,train,6,2,2,1.0
sod_avg_train_0000043,train,6,2,2,1.0
sod_avg_train_0000044,train,6,2,2,1.0
sod_avg_train_0000045,train,6,2,2,1.0
sod_avg_train_0000046,train,6,2,2,1.0
sod_avg_train_0000047,train,6,2,2,1.0
sod_avg_train_0000048,train,6,2,2,1.0
sod_avg_train_0000049,train,6,2,2,1.0
sod_avg_train_0000050,train,6,2,2,1.0
sod_avg_train_0000051,train,6,0,0,1.0
sod_avg_train_0000052,train,6,0,0,1.0
sod_avg_train_0000053,train,6,0,0,1.0
sod_avg_train_0000054,train,6,0,0,1.0
sod_avg_train_0000055,train,6,0,0,1.0
sod_avg_train_0000056,train,6,0,0,1.0
sod_avg_train_0000057,train,6,0,0,1.0
sod_avg_train_0000058,train,6,0,0,1.0
sod_avg_train_0000059,train,6,0,0,1.0
sod_avg_train_0000060,train,6,0,0,1.0
sod_avg_train_0000061,train,6,0,0,1.0
sod_avg_train_0000062,train,6,0,0,1.0
sod_avg_train_0000063,train,6,0,0,1.0
sod_avg_train_0000064,train,6,0,0,1.0
sod_avg_train_0000065,train,6,0,0,1.0
sod_avg_train_0000066,train,6,0,0,1.0
sod_avg_train_0000067,train,6,0,0,1.0
sod_avg_train_0000068,train,6,0,0,1.0
sod_avg_train_0000069,train,6,0,0,1.0
sod_avg_train_0000070,train,6,0,0,1.0
sod_avg_train_0000071,train,6,0,0,1.0
sod_avg_train_0000072,train,6,0,0,1.0
sod_avg_train_0000073,train,6,0,0,1.0
sod_avg_train_0000074,train,6,0,0,1.0
sod_avg_train_0000075,train,6,0,0,1.0
sod_avg_train_0000076,train,6,0,0,1.0
sod_avg_train_0000077,train,6,0,0,1.0
sod_avg_train_0000078,train,6,0,0,1.0
sod_avg_train_0000079,train,6,0,0,1.0
sod_avg_train_0000080,train,6,0,0,1.0
sod_avg_train_0000081,train,6,0,0,1.0
sod_avg_train_0000082,train,6,0,0,1.0
sod_avg_train_0000083,train,6,0,0,1.0
sod_avg_train_0000084,train,6,0,0,1.0
sod_avg_train_0000085,train,6,0,0,1.0
sod_avg_train_0000086,train,6,0,0,1.0
sod_avg_train_0000087,train,6,0,0,1.0
sod_avg_train_0000088,train,6,0,0,1.0
sod_avg_train_0000089,train,6,0,0,1.0
sod_avg_train_0000090,train,6,0,0,1.0
sod_avg_train_0000091,train,6,0,0,1.0
sod_avg_train_0000092,train,6,0,0,1.0
sod_avg_train_0000093,train,6,0,0,1.0
sod_avg_train_0000094,train,6,0,0,1.0
sod_avg_train_0000095,train,6,0,0,1.0
sod_avg_train_0000096,train,6,0,0,1.0
sod_avg_train_0000097,train,6,0,0,1.0
sod_avg_train_0000098,train,6,0,0,1.0
sod_avg_train_0000099,train,6,0,0,1.0
sod_avg_train_0000100,train,6,0,0,1.0
sod_avg_train_0000101,train,6,0,0,1.0
sod_avg_train_0000102,train,6,0,0,1.0
sod_avg_train_0000103,train,6,0,0,1.0
sod_avg_train_0000104,train,6,0,0,1.0
sod_avg_train_0000105,train,6,0,0,1.0
sod_avg_train_0000106,train,6,0,0,1.0
sod_avg_train_0000107,train,6,0,0,1.0
sod_avg_train_0000108,train,6,0,0,1.0
sod_avg_train_0000109,train,6,3,3,1.0
sod_avg_train_0000110,train,6,3,3,1.0
sod_avg_train_0000111,train,6,3,3,1.0
sod_avg_train_0000112,train,6,3,3,1.0
sod_avg_train_0000113,train,6,3,3,1.0
sod_avg_train_0000114,train,6,3,3,1.0
sod_avg_train_0000115,train,6,3,3,1.0
sod_avg_train_0000116,train,6,3,3,1.0
sod_avg_train_0000117,train,6,3,3,1.0
sod_avg_train_0000118,train,6,3,3,1.0
sod_avg_train_0000119,train,6,3,3,1.0
sod_avg_train_0000120,train,6,3,3,1.0
sod_avg_train_0000121,train,6,3,3,1.0
sod_avg_train_0000122,train,6,3,3,1.0
sod_avg_train_0000123,train,6,3,3,1.0
sod_avg_train_0000124,train,6,3,3,1.0
sod_avg_train_0000125,train,6,3,3,1.0
sod_avg_train_0000126,train,6,3,3,1.0
sod_avg_train_0000127,train,6,3,3,1.0
sod_avg_train_0000128,train,6,3,3,1.0
sod_avg_train_0000129,train,6,3,3,1.0
sod_avg_train_0000130,train,6,3,3,1.0
sod_avg_train_0000131,train,6,3,3,1.0
sod_avg_train_0000132,train,6,3,3,1.0
sod_avg_train_0000133,train,6,3,3,1.0
sod_avg_train_0000134,train,6,3,3,1.0
sod_avg_train_0000135,train,6,3,3,1.0
sod_avg_train_0000136,train,6,3,3,1.0
sod_avg_train_0000137,train,6,3,3,1.0
sod_avg_train_0000138,train,6,3,3,1.0
sod_avg_train_0000139,train,6,3,3,1.0
sod_avg_train_0000140,train,6,3,3,1.0
sod_avg_train_0000141,train,6,3,3,1.0
sod_avg_train_0000142,train,6,3,3,1.0
sod_avg_train_0000143,train,6,3,3,1.0
sod_avg_train_0000144,train,6,3,3,1.0
sod_avg_train_0000145,train,6,3,3,1.0
sod_avg_train_0000146,train,6,3,3,1.0
sod_avg_train_0000147,train,6,3,3,1.0
sod_avg_train_0000148,train,6,3,3,1.0
sod_avg_train_0000149,train,6,3,3,1.0
sod_avg_train_0000150,train,6,3,3,1.0
sod_avg_train_0000151,train,6,3,3,1.0
sod_avg_train_0000152,train,6,3,3,1.0
sod_avg_train_0000153,train,6,3,3,1.0
sod_avg_train_0000154,train,6,3,3,1.0
sod_avg_train_0000155,train,6,3,3,1.0
sod_avg_train_0000156,train,6,5,5,1.0
sod_avg_train_0000157,train,6,5,5,1.0
sod_avg_train_0000158,train,6,5,5,1.0
sod_avg_train_0000159,train,6,5,5,1.0
sod_avg_train_0000160,train,6,5,5,1.0
sod_avg_train_0000161,train,6,5,5,1.0
sod_avg_train_0000162,train,6,5,5,1.0
sod_avg_train_0000163,train,6,5,5,1.0
sod_avg_train_0000164,train,6,5,5,1.0
sod_avg_train_0000165,train,6,5,5,1.0
sod_avg_train_0000166,train,6,5,5,1.0
sod_avg_train_0000167,train,6,5,5,1.0
sod_avg_train_0000168,train,6,5,5,1.0
sod_avg_train_0000169,train,6,5,5,1.0
sod_avg_train_0000170,train,6,5,5,1.0
sod_avg_train_0000171,train,6,5,5,1.0
sod_avg_train_0000172,train,6,5,5,1.0
sod_avg_train_0000173,train,6,5,5,1.0
sod_avg_train_0000174,train,6,5,5,1.0
sod_avg_train_0000175,train,6,5,5,1.0
sod_avg_train_0000176,train,6,5,5,1.0
sod_avg_train_0000177,train,6,5,5,1.0
sod_avg_train_0000178,train,6,5,5,1.0
sod_avg_train_0000179,train,6,5,5,1.0
sod_avg_train_0000180,train,6,5,5,1.0
sod_avg_train_0000181,train,6,5,5,1.0
sod_avg_train_0000182,train,6,5,5,1.0
sod_avg_train_0000183,train,6,5,5,1.0
sod_avg_train_0000184,train,6,5,5,1.0
sod_avg_train_0000185,train,6,5,5,1.0
sod_avg_train_0000186,train,6,5,5,1.0
sod_avg_train_0000187,train,6,5,5,1.0
sod_avg_train_0000188,train,6,5,5,1.0
sod_avg_train_0000189,train,6,5,5,1.0
sod_avg_train_0000190,train,6,5,5,1.0
sod_avg_train_0000191,train,6,5,5,1.0
sod_avg_train_0000192,train,6,5,5,1.0
sod_avg_train_0000193,train,6,5,5,1.0
sod_avg_train_0000194,train,6,5,5,1.0
sod_avg_train_0000195,train,6,5,5,1.0
sod_avg_train_0000196,train,6,5,5,1.0
sod_avg_train_0000197,train,6,5,5,1.0
sod_avg_train_0000198,train,6,5,5,1.0
sod_avg_train_0000199,train,6,5,5,1.0
sod_avg_train_0000200,train,6,5,5,1.0
sod_avg_train_0000201,train,6,5,5,1.0
sod_avg_train_0000202,train,6,5,5,1.0
sod_avg_train_0000203,train,6,5,5,1.0
sod_avg_train_0000204,train,6,5,5,1.0
sod_avg_train_0000205,train,6,5,5,1.0
sod_avg_train_0000206,train,6,5,5,1.0
sod_avg_train_0000207,train,6,5,5,1.0
sod_avg_train_0000208,train,6,5,5,1.0
sod_avg_train_0000209,train,6,5,5,1.0
sod_avg_train_0000210,train,6,5,5,1.0
sod_avg_train_0000211,train,6,5,5,1.0
sod_avg_train_0000212,train,6,5,5,1.0
sod_avg_train_0000213,train,6,5,5,1.0
sod_avg_train_0000214,train,6,5,5,1.0
sod_avg_train_0000215,train,6,5,5,1.0
sod_avg_train_0000216,train,6,5,5,1.0
sod_avg_train_0000217,train,6,5,5,1.0
sod_avg_train_0000218,train,6,5,5,1.0
sod_avg_train_0000219,train,6,5,5,1.0
sod_avg_train_0000220,train,6,5,5,1.0
sod_avg_train_0000221,train,6,5,5,1.0
sod_avg_train_0000222,train,6,5,5,1.0
sod_avg_train_0000223,train,6,5,5,1.0
sod_avg_train_0000224,train,6,5,5,1.0
sod_avg_train_0000225,train,6,5,5,1.0
sod_avg_train_0000226,train,6,5,5,1.0
sod_avg_train_0000227,train,6,5,5,1.0
sod_avg_train_0000228,train,6,5,5,1.0
sod_avg_train_0000229,train,6,5,5,1.0
sod_avg_train_0000230,train,6,1,1,1.0
sod_avg_train_0000231,train,6,1,1,1.0
sod_avg_train_0000232,train,6,1,1,1.0
sod_avg_train_0000233,train,6,1,1,1.0
sod_avg_train_0000234,train,6,1,1,1.0
sod_avg_train_0000235,train,6,1,1,1.0
sod_avg_train_0000236,train,6,1,1,1.0
sod_avg_train_0000237,train,6,1,1,1.0
sod_avg_train_0000238,train,6,1,1,1.0
sod_avg_train_0000239,train,6,1,1,1.0
sod_avg_train_0000240,train,6,1,1,1.0
sod_avg_train_0000241,train,6,1,1,1.0
sod_avg_train_0000242,train,6,1,1,1.0
sod_avg_train_0000243,train,6,1,1,1.0
sod_avg_train_0000244,train,6,1,1,1.0
sod_avg_train_0000245,train,6,1,1,1.0
sod_avg_train_0000246,train,6,1,1,1.0
sod_avg_train_0000247,train,6,1,1,1.0
sod_avg_train_0000248,train,6,1,1,1.0
sod_avg_train_0000249,train,6,1,1,1.0
sod_avg_train_0000250,train,6,1,1,1.0
sod_avg_train_0000251,train,6,1,1,1.0
sod_avg_train_0000252,train,6,1,1,1.0
sod_avg_train_0000253,train,6,1,1,1.0
sod_avg_train_0000254,train,6,1,1,1.0
sod_avg_train_0000255,train,6,1,1,1.0
sod_avg_train_0000256,train,6,1,1,1.0
sod_avg_train_0000257,train,6,1,1,1.0
sod_avg_train_0000258,train,6,1,1,1.0
sod_avg_train_0000259,train,6,1,1,1.0
sod_avg_train_0000260,train,6,1,1,1.0
sod_avg_train_0000261,train,6,1,1,1.0
sod_avg_train_0000262,train,6,1,1,1.0
sod_avg_train_0000263,train,6,1,1,1.0
sod_avg_train_0000264,train,6,1,1,1.0
sod_avg_train_0000265,train,6,1,1,1.0
sod_avg_train_0000266,train,6,1,1,1.0
sod_avg_train_0000267,train,6,1,1,1.0
sod_avg_train_0000268,train,6,1,1,1.0
sod_avg_train_0000269,train,6,1,1,1.0
sod_avg_train_0000270,train,6,1,1,1.0
sod_avg_train_0000271,train,6,1,1,1.0
sod_avg_train_0000272,train,6,1,1,1.0
sod_avg_train_0000273,train,6,1,1,1.0
sod_avg_train_0000274,train,6,1,1,1.0
sod_avg_train_0000275,train,6,1,1,1.0
sod_avg_train_0000276,train,6,1,1,1.0
sod_avg_train_0000277,train,6,1,1,1.0
sod_avg_train_0000278,train,6,1,1,1.0
sod_avg_train_0000279,train,6,1,1,1.0
sod_avg_train_0000280,train,6,1,1,1.0
sod_avg_train_0000281,train,6,1,1,1.0
sod_avg_train_0000282,train,6,1,1,1.0
sod_avg_train_0000283,train,6,4,4,1.0
sod_avg_train_0000284,train,6,4,4,1.0
sod_avg_train_0000285,train,6,4,4,1.0
sod_avg_train_0000286,train,6,4,4,1.0
sod_avg_train_0000287,train,6,4,4,1.0
sod_avg_train_0000288,train,6,4,4,1.0
sod_avg_train_0000289,train,6,4,4,1.0
sod_avg_train_0000290,train,6,4,4,1.0
sod_avg_train_0000291,train,6,4,4,1.0
sod_avg_train_0000292,train,6,4,4,1.0
sod_avg_train_0000293,train,6,4,4,1.0
sod_avg_train_0000294,train,6,4,4,1.0
sod_avg_train_0000295,train,6,4,4,1.0
sod_avg_train_0000296,train,6,4,4,1.0
sod_avg_train_0000297,train,6,4,4,1.0
sod_avg_train_0000298,train,6,4,4,1.0
sod_avg_train_0000299,train,6,4,4,1.0
sod_avg_train_0000300,train,6,4,4,1.0
sod_avg_train_0000301,train,6,4,4,1.0
sod_avg_train_0000302,train,6,4,4,1.0
sod_avg_train_0000303,train,6,4,4,1.0
sod_avg_train_0000304,train,6,4,4,1.0
sod_avg_train_0000305,train,6,4,4,1.0
sod_avg_train_0000306,train,6,4,4,1.0
sod_avg_train_0000307,train,6,4,4,1.0
sod_avg_train_0000308,train,6,4,4,1.0
sod_avg_train_0000309,train,6,4,4,1.0
sod_avg_train_0000310,train,6,4,4,1.0
sod_avg_train_0000311,train,6,4,4,1.0
sod_avg_train_0000312,train,6,4,4,1.0
sod_avg_train_0000313,train,6,4,4,1.0
sod_avg_train_0000314,train,6,4,4,1.0
sod_avg_train_0000315,train,6,4,4,1.0
sod_avg_train_0000316,train,6,4,4,1.0
sod_avg_train_0000317,train,6,4,4,1.0
sod_avg_train_0000318,train,6,4,4,1.0
sod_avg_train_0000319,train,6,4,4,1.0
sod_avg_train_0000320,train,6,4,4,1.0
sod_avg_train_0000321,train,6,4,4,1.0
sod_avg_val_0000000,val,6,2,2,0.9932232576534978
sod_avg_val_0000001,val,6,2,2,0.9760211308152925
sod_avg_val_0000002,val,6,2,2,0.981254366323332
sod_avg_val_0000003,val,6,2,2,0.9937941548096468
sod_avg_val_0000004,val,6,2,2,0.9837453960771834
sod_avg_val_0000005,val,6,2,2,0.9856668533291654
sod_avg_val_0000006,val,6,2,2,0.8884936347017001
sod_avg_val_0000007,val,6,2,2,0.9121044575631718
sod_avg_val_0000008,val,6,2,2,0.5006228023917679
sod_avg_val_0000009,val,6,0,2,0.7950894740540356
sod_avg_val_0000010,val,6,2,2,0.6041026496047167
sod_avg_val_0000011,val,6,0,0,0.8810495740200751
sod_avg_val_0000012,val,6,0,0,0.9649899395329442
sod_avg_val_0000013,val,6,0,0,0.8995750658281813
sod_avg_val_0000014,val,6,0,0,0.7693935085037557
sod_avg_val_0000015,val,6,0,0,0.863023772336209
sod_avg_val_0000016,val,6,0,0,0.9643081168739798
sod_avg_val_0000017,val,6,0,0,0.8950603694236121
sod_avg_val_0000018,val,6,0,3,0.7764396194482588
sod_avg_val_0000019,val,6,3,3,0.8243763772909167
sod_avg_val_0000020,val,6,3,3,0.9325731958472275
sod_avg_val_0000021,val,6,3,3,0.9468689215984909
sod_avg_val_0000022,val,6,3,3,0.9487907892946414
sod_avg_val_0000023,val,6,3,3,0.9830405638416684
sod_avg_val_0000024,val,6,3,3,0.989306455850114
sod_avg_val_0000025,val,6,3,3,0.9368624065100165
sod_avg_val_0000026,val,6,3,3,0.9871362683162639
sod_avg_val_0000027,val,6,5,5,0.8762995747995211
sod_avg_val_0000028,val,6,5,5,0.9522147659681661
sod_avg_val_0000029,val,6,5,5,0.862910750490036
sod_avg_val_0000030,val,6,5,5,0.9328115554040045
sod_avg_val_0000031,val,6,5,5,0.9597093581384284
sod_avg_val_0000032,val,6,5,5,0.966209810842717
sod_avg_val_0000033,val,6,5,5,0.9767106275395391
sod_avg_val_0000034,val,6,5,5,0.9943522114347357
sod_avg_val_0000035,val,6,5,5,1.0
sod_avg_val_0000036,val,6,5,5,0.9937656637168141
sod_avg_val_0000037,val,6,5,5,0.8458345024273909
sod_avg_val_0000038,val,6,5,5,0.7013723929874299
sod_avg_val_0000039,val,6,1,1,0.4770659002075424
sod_avg_val_0000040,val,6,1,1,0.5649111512936137
sod_avg_val_0000041,val,6,1,1,0.7754597755265855
sod_avg_val_0000042,val,6,1,1,0.5319135547175187
sod_avg_val_0000043,val,6,1,1,0.9303300341563886
sod_avg_val_0000044,val,6,1,1,0.8994542507398947
sod_avg_val_0000045,val,6,1,1,0.8640959185959736
sod_avg_val_0000046,val,6,1,1,0.972758540310179
sod_avg_val_0000047,val,6,1,1,0.9841511437293243
sod_avg_val_0000048,val,6,1,1,0.9747434352629877
sod_avg_val_0000049,val,6,1,1,0.5298147092066884
sod_avg_val_0000050,val,6,4,4,0.6930900312485824
sod_avg_val_0000051,val,6,4,4,0.9371086590644996
sod_avg_val_0000052,val,6,4,4,0.9737976365941923
sod_avg_val_0000053,val,6,4,4,0.7710227439062928
sod_avg_val_0000054,val,6,4,4,0.9818093936786955
sod_avg_val_0000055,val,6,4,4,0.919687638102087
sod_avg_val_0000056,val,6,4,4,0.9182993327939815
sod_avg_test_0000000,test,6,2,2,0.9198112419847183
sod_avg_test_0000001,test,6,2,2,0.9405855310220542
sod_avg_test_0000002,test,6,2,2,0.9803749802277761
sod_avg_test_0000003,test,6,2,2,0.9523017265612332
sod_avg_test_0000004,test,6,2,2,0.936701619844428
sod_avg_test_0000005,test,6,2,2,1.0
sod_avg_test_0000006,test,6,2,2,0.8544499011702547
sod_avg_test_0000007,test,6,2,2,0.958586475613539
sod_avg_test_0000008,test,6,2,2,0.9265141135867826
sod_avg_test_0000009,test,6,2,2,0.9789279588625971
sod_avg_test_0000010,test,6,2,2,0.7528508313635875
sod_avg_test_0000011,test,6,2,2,0.8494779199379394
sod_avg_test_0000012,test,6,0,2,0.5801255714919841
sod_avg_test_0000013,test,6,0,2,0.5259270533421477
sod_avg_test_0000014,test,6,0,0,0.5966125764357758
sod_avg_test_0000015,test,6,0,0,0.801844213429598
sod_avg_test_0000016,test,6,0,0,0.7716274284188117
sod_avg_test_0000017,test,6,0,0,0.789685051991794
sod_avg_test_0000018,test,6,0,0,0.8836467114141275
sod_avg_test_0000019,test,6,0,0,0.808436573271369
sod_avg_test_0000020,test,6,0,0,0.8783607694737441
sod_avg_test_0000021,test,6,0,0,0.9361016521096708
sod_avg_test_0000022,test,6,0,0,0.9150825841958288
sod_avg_test_0000023,test,6,0,0,0.8996294194024026
sod_avg_test_0000024,test,6,0,0,0.8918059419363504
sod_avg_test_0000025,test,6,0,0,0.9149077434941081
sod_avg_test_0000026,test,6,0,0,0.7180745647892839
sod_avg_test_0000027,test,6,0,0,0.9435435003640684
sod_avg_test_0000028,test,6,0,0,0.9073057275977418
sod_avg_test_0000029,test,6,0,0,0.6220051927119676
sod_avg_test_0000030,test,6,3,3,0.534838909357413
sod_avg_test_0000031,test,6,3,3,0.6989349935898004
sod_avg_test_0000032,test,6,4,4,0.9749219882318285
sod_avg_test_0000033,test,6,3,3,0.7891469490705714
sod_avg_test_0000034,test,6,4,4,0.9552999071175775
sod_avg_test_0000035,test,6,3,3,0.8502469114260262
sod_avg_test_0000036,test,6,4,4,0.8710942299675876
sod_avg_test_0000037,test,6,3,3,0.9617553655399592
sod_avg_test_0000038,test,6,4,4,0.9701334633367061
sod_avg_test_0000039,test,6,3,3,0.8395980214941093
sod_avg_test_0000040,test,6,4,4,0.9378759515558696
sod_avg_test_0000041,test,6,3,3,0.9002999811306804
sod_avg_test_0000042,test,6,4,4,0.9433923700134335
sod_avg_test_0000043,test,6,3,3,0.8688832586056777
sod_avg_test_0000044,test,6,4,4,0.9351946941606009
sod_avg_test_0000045,test,6,3,3,0.934773318886928
sod_avg_test_0000046,test,6,4,4,0.7458892093689851
sod_avg_test_0000047,test,6,3,3,0.6837862003523568
sod_avg_test_0000048,test,6,4,4,0.7345952706149314
sod_avg_test_0000049,test,6,3,3,0.8015691365047857
sod_avg_test_0000050,test,6,4,4,0.7971777133211222
sod_avg_test_0000051,test,6,3,3,0.815487015091205
sod_avg_test_0000052,test,6,3,3,0.5212600504707413
sod_avg_test_0000053,test,6,1,4,0.5108359193559817
sod_avg_test_0000054,test,6,5,3,0.6508143530133279
sod_avg_test_0000055,test,6,1,1,0.6518852367642063
sod_avg_test_0000056,test,6,5,5,0.7322252707240255
sod_avg_test_0000057,test,6,1,1,0.7533266493416568
sod_avg_test_0000058,test,6,5,5,0.7902138175648119
sod_avg_test_0000059,test,6,1,1,0.9233546527624726
sod_avg_test_0000060,test,6,5,5,0.6694774133974813
sod_avg_test_0000061,test,6,1,1,0.9203731876492796
sod_avg_test_0000062,test,6,5,5,0.8664859250462675
sod_avg_test_0000063,test,6,1,1,0.952750750260066
sod_avg_test_0000064,test,6,5,5,0.9182131373894292
sod_avg_test_0000065,test,6,1,1,0.9805024219707483
sod_avg_test_0000066,test,6,5,5,0.9490816012983414
sod_avg_test_0000067,test,6,1,1,0.9830927529974295
sod_avg_test_0000068,test,6,5,5,0.9472513812029467
sod_avg_test_0000069,test,6,1,5,0.5112772745359202
sod_avg_test_0000070,test,6,5,5,0.8477619278651448
sod_avg_test_0000071,test,6,5,5,0.8320874720382494
sod_avg_test_0000072,test,6,5,5,0.59797291008241
sod_avg_test_0000073,test,6,1,1,0.506418063217778
sod_avg_test_0000074,test,6,1,1,0.5834576614799311
sod_avg_test_0000075,test,6,1,1,0.7125742871072821
sod_avg_test_0000076,test,6,1,1,0.7934373019601354
sod_avg_test_0000077,test,6,1,1,0.7441758107159118
sod_avg_test_0000078,test,6,1,1,0.8673183909964406
sod_avg_test_0000079,test,6,1,1,0.9773487210462335
sod_avg_test_0000080,test,6,5,5,0.9776975751682556
sod_avg_test_0000081,test,6,5,5,0.9948865932047749
sod_avg_test_0000082,test,6,5,5,0.8917263917463866
sod_avg_test_0000083,test,6,5,5,0.9359770317390143
sod_avg_test_0000084,test,6,5,5,0.815084479461901
sod_avg_test_0000085,test,6,5,5,0.8182059406035287
sod_avg_train_0000000,train,7,3,3,1.0
sod_avg_train_0000001,train,7,3,3,1.0
sod_avg_train_0000002,train,7,3,3,1.0
sod_avg_train_0000003,train,7,3,3,1.0
sod_avg_train_0000004,train,7,3,3,1.0
sod_avg_train_0000005,train,7,3,3,1.0
sod_avg_train_0000006,train,7,3,3,1.0
sod_avg_train_0000007,train,7,3,3,1.0
sod_avg_train_0000008,train,7,3,3,1.0
sod_avg_train_0000009,train,7,3,3,1.0
sod_avg_train_0000010,train,7,3,3,1.0
sod_avg_train_0000011,train,7,3,3,1.0
sod_avg_train_0000012,train,7,3,3,1.0
sod_avg_train_0000013,train,7,3,3,1.0
sod_avg_train_0000014,train,7,3,3,1.0
sod_avg_train_0000015,train,7,3,3,1.0
sod_avg_train_0000016,train,7,3,3,1.0
sod_avg_train_0000017,train,7,3,3,1.0
sod_avg_train_0000018,train,7,3,3,1.0
sod_avg_train_0000019,train,7,3,3,1.0
sod_avg_train_0000020,train,7,3,3,1.0
sod_avg_train_0000021,train,7,3,3,1.0
sod_avg_train_0000022,train,7,3,3,1.0
sod_avg_train_0000023,train,7,3,3,1.0
sod_avg_train_0000024,train,7,3,3,1.0
sod_avg_train_0000025,train,7,3,3,1.0
sod_avg_train_0000026,train,7,3,3,1.0
sod_avg_train_0000027,train,7,3,3,1.0
sod_avg_train_0000028,train,7,3,3,1.0
sod_avg_train_0000029,train,7,3,3,1.0
sod_avg_train_0000030,train,7,3,3,1.0
sod_avg_train_0000031,train,7,3,3,1.0
sod_avg_train_0000032,train,7,3,3,1.0
sod_avg_train_0000033,train,7,3,3,1.0
sod_avg_train_0000034,train,7,3,3,1.0
sod_avg_train_0000035,train,7,3,3,1.0
sod_avg_train_0000036,train,7,3,3,1.0
sod_avg_train_0000037,train,7,3,3,1.0
sod_avg_train_0000038,train,7,3,3,1.0
sod_avg_train_0000039,train,7,3,3,1.0
sod_avg_train_0000040,train,7,3,3,1.0
sod_avg_train_0000041,train,7,1,1,1.0
sod_avg_train_0000042,train,7,1,1,1.0
sod_avg_train_0000043,train,7,1,1,1.0
sod_avg_train_0000044,train,7,1,1,1.0
sod_avg_train_0000045,train,7,1,1,1.0
sod_avg_train_0000046,train,7,1,1,1.0
sod_avg_train_0000047,train,7,1,1,1.0
sod_avg_train_0000048,train,7,1,1,1.0
sod_avg_train_0000049,train,7,1,1,1.0
sod_avg_train_0000050,train,7,1,1,1.0
sod_avg_train_0000051,train,7,1,1,1.0
sod_avg_train_0000052,train,7,1,1,1.0
sod_avg_train_0000053,train,7,1,1,1.0
sod_avg_train_0000054,train,7,1,1,1.0
sod_avg_train_0000055,train,7,1,1,1.0
sod_avg_train_0000056,train,7,1,1,1.0
sod_avg_train_0000057,train,7,1,1,1.0
sod_avg_train_0000058,train,7,1,1,1.0
sod_avg_train_0000059,train,7,1,1,1.0
sod_avg_train_0000060,train,7,1,1,1.0
sod_avg_train_0000061,train,7,1,1,1.0
sod_avg_train_0000062,train,7,1,1,1.0
sod_avg_train_0000063,train,7,1,1,1.0
sod_avg_train_0000064,train,7,1,1,1.0
sod_avg_train_0000065,train,7,1,1,1.0
sod_avg_train_0000066,train,7,1,1,1.0
sod_avg_train_0000067,train,7,1,1,1.0
sod_avg_train_0000068,train,7,1,1,1.0
sod_avg_train_0000069,train,7,1,1,1.0
sod_avg_train_0000070,train,7,1,1,1.0
sod_avg_train_0000071,train,7,1,1,1.0
sod_avg_train_0000072,train,7,1,1,1.0
sod_avg_train_0000073,train,7,1,1,1.0
sod_avg_train_0000074,train,7,1,1,1.0
sod_avg_train_0000075,train,7,1,1,1.0
sod_avg_train_0000076,train,7,1,1,1.0
sod_avg_train_0000077,train,7,1,1,1.0
sod_avg_train_0000078,train,7,1,1,1.0
sod_avg_train_0000079,train,7,1,1,1.0
sod_avg_train_0000080,train,7,1,1,1.0
sod_avg_train_0000081,train,7,1,1,1.0
sod_avg_train_0000082,train,7,4,4,1.0
sod_avg_train_0000083,train,7,4,4,1.0
sod_avg_train_0000084,train,7,4,4,1.0
sod_avg_train_0000085,train,7,4,4,1.0
sod_avg_train_0000086,train,7,4,4,1.0
sod_avg_train_0000087,train,7,4,4,1.0
sod_avg_train_0000088,train,7,4,4,1.0
sod_avg_train_0000089,train,7,4,4,1.0
sod_avg_train_0000090,train,7,4,4,1.0
sod_avg_train_0000091,train,7,4,4,1.0
sod_avg_train_0000092,train,7,4,4,1.0
sod_avg_train_0000093,train,7,4,4,1.0
sod_avg_train_0000094,train,7,4,4,1.0
sod_avg_train_0000095,train,7,4,4,1.0
sod_avg_train_0000096,train,7,4,4,1.0
sod_avg_train_0000097,train,7,4,4,1.0
sod_avg_train_0000098,train,7,4,4,1.0
sod_avg_train_0000099,train,7,4,4,1.0
sod_avg_train_0000100,train,7,4,4,1.0
sod_avg_train_0000101,train,7,4,4,1.0
sod_avg_train_0000102,train,7,4,4,1.0
sod_avg_train_0000103,train,7,4,4,1.0
sod_avg_train_0000104,train,7,4,4,1.0
sod_avg_train_0000105,train,7,4,4,1.0
sod_avg_train_0000106,train,7,4,4,1.0
sod_avg_train_0000107,train,7,4,4,1.0
sod_avg_train_0000108,train,7,4,4,1.0
sod_avg_train_0000109,train,7,4,4,1.0
sod_avg_train_0000110,train,7,4,4,1.0
sod_avg_train_0000111,train,7,4,4,1.0
sod_avg_train_0000112,train,7,4,4,1.0
sod_avg_train_0000113,train,7,4,4,1.0
sod_avg_train_0000114,train,7,4,4,1.0
sod_avg_train_0000115,train,7,4,4,1.0
sod_avg_train_0000116,train,7,4,4,1.0
sod_avg_train_0000117,train,7,4,4,1.0
sod_avg_train_0000118,train,7,4,4,1.0
sod_avg_train_0000119,train,7,4,4,1.0
sod_avg_train_0000120,train,7,4,4,1.0
sod_avg_train_0000121,train,7,4,4,1.0
sod_avg_train_0000122,train,7,6,6,1.0
sod_avg_train_0000123,train,7,6,6,1.0
sod_avg_train_0000124,train,7,6,6,1.0
sod_avg_train_0000125,train,7,6,6,1.0
sod_avg_train_0000126,train,7,6,6,1.0
sod_avg_train_0000127,train,7,6,6,1.0
sod_avg_train_0000128,train,7,6,6,1.0
sod_avg_train_0000129,train,7,6,6,1.0
sod_avg_train_0000130,train,7,6,6,1.0
sod_avg_train_0000131,train,7,6,6,1.0
sod_avg_train_0000132,train,7,6,6,1.0
sod_avg_train_0000133,train,7,6,6,1.0
sod_avg_train_0000134,train,7,6,6,1.0
sod_avg_train_0000135,train,7,6,6,1.0
sod_avg_train_0000136,train,7,6,6,1.0
sod_avg_train_0000137,train,7,6,6,1.0
sod_avg_train_0000138,train,7,6,6,1.0
sod_avg_train_0000139,train,7,6,6,1.0
sod_avg_train_0000140,train,7,6,6,1.0
sod_avg_train_0000141,train,7,6,6,1.0
sod_avg_train_0000142,train,7,6,6,1.0
sod_avg_train_0000143,train,7,6,6,1.0
sod_avg_train_0000144,train,7,6,6,1.0
sod_avg_train_0000145,train,7,6,6,1.0
sod_avg_train_0000146,train,7,6,6,1.0
sod_avg_train_0000147,train,7,6,6,1.0
sod_avg_train_0000148,train,7,6,6,1.0
sod_avg_train_0000149,train,7,6,6,1.0
sod_avg_train_0000150,train,7,6,6,1.0
sod_avg_train_0000151,train,7,6,6,1.0
sod_avg_train_0000152,train,7,6,6,1.0
sod_avg_train_0000153,train,7,6,6,1.0
sod_avg_train_0000154,train,7,6,6,1.0
sod_avg_train_0000155,train,7,6,6,1.0
sod_avg_train_0000156,train,7,6,6,1.0
sod_avg_train_0000157,train,7,6,6,1.0
sod_avg_train_0000158,train,7,6,6,1.0
sod_avg_train_0000159,train,7,6,6,1.0
sod_avg_train_0000160,train,7,6,6,1.0
sod_avg_train_0000161,train,7,6,6,1.0
sod_avg_train_0000162,train,7,6,6,1.0
sod_avg_train_0000163,train,7,6,6,1.0
sod_avg_train_0000164,train,7,0,0,1.0
sod_avg_train_0000165,train,7,0,0,1.0
sod_avg_train_0000166,train,7,0,0,1.0
sod_avg_train_0000167,train,7,0,0,1.0
sod_avg_train_0000168,train,7,0,0,1.0
sod_avg_train_0000169,train,7,0,0,1.0
sod_avg_train_0000170,train,7,0,0,1.0
sod_avg_train_0000171,train,7,0,0,1.0
sod_avg_train_0000172,train,7,0,0,1.0
sod_avg_train_0000173,train,7,0,0,1.0
sod_avg_train_0000174,train,7,0,0,1.0
sod_avg_train_0000175,train,7,0,0,1.0
sod_avg_train_0000176,train,7,0,0,1.0
sod_avg_train_0000177,train,7,0,0,1.0
sod_avg_train_0000178,train,7,0,0,1.0
sod_avg_train_0000179,train,7,0,0,1.0
sod_avg_train_0000180,train,7,0,0,1.0
sod_avg_train_0000181,train,7,0,0,1.0
sod_avg_train_0000182,train,7,0,0,1.0
sod_avg_train_0000183,train,7,0,0,1.0
sod_avg_train_0000184,train,7,0,0,1.0
sod_avg_train_0000185,train,7,0,0,1.0
sod_avg_train_0000186,train,7,0,0,1.0
sod_avg_train_0000187,train,7,0,0,1.0
sod_avg_train_0000188,train,7,0,0,1.0
sod_avg_train_0000189,train,7,0,0,1.0
sod_avg_train_0000190,train,7,0,0,1.0
sod_avg_train_0000191,train,7,0,0,1.0
sod_avg_train_0000192,train,7,0,0,1.0
sod_avg_train_0000193,train,7,0,0,1.0
sod_avg_train_0000194,train,7,0,0,1.0
sod_avg_train_0000195,train,7,0,0,1.0
sod_avg_train_0000196,train,7,0,0,1.0
sod_avg_train_0000197,train,7,0,0,1.0
sod_avg_train_0000198,train,7,0,0,1.0
sod_avg_train_0000199,train,7,0,0,1.0
sod_avg_train_0000200,train,7,0,0,1.0
sod_avg_train_0000201,train,7,0,0,1.0
sod_avg_train_0000202,train,7,0,0,1.0
sod_avg_train_0000203,train,7,0,0,1.0
sod_avg_train_0000204,train,7,0,0,1.0
sod_avg_train_0000205,train,7,0,0,1.0
sod_avg_train_0000206,train,7,0,0,1.0
sod_avg_train_0000207,train,7,0,0,1.0
sod_avg_train_0000208,train,7,0,0,1.0
sod_avg_train_0000209,train,7,0,0,1.0
sod_avg_train_0000210,train,7,0,0,1.0
sod_avg_train_0000211,train,7,0,0,1.0
sod_avg_train_0000212,train,7,0,0,1.0
sod_avg_train_0000213,train,7,0,0,1.0
sod_avg_train_0000214,train,7,0,0,1.0
sod_avg_train_0000215,train,7,0,0,1.0
sod_avg_train_0000216,train,7,0,0,1.0
sod_avg_train_0000217,train,7,0,0,1.0
sod_avg_train_0000218,train,7,0,0,1.0
sod_avg_train_0000219,train,7,0,0,1.0
sod_avg_train_0000220,train,7,0,0,1.0
sod_avg_train_0000221,train,7,0,0,1.0
sod_avg_train_0000222,train,7,0,0,1.0
sod_avg_train_0000223,train,7,0,0,1.0
sod_avg_train_0000224,train,7,0,0,1.0
sod_avg_train_0000225,train,7,0,0,1.0
sod_avg_train_0000226,train,7,0,0,1.0
sod_avg_train_0000227,train,7,0,0,1.0
sod_avg_train_0000228,train,7,0,0,1.0
sod_avg_train_0000229,train,7,0,0,1.0
sod_avg_train_0000230,train,7,0,0,1.0
sod_avg_train_0000231,train,7,2,2,1.0
sod_avg_train_0000232,train,7,2,2,1.0
sod_avg_train_0000233,train,7,2,2,1.0
sod_avg_train_0000234,train,7,2,2,1.0
sod_avg_train_0000235,train,7,2,2,1.0
sod_avg_train_0000236,train,7,2,2,1.0
sod_avg_train_0000237,train,7,2,2,1.0
sod_avg_train_0000238,train,7,2,2,1.0
sod_avg_train_0000239,train,7,2,2,1.0
sod_avg_train_0000240,train,7,2,2,1.0
sod_avg_train_0000241,train,7,2,2,1.0
sod_avg_train_0000242,train,7,2,2,1.0
sod_avg_train_0000243,train,7,2,2,1.0
sod_avg_train_0000244,train,7,2,2,1.0
sod_avg_train_0000245,train,7,2,2,1.0
sod_avg_train_0000246,train,7,2,2,1.0
sod_avg_train_0000247,train,7,2,2,1.0
sod_avg_train_0000248,train,7,2,2,1.0
sod_avg_train_0000249,train,7,2,2,1.0
sod_avg_train_0000250,train,7,2,2,1.0
sod_avg_train_0000251,train,7,2,2,1.0
sod_avg_train_0000252,train,7,2,2,1.0
sod_avg_train_0000253,train,7,2,2,1.0
sod_avg_train_0000254,train,7,2,2,1.0
sod_avg_train_0000255,train,7,2,2,1.0
sod_avg_train_0000256,train,7,2,2,1.0
sod_avg_train_0000257,train,7,2,2,1.0
sod_avg_train_0000258,train,7,2,2,1.0
sod_avg_train_0000259,train,7,2,2,1.0
sod_avg_train_0000260,train,7,2,2,1.0
sod_avg_train_0000261,train,7,2,2,1.0
sod_avg_train_0000262,train,7,2,2,1.0
sod_avg_train_0000263,train,7,2,2,1.0
sod_avg_train_0000264,train,7,2,2,1.0
sod_avg_train_0000265,train,7,2,2,1.0
sod_avg_train_0000266,train,7,2,2,1.0
sod_avg_train_0000267,train,7,2,2,1.0
sod_avg_train_0000268,train,7,2,2,1.0
sod_avg_train_0000269,train,7,2,2,1.0
sod_avg_train_0000270,train,7,2,2,1.0
sod_avg_train_0000271,train,7,2,2,1.0
sod_avg_train_0000272,train,7,2,2,1.0
sod_avg_train_0000273,train,7,2,2,1.0
sod_avg_train_0000274,train,7,2,2,1.0
sod_avg_train_0000275,train,7,2,2,1.0
sod_avg_train_0000276,train,7,2,2,1.0
sod_avg_train_0000277,train,7,2,2,1.0
sod_avg_train_0000278,train,7,2,2,1.0
sod_avg_train_0000279,train,7,2,2,1.0
sod_avg_train_0000280,train,7,2,2,1.0
sod_avg_train_0000281,train,7,2,2,1.0
sod_avg_train_0000282,train,7,2,2,1.0
sod_avg_train_0000283,train,7,5,5,1.0
sod_avg_train_0000284,train,7,5,5,1.0
sod_avg_train_0000285,train,7,5,5,1.0
sod_avg_train_0000286,train,7,5,5,1.0
sod_avg_train_0000287,train,7,5,5,1.0
sod_avg_train_0000288,train,7,5,5,1.0
sod_avg_train_0000289,train,7,5,5,1.0
sod_avg_train_0000290,train,7,5,5,1.0
sod_avg_train_0000291,train,7,5,5,1.0
sod_avg_train_0000292,train,7,5,5,1.0
sod_avg_train_0000293,train,7,5,5,1.0
sod_avg_train_0000294,train,7,5,5,1.0
sod_avg_train_0000295,train,7,5,5,1.0
sod_avg_train_0000296,train,7,5,5,1.0
sod_avg_train_0000297,train,7,5,5,1.0
sod_avg_train_0000298,train,7,5,5,1.0
sod_avg_train_0000299,train,7,5,5,1.0
sod_avg_train_0000300,train,7,5,5,1.0
sod_avg_train_0000301,train,7,5,5,1.0
sod_avg_train_0000302,train,7,5,5,1.0
sod_avg_train_0000303,train,7,5,5,1.0
sod_avg_train_0000304,train,7,5,5,1.0
sod_avg_train_0000305,train,7,5,5,1.0
sod_avg_train_0000306,train,7,5,5,1.0
sod_avg_train_0000307,train,7,5,5,1.0
sod_avg_train_0000308,train,7,5,5,1.0
sod_avg_train_0000309,train,7,5,5,1.0
sod_avg_train_0000310,train,7,5,5,1.0
sod_avg_train_0000311,train,7,5,5,1.0
sod_avg_train_0000312,train,7,5,5,1.0
sod_avg_train_0000313,train,7,5,5,1.0
sod_avg_train_0000314,train,7,5,5,1.0
sod_avg_train_0000315,train,7,5,5,1.0
sod_avg_train_0000316,train,7,5,5,1.0
sod_avg_train_0000317,train,7,5,5,1.0
sod_avg_train_0000318,train,7,5,5,1.0
sod_avg_train_0000319,train,7,5,5,1.0
sod_avg_train_0000320,train,7,5,5,1.0
sod_avg_train_0000321,train,7,5,5,1.0
sod_avg_val_0000000,val,7,3,3,0.988223453815261
sod_avg_val_0000001,val,7,3,3,0.9782708333333333
sod_avg_val_0000002,val,7,3,3,0.964822341253475
sod_avg_val_0000003,val,7,3,3,0.9784783718555649
sod_avg_val_0000004,val,7,3,3,0.9116420634920636
sod_avg_val_0000005,val,7,3,3,0.9155950577200579
sod_avg_val_0000006,val,7,3,3,0.7064379365079365
sod_avg_val_0000007,val,7,1,1,0.6162319494092846
sod_avg_val_0000008,val,7,1,1,0.8218561822376449
sod_avg_val_0000009,val,7,1,1,0.8817504483750094
sod_avg_val_0000010,val,7,1,1,0.8386858114736033
sod_avg_val_0000011,val,7,1,1,0.8548194638504186
sod_avg_val_0000012,val,7,1,1,0.7420340992703935
sod_avg_val_0000013,val,7,4,1,0.4468823162660664
sod_avg_val_0000014,val,7,1,4,0.5751333299530547
sod_avg_val_0000015,val,7,4,4,0.6481871849079229
sod_avg_val_0000016,val,7,4,4,0.9199342917075473
sod_avg_val_0000017,val,7,4,4,0.9735440392751873
sod_avg_val_0000018,val,7,4,4,0.9925609756097561
sod_avg_val_0000019,val,7,4,4,0.8978292696729254
sod_avg_val_0000020,val,7,4,4,0.9331555441786211
sod_avg_val_0000021,val,7,4,4,0.6162987905706679
sod_avg_val_0000022,val,7,4,4,0.5291272791578665
sod_avg_val_0000023,val,7,6,6,0.6273540956809647
sod_avg_val_0000024,val,7,6,6,0.9709350797383639
sod_avg_val_0000025,val,7,6,6,0.9724278049734641
sod_avg_val_0000026,val,7,6,6,0.990118433722327
sod_avg_val_0000027,val,7,0,0,0.5957244673295415
sod_avg_val_0000028,val,7,0,0,0.7739574754383242
sod_avg_val_0000029,val,7,0,0,0.7478632580318454
sod_avg_val_0000030,val,7,0,0,0.8703126260602059
sod_avg_val_0000031,val,7,0,0,0.8634215139863588
sod_avg_val_0000032,val,7,0,0,0.9714925205745105
sod_avg_val_0000033,val,7,0,0,0.9688409872590199
sod_avg_val_0000034,val,7,0,0,0.9769139024807728
sod_avg_val_0000035,val,7,0,0,0.9969266055045872
sod_avg_val_0000036,val,7,0,0,0.9803330084072158
sod_avg_val_0000037,val,7,0,0,0.8552605974161426
sod_avg_val_0000038,val,7,0,0,0.7752198489576291
sod_avg_val_0000039,val,7,0,0,0.5015858954305804
sod_avg_val_0000040,val,7,2,2,0.5014883897383077
sod_avg_val_0000041,val,7,2,2,0.7638971426587997
sod_avg_val_0000042,val,7,0,2,0.48612252069731426
sod_avg_val_0000043,val,7,2,2,0.9397241529281964
sod_avg_val_0000044,val,7,2,2,0.9185050577124128
sod_avg_val_0000045,val,7,2,2,0.7994190400973324
sod_avg_val_0000046,val,7,2,2,0.9479707882710738
sod_avg_val_0000047,val,7,2,2,0.9700235641587036
sod_avg_val_0000048,val,7,2,2,0.9552289175932585
sod_avg_val_0000049,val,7,2,2,0.508778506348703
sod_avg_val_0000050,val,7,5,5,0.6884587507065838
sod_avg_val_0000051,val,7,5,5,0.9519158763741078
sod_avg_val_0000052,val,7,5,5,0.9616273829708841
sod_avg_val_0000053,val,7,5,5,0.7620968140567795
sod_avg_val_0000054,val,7,5,5,0.9819676432077835
sod_avg_val_0000055,val,7,5,5,0.9473529399199673
sod_avg_val_0000056,val,7,5,5,0.9437304094773127
sod_avg_test_0000000,test,7,3,3,0.9341133420866342
sod_avg_test_0000001,test,7,3,3,0.9244709184488461
sod_avg_test_0000002,test,7,3,3,0.9491041666666666
sod_avg_test_0000003,test,7,3,3,0.9013996665907671
sod_avg_test_0000004,test,7,3,3,0.9219908687000751
sod_avg_test_0000005,test,7,3,3,0.9730043859649122
sod_avg_test_0000006,test,7,3,3,0.8344097379487851
sod_avg_test_0000007,test,7,3,3,0.8518939763128361
sod_avg_test_0000008,test,7,3,3,0.7934981838085287
sod_avg_test_0000009,test,7,3,3,0.7817131070444708
sod_avg_test_0000010,test,7,3,3,0.5999300000000001
sod_avg_test_0000011,test,7,3,1,0.6706954545454547
sod_avg_test_0000012,test,7,1,1,0.7951849079958031
sod_avg_test_0000013,test,7,1,1,0.8353017004222538
sod_avg_test_0000014,test,7,1,1,0.9059092659767891
sod_avg_test_0000015,test,7,1,1,0.9121974675454912
sod_avg_test_0000016,test,7,1,1,0.8244754060305018
sod_avg_test_0000017,test,7,1,1,0.8855135292052136
sod_avg_test_0000018,test,7,1,1,0.851926822926843
sod_avg_test_0000019,test,7,1,1,0.8968478937890652
sod_avg_test_0000020,test,7,1,1,0.8834426064911932
sod_avg_test_0000021,test,7,1,1,0.753416618921095
sod_avg_test_0000022,test,7,1,4,0.6717073151129983
sod_avg_test_0000023,test,7,4,4,0.550442290328985
sod_avg_test_0000024,test,7,4,4,0.8594662680517904
sod_avg_test_0000025,test,7,4,4,0.8722876433881229
sod_avg_test_0000026,test,7,4,4,0.7635245902850005
sod_avg_test_0000027,test,7,4,4,0.898276320931431
sod_avg_test_0000028,test,7,4,4,0.9182951185408369
sod_avg_test_0000029,test,7,4,4,0.911945211075926
sod_avg_test_0000030,test,7,4,4,0.8452142333978641
sod_avg_test_0000031,test,7,4,4,0.8253540790139168
sod_avg_test_0000032,test,7,5,5,0.9659677474226577
sod_avg_test_0000033,test,7,4,4,0.7634697143160935
sod_avg_test_0000034,test,7,5,5,0.9650227594221463
sod_avg_test_0000035,test,7,4,4,0.7259597120652752
sod_avg_test_0000036,test,7,5,5,0.8636879987213573
sod_avg_test_0000037,test,7,6,6,0.6106895753537867
sod_avg_test_0000038,test,7,5,5,0.9857513100996923
sod_avg_test_0000039,test,7,6,6,0.7236507344111027
sod_avg_test_0000040,test,7,5,5,0.9619098053361493
sod_avg_test_0000041,test,7,6,6,0.5636720192372536
sod_avg_test_0000042,test,7,5,5,0.932569285778826
sod_avg_test_0000043,test,7,6,6,0.8723312983084837
sod_avg_test_0000044,test,7,5,5,0.9269638403224838
sod_avg_test_0000045,test,7,6,6,0.9080136456072481
sod_avg_test_0000046,test,7,5,5,0.7747763302957067
sod_avg_test_0000047,test,7,6,6,0.7883501116914009
sod_avg_test_0000048,test,7,5,5,0.7398921854797479
sod_avg_test_0000049,test,7,6,6,0.8185790147964116
sod_avg_test_0000050,test,7,5,5,0.8283344543848229
sod_avg_test_0000051,test,7,6,6,0.8875175449492226
sod_avg_test_0000052,test,7,6,6,0.7422777768855003
sod_avg_test_0000053,test,7,5,5,0.5269571488459148
sod_avg_test_0000054,test,7,6,6,0.5169381461885003
sod_avg_test_0000055,test,7,2,2,0.6017190933627709
sod_avg_test_0000056,test,7,6,6,0.5763947709872534
sod_avg_test_0000057,test,7,2,2,0.7736567389970946
sod_avg_test_0000058,test,7,0,6,0.529527071589934
sod_avg_test_0000059,test,7,2,2,0.9029262075716027
sod_avg_test_0000060,test,7,0,0,0.5332404875255249
sod_avg_test_0000061,test,7,2,2,0.9334312671001298
sod_avg_test_0000062,test,7,0,0,0.7201057715713185
sod_avg_test_0000063,test,7,2,2,0.9573186574844449
sod_avg_test_0000064,test,7,0,0,0.7749399476973093
sod_avg_test_0000065,test,7,2,2,0.9646691380568941
sod_avg_test_0000066,test,7,0,0,0.7135104288692353
sod_avg_test_0000067,test,7,2,2,0.9564322402993846
sod_avg_test_0000068,test,7,0,0,0.8714885088284631
sod_avg_test_0000069,test,7,2,0,0.5448120972119866
sod_avg_test_0000070,test,7,0,0,0.8786884084574461
sod_avg_test_0000071,test,7,0,0,0.8097334858583561
sod_avg_test_0000072,test,7,0,0,0.5726827209406468
sod_avg_test_0000073,test,7,0,2,0.5243707272521881
sod_avg_test_0000074,test,7,2,2,0.6504435918477297
sod_avg_test_0000075,test,7,2,2,0.6328366756622675
sod_avg_test_0000076,test,7,2,2,0.8103076176457213
sod_avg_test_0000077,test,7,2,2,0.7522138322223126
sod_avg_test_0000078,test,7,2,2,0.8783905868121644
sod_avg_test_0000079,test,7,2,2,0.9709106144884022
sod_avg_test_0000080,test,7,0,0,0.9728372279444824
sod_avg_test_0000081,test,7,0,0,0.9994757433489828
sod_avg_test_0000082,test,7,0,0,0.8958784015946243
sod_avg_test_0000083,test,7,0,0,0.9501036761639072
sod_avg_test_0000084,test,7,0,0,0.7986658335676761
sod_avg_test_0000085,test,7,0,0,0.7625887973055874
sod_avg_train_0000000,train,8,4,4,1.0
sod_avg_train_0000001,train,8,4,4,1.0
sod_avg_train_0000002,train,8,4,4,1.0
sod_avg_train_0000003,train,8,4,4,1.0
sod_avg_train_0000004,train,8,4,4,1.0
sod_avg_train_0000005,train,8,4,4,1.0
sod_avg_train_0000006,train,8,4,4,1.0
sod_avg_train_0000007,train,8,4,4,1.0
sod_avg_train_0000008,train,8,4,4,1.0
sod_avg_train_0000009,train,8,4,4,1.0
sod_avg_train_0000010,train,8,4,4,1.0
sod_avg_train_0000011,train,8,4,4,1.0
sod_avg_train_0000012,train,8,4,4,1.0
sod_avg_train_0000013,train,8,4,4,1.0
sod_avg_train_0000014,train,8,4,4,1.0
sod_avg_train_0000015,train,8,4,4,1.0
sod_avg_train_0000016,train,8,4,4,1.0
sod_avg_train_0000017,train,8,4,4,1.0
sod_avg_train_0000018,train,8,4,4,1.0
sod_avg_train_0000019,train,8,4,4,1.0
sod_avg_train_0000020,train,8,4,4,1.0
sod_avg_train_0000021,train,8,4,4,1.0
sod_avg_train_0000022,train,8,4,4,1.0
sod_avg_train_0000023,train,8,4,4,1.0
sod_avg_train_0000024,train,8,4,4,1.0
sod_avg_train_0000025,train,8,4,4,1.0
sod_avg_train_0000026,train,8,4,4,1.0
sod_avg_train_0000027,train,8,4,4,1.0
sod_avg_train_0000028,train,8,4,4,1.0
sod_avg_train_0000029,train,8,4,4,1.0
sod_avg_train_0000030,train,8,4,4,1.0
sod_avg_train_0000031,train,8,4,4,1.0
sod_avg_train_0000032,train,8,4,4,1.0
sod_avg_train_0000033,train,8,4,4,1.0
sod_avg_train_0000034,train,8,4,4,1.0
sod_avg_train_0000035,train,8,4,4,1.0
sod_avg_train_0000036,train,8,2,2,1.0
sod_avg_train_0000037,train,8,2,2,1.0
sod_avg_train_0000038,train,8,2,2,1.0
sod_avg_train_0000039,train,8,2,2,1.0
sod_avg_train_0000040,train,8,2,2,1.0
sod_avg_train_0000041,train,8,2,2,1.0
sod_avg_train_0000042,train,8,2,2,1.0
sod_avg_train_0000043,train,8,2,2,1.0
sod_avg_train_0000044,train,8,2,2,1.0
sod_avg_train_0000045,train,8,2,2,1.0
sod_avg_train_0000046,train,8,2,2,1.0
sod_avg_train_0000047,train,8,2,2,1.0
sod_avg_train_0000048,train,8,2,2,1.0
sod_avg_train_0000049,train,8,2,2,1.0
sod_avg_train_0000050,train,8,2,2,1.0
sod_avg_train_0000051,train,8,2,2,1.0
sod_avg_train_0000052,train,8,2,2,1.0
sod_avg_train_0000053,train,8,2,2,1.0
sod_avg_train_0000054,train,8,2,2,1.0
sod_avg_train_0000055,train,8,2,2,1.0
sod_avg_train_0000056,train,8,2,2,1.0
sod_avg_train_0000057,train,8,2,2,1.0
sod_avg_train_0000058,train,8,2,2,1.0
sod_avg_train_0000059,train,8,2,2,1.0
sod_avg_train_0000060,train,8,2,2,1.0
sod_avg_train_0000061,train,8,2,2,1.0
sod_avg_train_0000062,train,8,2,2,1.0
sod_avg_train_0000063,train,8,2,2,1.0
sod_avg_train_0000064,train,8,2,2,1.0
sod_avg_train_0000065,train,8,2,2,1.0
sod_avg_train_0000066,train,8,2,2,1.0
sod_avg_train_0000067,train,8,2,2,1.0
sod_avg_train_0000068,train,8,7,7,1.0
sod_avg_train_0000069,train,8,7,7,1.0
sod_avg_train_0000070,train,8,7,7,1.0
sod_avg_train_0000071,train,8,7,7,1.0
sod_avg_train_0000072,train,8,7,7,1.0
sod_avg_train_0000073,train,8,7,7,1.0
sod_avg_train_0000074,train,8,7,7,1.0
sod_avg_train_0000075,train,8,7,7,1.0
sod_avg_train_0000076,train,8,7,7,1.0
sod_avg_train_0000077,train,8,7,7,1.0
sod_avg_train_0000078,train,8,7,7,1.0
sod_avg_train_0000079,train,8,7,7,1.0
sod_avg_train_0000080,train,8,7,7,1.0
sod_avg_train_0000081,train,8,7,7,1.0
sod_avg_train_0000082,train,8,7,7,1.0
sod_avg_train_0000083,train,8,7,7,1.0
sod_avg_train_0000084,train,8,7,7,1.0
sod_avg_train_0000085,train,8,7,7,1.0
sod_avg_train_0000086,train,8,7,7,1.0
sod_avg_train_0000087,train,8,7,7,1.0
sod_avg_train_0000088,train,8,7,7,1.0
sod_avg_train_0000089,train,8,7,7,1.0
sod_avg_train_0000090,train,8,7,7,1.0
sod_avg_train_0000091,train,8,7,7,1.0
sod_avg_train_0000092,train,8,7,7,1.0
sod_avg_train_0000093,train,8,7,7,1.0
sod_avg_train_0000094,train,8,7,7,1.0
sod_avg_train_0000095,train,8,7,7,1.0
sod_avg_train_0000096,train,8,7,7,1.0
sod_avg_train_0000097,train,8,7,7,1.0
sod_avg_train_0000098,train,8,7,7,1.0
sod_avg_train_0000099,train,8,0,0,1.0
sod_avg_train_0000100,train,8,0,0,1.0
sod_avg_train_0000101,train,8,0,0,1.0
sod_avg_train_0000102,train,8,0,0,1.0
sod_avg_train_0000103,train,8,0,0,1.0
sod_avg_train_0000104,train,8,0,0,1.0
sod_avg_train_0000105,train,8,0,0,1.0
sod_avg_train_0000106,train,8,0,0,1.0
sod_avg_train_0000107,train,8,0,0,1.0
sod_avg_train_0000108,train,8,0,0,1.0
sod_avg_train_0000109,train,8,0,0,1.0
sod_avg_train_0000110,train,8,0,0,1.0
sod_avg_train_0000111,train,8,0,0,1.0
sod_avg_train_0000112,train,8,0,0,1.0
sod_avg_train_0000113,train,8,0,0,1.0
sod_avg_train_0000114,train,8,0,0,1.0
sod_avg_train_0000115,train,8,0,0,1.0
sod_avg_train_0000116,train,8,0,0,1.0
sod_avg_train_0000117,train,8,0,0,1.0
sod_avg_train_0000118,train,8,0,0,1.0
sod_avg_train_0000119,train,8,0,0,1.0
sod_avg_train_0000120,train,8,0,0,1.0
sod_avg_train_0000121,train,8,0,0,1.0
sod_avg_train_0000122,train,8,0,0,1.0
sod_avg_train_0000123,train,8,0,0,1.0
sod_avg_train_0000124,train,8,0,0,1.0
sod_avg_train_0000125,train,8,0,0,1.0
sod_avg_train_0000126,train,8,0,0,1.0
sod_avg_train_0000127,train,8,0,0,1.0
sod_avg_train_0000128,train,8,0,0,1.0
sod_avg_train_0000129,train,8,0,0,1.0
sod_avg_train_0000130,train,8,6,6,1.0
sod_avg_train_0000131,train,8,6,6,1.0
sod_avg_train_0000132,train,8,6,6,1.0
sod_avg_train_0000133,train,8,6,6,1.0
sod_avg_train_0000134,train,8,6,6,1.0
sod_avg_train_0000135,train,8,6,6,1.0
sod_avg_train_0000136,train,8,6,6,1.0
sod_avg_train_0000137,train,8,6,6,1.0
sod_avg_train_0000138,train,8,6,6,1.0
sod_avg_train_0000139,train,8,6,6,1.0
sod_avg_train_0000140,train,8,6,6,1.0
sod_avg_train_0000141,train,8,6,6,1.0
sod_avg_train_0000142,train,8,6,6,1.0
sod_avg_train_0000143,train,8,6,6,1.0
sod_avg_train_0000144,train,8,6,6,1.0
sod_avg_train_0000145,train,8,6,6,1.0
sod_avg_train_0000146,train,8,6,6,1.0
sod_avg_train_0000147,train,8,6,6,1.0
sod_avg_train_0000148,train,8,6,6,1.0
sod_avg_train_0000149,train,8,6,6,1.0
sod_avg_train_0000150,train,8,6,6,1.0
sod_avg_train_0000151,train,8,6,6,1.0
sod_avg_train_0000152,train,8,6,6,1.0
sod_avg_train_0000153,train,8,6,6,1.0
sod_avg_train_0000154,train,8,6,6,1.0
sod_avg_train_0000155,train,8,6,6,1.0
sod_avg_train_0000156,train,8,6,6,1.0
sod_avg_train_0000157,train,8,6,6,1.0
sod_avg_train_0000158,train,8,6,6,1.0
sod_avg_train_0000159,train,8,6,6,1.0
sod_avg_train_0000160,train,8,6,6,1.0
sod_avg_train_0000161,train,8,6,6,1.0
sod_avg_train_0000162,train,8,6,6,1.0
sod_avg_train_0000163,train,8,6,6,1.0
sod_avg_train_0000164,train,8,6,6,1.0
sod_avg_train_0000165,train,8,3,3,1.0
sod_avg_train_0000166,train,8,3,3,1.0
sod_avg_train_0000167,train,8,3,3,1.0
sod_avg_train_0000168,train,8,3,3,1.0
sod_avg_train_0000169,train,8,3,3,1.0
sod_avg_train_0000170,train,8,3,3,1.0
sod_avg_train_0000171,train,8,3,3,1.0
sod_avg_train_0000172,train,8,3,3,1.0
sod_avg_train_0000173,train,8,3,3,1.0
sod_avg_train_0000174,train,8,3,3,1.0
sod_avg_train_0000175,train,8,3,3,1.0
sod_avg_train_0000176,train,8,3,3,1.0
sod_avg_train_0000177,train,8,3,3,1.0
sod_avg_train_0000178,train,8,3,3,1.0
sod_avg_train_0000179,train,8,3,3,1.0
sod_avg_train_0000180,train,8,3,3,1.0
sod_avg_train_0000181,train,8,3,3,1.0
sod_avg_train_0000182,train,8,3,3,1.0
sod_avg_train_0000183,train,8,3,3,1.0
sod_avg_train_0000184,train,8,3,3,1.0
sod_avg_train_0000185,train,8,3,3,1.0
sod_avg_train_0000186,train,8,3,3,1.0
sod_avg_train_0000187,train,8,3,3,1.0
sod_avg_train_0000188,train,8,3,3,1.0
sod_avg_train_0000189,train,8,3,3,1.0
sod_avg_train_0000190,train,8,3,3,1.0
sod_avg_train_0000191,train,8,3,3,1.0
sod_avg_train_0000192,train,8,3,3,1.0
sod_avg_train_0000193,train,8,3,3,1.0
sod_avg_train_0000194,train,8,3,3,1.0
sod_avg_train_0000195,train,8,3,3,1.0
sod_avg_train_0000196,train,8,3,3,1.0
sod_avg_train_0000197,train,8,3,3,1.0
sod_avg_train_0000198,train,8,3,3,1.0
sod_avg_train_0000199,train,8,3,3,1.0
sod_avg_train_0000200,train,8,3,3,1.0
sod_avg_train_0000201,train,8,3,3,1.0
sod_avg_train_0000202,train,8,3,3,1.0
sod_avg_train_0000203,train,8,3,3,1.0
sod_avg_train_0000204,train,8,3,3,1.0
sod_avg_train_0000205,train,8,3,3,1.0
sod_avg_train_0000206,train,8,3,3,1.0
sod_avg_train_0000207,train,8,3,3,1.0
sod_avg_train_0000208,train,8,3,3,1.0
sod_avg_train_0000209,train,8,3,3,1.0
sod_avg_train_0000210,train,8,3,3,1.0
sod_avg_train_0000211,train,8,3,3,1.0
sod_avg_train_0000212,train,8,3,3,1.0
sod_avg_train_0000213,train,8,3,3,1.0
sod_avg_train_0000214,train,8,3,3,1.0
sod_avg_train_0000215,train,8,3,3,1.0
sod_avg_train_0000216,train,8,3,3,1.0
sod_avg_train_0000217,train,8,3,3,1.0
sod_avg_train_0000218,train,8,3,3,1.0
sod_avg_train_0000219,train,8,3,3,1.0
sod_avg_train_0000220,train,8,3,3,1.0
sod_avg_train_0000221,train,8,3,3,1.0
sod_avg_train_0000222,train,8,3,3,1.0
sod_avg_train_0000223,train,8,3,3,1.0
sod_avg_train_0000224,train,8,3,3,1.0
sod_avg_train_0000225,train,8,3,3,1.0
sod_avg_train_0000226,train,8,3,3,1.0
sod_avg_train_0000227,train,8,3,3,1.0
sod_avg_train_0000228,train,8,3,3,1.0
sod_avg_train_0000229,train,8,3,3,1.0
sod_avg_train_0000230,train,8,3,3,1.0
sod_avg_train_0000231,train,8,1,1,1.0
sod_avg_train_0000232,train,8,1,1,1.0
sod_avg_train_0000233,train,8,1,1,1.0
sod_avg_train_0000234,train,8,1,1,1.0
sod_avg_train_0000235,train,8,1,1,1.0
sod_avg_train_0000236,train,8,1,1,1.0
sod_avg_train_0000237,train,8,1,1,1.0
sod_avg_train_0000238,train,8,1,1,1.0
sod_avg_train_0000239,train,8,1,1,1.0
sod_avg_train_0000240,train,8,1,1,1.0
sod_avg_train_0000241,train,8,1,1,1.0
sod_avg_train_0000242,train,8,1,1,1.0
sod_avg_train_0000243,train,8,1,1,1.0
sod_avg_train_0000244,train,8,1,1,1.0
sod_avg_train_0000245,train,8,1,1,1.0
sod_avg_train_0000246,train,8,1,1,1.0
sod_avg_train_0000247,train,8,1,1,1.0
sod_avg_train_0000248,train,8,1,1,1.0
sod_avg_train_0000249,train,8,1,1,1.0
sod_avg_train_0000250,train,8,1,1,1.0
sod_avg_train_0000251,train,8,1,1,1.0
sod_avg_train_0000252,train,8,1,1,1.0
sod_avg_train_0000253,train,8,1,1,1.0
sod_avg_train_0000254,train,8,1,1,1.0
sod_avg_train_0000255,train,8,1,1,1.0
sod_avg_train_0000256,train,8,1,1,1.0
sod_avg_train_0000257,train,8,1,1,1.0
sod_avg_train_0000258,train,8,1,1,1.0
sod_avg_train_0000259,train,8,1,1,1.0
sod_avg_train_0000260,train,8,1,1,1.0
sod_avg_train_0000261,train,8,1,1,1.0
sod_avg_train_0000262,train,8,1,1,1.0
sod_avg_train_0000263,train,8,1,1,1.0
sod_avg_train_0000264,train,8,1,1,1.0
sod_avg_train_0000265,train,8,1,1,1.0
sod_avg_train_0000266,train,8,1,1,1.0
sod_avg_train_0000267,train,8,1,1,1.0
sod_avg_train_0000268,train,8,1,1,1.0
sod_avg_train_0000269,train,8,1,1,1.0
sod_avg_train_0000270,train,8,1,1,1.0
sod_avg_train_0000271,train,8,1,1,1.0
sod_avg_train_0000272,train,8,1,1,1.0
sod_avg_train_0000273,train,8,1,1,1.0
sod_avg_train_0000274,train,8,1,1,1.0
sod_avg_train_0000275,train,8,1,1,1.0
sod_avg_train_0000276,train,8,1,1,1.0
sod_avg_train_0000277,train,8,1,1,1.0
sod_avg_train_0000278,train,8,1,1,1.0
sod_avg_train_0000279,train,8,1,1,1.0
sod_avg_train_0000280,train,8,1,1,1.0
sod_avg_train_0000281,train,8,1,1,1.0
sod_avg_train_0000282,train,8,5,5,1.0
sod_avg_train_0000283,train,8,5,5,1.0
sod_avg_train_0000284,train,8,5,5,1.0
sod_avg_train_0000285,train,8,5,5,1.0
sod_avg_train_0000286,train,8,5,5,1.0
sod_avg_train_0000287,train,8,5,5,1.0
sod_avg_train_0000288,train,8,5,5,1.0
sod_avg_train_0000289,train,8,5,5,1.0
sod_avg_train_0000290,train,8,5,5,1.0
sod_avg_train_0000291,train,8,5,5,1.0
sod_avg_train_0000292,train,8,5,5,1.0
sod_avg_train_0000293,train,8,5,5,1.0
sod_avg_train_0000294,train,8,5,5,1.0
sod_avg_train_0000295,train,8,5,5,1.0
sod_avg_train_0000296,train,8,5,5,1.0
sod_avg_train_0000297,train,8,5,5,1.0
sod_avg_train_0000298,train,8,5,5,1.0
sod_avg_train_0000299,train,8,5,5,1.0
sod_avg_train_0000300,train,8,5,5,1.0
sod_avg_train_0000301,train,8,5,5,1.0
sod_avg_train_0000302,train,8,5,5,1.0
sod_avg_train_0000303,train,8,5,5,1.0
sod_avg_train_0000304,train,8,5,5,1.0
sod_avg_train_0000305,train,8,5,5,1.0
sod_avg_train_0000306,train,8,5,5,1.0
sod_avg_train_0000307,train,8,5,5,1.0
sod_avg_train_0000308,train,8,5,5,1.0
sod_avg_train_0000309,train,8,5,5,1.0
sod_avg_train_0000310,train,8,5,5,1.0
sod_avg_train_0000311,train,8,5,5,1.0
sod_avg_train_0000312,train,8,5,5,1.0
sod_avg_train_0000313,train,8,5,5,1.0
sod_avg_train_0000314,train,8,5,5,1.0
sod_avg_train_0000315,train,8,5,5,1.0
sod_avg_train_0000316,train,8,5,5,1.0
sod_avg_train_0000317,train,8,5,5,1.0
sod_avg_train_0000318,train,8,5,5,1.0
sod_avg_train_0000319,train,8,5,5,1.0
sod_avg_train_0000320,train,8,5,5,1.0
sod_avg_train_0000321,train,8,5,5,1.0
sod_avg_val_0000000,val,8,4,4,0.9844382551264463
sod_avg_val_0000001,val,8,4,4,0.982369310275944
sod_avg_val_0000002,val,8,4,4,0.9629688506240487
sod_avg_val_0000003,val,8,4,4,0.9805397828066037
sod_avg_val_0000004,val,8,4,4,0.9126392797002956
sod_avg_val_0000005,val,8,4,4,0.8159694850280503
sod_avg_val_0000006,val,8,2,2,0.5559877924763359
sod_avg_val_0000007,val,8,2,2,0.8224483396820423
sod_avg_val_0000008,val,8,2,2,0.8365189492263067
sod_avg_val_0000009,val,8,2,2,0.7686691346379382
sod_avg_val_0000010,val,8,2,2,0.8877651126931694
sod_avg_val_0000011,val,8,2,2,0.6648046535957135
sod_avg_val_0000012,val,8,7,7,0.7169358845267948
sod_avg_val_0000013,val,8,7,7,0.7718857691731895
sod_avg_val_0000014,val,8,7,7,0.7752653062598414
sod_avg_val_0000015,val,8,7,7,0.7964209134622037
sod_avg_val_0000016,val,8,7,7,0.9314105310268909
sod_avg_val_0000017,val,8,7,7,0.7041211907069629
sod_avg_val_0000018,val,8,0,0,0.857964285714286
sod_avg_val_0000019,val,8,0,0,0.9678519891277491
sod_avg_val_0000020,val,8,0,0,0.9883333333333333
sod_avg_val_0000021,val,8,0,0,0.9459963784421409
sod_avg_val_0000022,val,8,0,0,0.9483012120332982
sod_avg_val_0000023,val,8,0,0,0.9861024633031426
sod_avg_val_0000024,val,8,6,0,0.7396917321931951
sod_avg_val_0000025,val,8,6,6,0.7338176924342935
sod_avg_val_0000026,val,8,6,6,0.9778112522459643
sod_avg_val_0000027,val,8,6,6,0.5531665411185286
sod_avg_val_0000028,val,8,3,3,0.7535902320018387
sod_avg_val_0000029,val,8,3,3,0.7496544570038616
sod_avg_val_0000030,val,8,3,3,0.8146129122325574
sod_avg_val_0000031,val,8,3,3,0.8252123124339587
sod_avg_val_0000032,val,8,3,3,0.9676826012578529
sod_avg_val_0000033,val,8,3,3,0.9885693620160274
sod_avg_val_0000034,val,8,3,3,0.9946683673469388
sod_avg_val_0000035,val,8,3,3,0.9842066337965037
sod_avg_val_0000036,val,8,3,3,0.9820506300272946
sod_avg_val_0000037,val,8,3,3,0.8055069041973791
sod_avg_val_0000038,val,8,3,3,0.7563418931793838
sod_avg_val_0000039,val,8,1,3,0.5085567097721251
sod_avg_val_0000040,val,8,1,1,0.5429670075651515
sod_avg_val_0000041,val,8,1,1,0.8417043855141866
sod_avg_val_0000042,val,8,1,1,0.524727150580515
sod_avg_val_0000043,val,8,1,1,0.9114676748305185
sod_avg_val_0000044,val,8,1,1,0.8911346706211135
sod_avg_val_0000045,val,8,1,1,0.8073873075754492
sod_avg_val_0000046,val,8,1,1,0.9661591961167675
sod_avg_val_0000047,val,8,1,1,0.9880957732471576
sod_avg_val_0000048,val,8,1,1,0.9526647757962929
sod_avg_val_0000049,val,8,1,1,0.5267625551706261
sod_avg_val_0000050,val,8,5,5,0.7482782563305526
sod_avg_val_0000051,val,8,5,5,0.9701063364165203
sod_avg_val_0000052,val,8,5,5,0.9784733824612348
sod_avg_val_0000053,val,8,5,5,0.7468396670729709
sod_avg_val_0000054,val,8,5,5,0.9472073021242282
sod_avg_val_0000055,val,8,5,5,0.9364500714513051
sod_avg_val_0000056,val,8,5,5,0.949233292509855
sod_avg_test_0000000,test,8,4,4,0.8889042103784268
sod_avg_test_0000001,test,8,4,4,0.9111451173273967
sod_avg_test_0000002,test,8,4,4,0.9553087389187686
sod_avg_test_0000003,test,8,4,4,0.9256153302133627
sod_avg_test_0000004,test,8,4,4,0.9447334904254601
sod_avg_test_0000005,test,8,4,4,0.9227976540601708
sod_avg_test_0000006,test,8,4,4,0.845472625406523
sod_avg_test_0000007,test,8,4,4,0.8849279111596767
sod_avg_test_0000008,test,8,4,4,0.6866093261901425
sod_avg_test_0000009,test,8,4,4,0.6464811918689223
sod_avg_test_0000010,test,8,2,2,0.544185834596337
sod_avg_test_0000011,test,8,2,2,0.5277555927462381
sod_avg_test_0000012,test,8,2,2,0.7033141756511115
sod_avg_test_0000013,test,8,2,2,0.6985295712787624
sod_avg_test_0000014,test,8,2,2,0.82274730498368
sod_avg_test_0000015,test,8,2,2,0.7102743541237921
sod_avg_test_0000016,test,8,2,2,0.8220005368765726
sod_avg_test_0000017,test,8,2,2,0.640354992594267
sod_avg_test_0000018,test,8,7,7,0.5206808470569737
sod_avg_test_0000019,test,8,7,7,0.5324867589416595
sod_avg_test_0000020,test,8,7,7,0.6789976643541418
sod_avg_test_0000021,test,8,7,7,0.7120911934602092
sod_avg_test_0000022,test,8,7,7,0.8057584251120431
sod_avg_test_0000023,test,8,7,7,0.7922943117936927
sod_avg_test_0000024,test,8,7,7,0.9475172004484206
sod_avg_test_0000025,test,8,7,7,0.8658116518016117
sod_avg_test_0000026,test,8,7,7,0.5039814377340202
sod_avg_test_0000027,test,8,7,0,0.7024368427405575
sod_avg_test_0000028,test,8,0,0,0.5933380553674431
sod_avg_test_0000029,test,8,0,0,0.7167324711831837
sod_avg_test_0000030,test,8,0,0,0.759740660510615
sod_avg_test_0000031,test,8,0,0,0.9580035042792642
sod_avg_test_0000032,test,8,5,5,0.9667735741197899
sod_avg_test_0000033,test,8,0,0,0.9674084359655477
sod_avg_test_0000034,test,8,5,5,0.9771824672585804
sod_avg_test_0000035,test,8,0,0,0.9628867168818747
sod_avg_test_0000036,test,8,5,5,0.8737382199690971
sod_avg_test_0000037,test,8,0,0,0.9447618573187223
sod_avg_test_0000038,test,8,5,5,0.9709522925643691
sod_avg_test_0000039,test,8,0,0,0.7195286045480661
sod_avg_test_0000040,test,8,5,5,0.9566259746428049
sod_avg_test_0000041,test,8,0,0,0.5542415509858758
sod_avg_test_0000042,test,8,5,5,0.942357693330188
sod_avg_test_0000043,test,8,6,6,0.8393305178743785
sod_avg_test_0000044,test,8,5,5,0.9234598777279757
sod_avg_test_0000045,test,8,6,6,0.8474130523784857
sod_avg_test_0000046,test,8,5,5,0.7470498699322168
sod_avg_test_0000047,test,8,6,6,0.8419233835534327
sod_avg_test_0000048,test,8,5,5,0.7908734157567673
sod_avg_test_0000049,test,8,6,6,0.823227451834874
sod_avg_test_0000050,test,8,5,5,0.8325274231099775
sod_avg_test_0000051,test,8,6,6,0.9069649333380099
sod_avg_test_0000052,test,8,6,6,0.7210254672752964
sod_avg_test_0000053,test,8,5,5,0.5462511384519854
sod_avg_test_0000054,test,8,6,6,0.5084945872923506
sod_avg_test_0000055,test,8,1,1,0.5980365251189026
sod_avg_test_0000056,test,8,6,6,0.6644006788079002
sod_avg_test_0000057,test,8,1,1,0.7668986166972306
sod_avg_test_0000058,test,8,3,6,0.4988895654250956
sod_avg_test_0000059,test,8,1,1,0.8964122355722656
sod_avg_test_0000060,test,8,3,6,0.5547877532468156
sod_avg_test_0000061,test,8,1,1,0.928355522690666
sod_avg_test_0000062,test,8,3,3,0.6806166059116248
sod_avg_test_0000063,test,8,1,1,0.9572868003118917
sod_avg_test_0000064,test,8,3,3,0.7865798876423682
sod_avg_test_0000065,test,8,1,1,0.9726171200052239
sod_avg_test_0000066,test,8,3,3,0.7138301795703903
sod_avg_test_0000067,test,8,1,1,0.9791559124654801
sod_avg_test_0000068,test,8,3,3,0.8472572163980139
sod_avg_test_0000069,test,8,1,3,0.5511748156151252
sod_avg_test_0000070,test,8,3,3,0.8699889662263998
sod_avg_test_0000071,test,8,3,3,0.7900356454094036
sod_avg_test_0000072,test,8,3,3,0.6091982048511194
sod_avg_test_0000073,test,8,3,1,0.5115602547861452
sod_avg_test_0000074,test,8,1,1,0.581309139141019
sod_avg_test_0000075,test,8,1,1,0.6758323721625625
sod_avg_test_0000076,test,8,1,1,0.7821019253223264
sod_avg_test_0000077,test,8,1,1,0.733681435685221
sod_avg_test_0000078,test,8,1,1,0.8743701847193076
sod_avg_test_0000079,test,8,1,1,0.9826968644490798
sod_avg_test_0000080,test,8,3,3,0.9651271706263234
sod_avg_test_0000081,test,8,3,3,0.9923946886446886
sod_avg_test_0000082,test,8,3,3,0.8865012382813774
sod_avg_test_0000083,test,8,3,3,0.933013514809256
sod_avg_test_0000084,test,8,3,3,0.7818311121252178
sod_avg_test_0000085,test,8,3,3,0.751738251681155
sod_avg_train_0000000,train,9,1,1,1.0
sod_avg_train_0000001,train,9,1,1,1.0
sod_avg_train_0000002,train,9,1,1,1.0
sod_avg_train_0000003,train,9,1,1,1.0
sod_avg_train_0000004,train,9,1,1,1.0
sod_avg_train_0000005,train,9,1,1,1.0
sod_avg_train_0000006,train,9,1,1,1.0
sod_avg_train_0000007,train,9,1,1,1.0
sod_avg_train_0000008,train,9,1,1,1.0
sod_avg_train_0000009,train,9,1,1,1.0
sod_avg_train_0000010,train,9,1,1,1.0
sod_avg_train_0000011,train,9,1,1,1.0
sod_avg_train_0000012,train,9,1,1,1.0
sod_avg_train_0000013,train,9,1,1,1.0
sod_avg_train_0000014,train,9,1,1,1.0
sod_avg_train_0000015,train,9,1,1,1.0
sod_avg_train_0000016,train,9,1,1,1.0
sod_avg_train_0000017,train,9,1,1,1.0
sod_avg_train_0000018,train,9,1,1,1.0
sod_avg_train_0000019,train,9,1,1,1.0
sod_avg_train_0000020,train,9,1,1,1.0
sod_avg_train_0000021,train,9,1,1,1.0
sod_avg_train_0000022,train,9,1,1,1.0
sod_avg_train_0000023,train,9,1,1,1.0
sod_avg_train_0000024,train,9,1,1,1.0
sod_avg_train_0000025,train,9,1,1,1.0
sod_avg_train_0000026,train,9,1,1,1.0
sod_avg_train_0000027,train,9,1,1,1.0
sod_avg_train_0000028,train,9,1,1,1.0
sod_avg_train_0000029,train,9,1,1,1.0
sod_avg_train_0000030,train,9,1,1,1.0
sod_avg_train_0000031,train,9,1,1,1.0
sod_avg_train_0000032,train,9,1,1,1.0
sod_avg_train_0000033,train,9,1,1,1.0
sod_avg_train_0000034,train,9,1,1,1.0
sod_avg_train_0000035,train,9,1,1,1.0
sod_avg_train_0000036,train,9,8,8,1.0
sod_avg_train_0000037,train,9,8,8,1.0
sod_avg_train_0000038,train,9,8,8,1.0
sod_avg_train_0000039,train,9,8,8,1.0
sod_avg_train_0000040,train,9,8,8,1.0
sod_avg_train_0000041,train,9,8,8,1.0
sod_avg_train_0000042,train,9,8,8,1.0
sod_avg_train_0000043,train,9,8,8,1.0
sod_avg_train_0000044,train,9,8,8,1.0
sod_avg_train_0000045,train,9,8,8,1.0
sod_avg_train_0000046,train,9,8,8,1.0
sod_avg_train_0000047,train,9,8,8,1.0
sod_avg_train_0000048,train,9,8,8,1.0
sod_avg_train_0000049,train,9,8,8,1.0
sod_avg_train_0000050,train,9,8,8,1.0
sod_avg_train_0000051,train,9,8,8,1.0
sod_avg_train_0000052,train,9,8,8,1.0
sod_avg_train_0000053,train,9,8,8,1.0
sod_avg_train_0000054,train,9,8,8,1.0
sod_avg_train_0000055,train,9,8,8,1.0
sod_avg_train_0000056,train,9,8,8,1.0
sod_avg_train_0000057,train,9,8,8,1.0
sod_avg_train_0000058,train,9,8,8,1.0
sod_avg_train_0000059,train,9,8,8,1.0
sod_avg_train_0000060,train,9,8,8,1.0
sod_avg_train_0000061,train,9,8,8,1.0
sod_avg_train_0000062,train,9,8,8,1.0
sod_avg_train_0000063,train,9,8,8,1.0
sod_avg_train_0000064,train,9,8,8,1.0
sod_avg_train_0000065,train,9,8,8,1.0
sod_avg_train_0000066,train,9,8,8,1.0
sod_avg_train_0000067,train,9,8,8,1.0
sod_avg_train_0000068,train,9,4,4,1.0
sod_avg_train_0000069,train,9,4,4,1.0
sod_avg_train_0000070,train,9,4,4,1.0
sod_avg_train_0000071,train,9,4,4,1.0
sod_avg_train_0000072,train,9,4,4,1.0
sod_avg_train_0000073,train,9,4,4,1.0
sod_avg_train_0000074,train,9,4,4,1.0
sod_avg_train_0000075,train,9,4,4,1.0
sod_avg_train_0000076,train,9,4,4,1.0
sod_avg_train_0000077,train,9,4,4,1.0
sod_avg_train_0000078,train,9,4,4,1.0
sod_avg_train_0000079,train,9,4,4,1.0
sod_avg_train_0000080,train,9,4,4,1.0
sod_avg_train_0000081,train,9,4,4,1.0
sod_avg_train_0000082,train,9,4,4,1.0
sod_avg_train_0000083,train,9,4,4,1.0
sod_avg_train_0000084,train,9,4,4,1.0
sod_avg_train_0000085,train,9,4,4,1.0
sod_avg_train_0000086,train,9,4,4,1.0
sod_avg_train_0000087,train,9,4,4,1.0
sod_avg_train_0000088,train,9,4,4,1.0
sod_avg_train_0000089,train,9,4,4,1.0
sod_avg_train_0000090,train,9,4,4,1.0
sod_avg_train_0000091,train,9,4,4,1.0
sod_avg_train_0000092,train,9,4,4,1.0
sod_avg_train_0000093,train,9,4,4,1.0
sod_avg_train_0000094,train,9,4,4,1.0
sod_avg_train_0000095,train,9,4,4,1.0
sod_avg_train_0000096,train,9,4,4,1.0
sod_avg_train_0000097,train,9,4,4,1.0
sod_avg_train_0000098,train,9,4,4,1.0
sod_avg_train_0000099,train,9,2,2,1.0
sod_avg_train_0000100,train,9,2,2,1.0
sod_avg_train_0000101,train,9,2,2,1.0
sod_avg_train_0000102,train,9,2,2,1.0
sod_avg_train_0000103,train,9,2,2,1.0
sod_avg_train_0000104,train,9,2,2,1.0
sod_avg_train_0000105,train,9,2,2,1.0
sod_avg_train_0000106,train,9,2,2,1.0
sod_avg_train_0000107,train,9,2,2,1.0
sod_avg_train_0000108,train,9,2,2,1.0
sod_avg_train_0000109,train,9,2,2,1.0
sod_avg_train_0000110,train,9,2,2,1.0
sod_avg_train_0000111,train,9,2,2,1.0
sod_avg_train_0000112,train,9,2,2,1.0
sod_avg_train_0000113,train,9,2,2,1.0
sod_avg_train_0000114,train,9,2,2,1.0
sod_avg_train_0000115,train,9,2,2,1.0
sod_avg_train_0000116,train,9,2,2,1.0
sod_avg_train_0000117,train,9,2,2,1.0
sod_avg_train_0000118,train,9,2,2,1.0
sod_avg_train_0000119,train,9,2,2,1.0
sod_avg_train_0000120,train,9,2,2,1.0
sod_avg_train_0000121,train,9,2,2,1.0
sod_avg_train_0000122,train,9,2,2,1.0
sod_avg_train_0000123,train,9,2,2,1.0
sod_avg_train_0000124,train,9,2,2,1.0
sod_avg_train_0000125,train,9,2,2,1.0
sod_avg_train_0000126,train,9,2,2,1.0
sod_avg_train_0000127,train,9,2,2,1.0
sod_avg_train_0000128,train,9,2,2,1.0
sod_avg_train_0000129,train,9,2,2,1.0
sod_avg_train_0000130,train,9,6,6,1.0
sod_avg_train_0000131,train,9,6,6,1.0
sod_avg_train_0000132,train,9,6,6,1.0
sod_avg_train_0000133,train,9,6,6,1.0
sod_avg_train_0000134,train,9,6,6,1.0
sod_avg_train_0000135,train,9,6,6,1.0
sod_avg_train_0000136,train,9,6,6,1.0
sod_avg_train_0000137,train,9,6,6,1.0
sod_avg_train_0000138,train,9,6,6,1.0
sod_avg_train_0000139,train,9,6,6,1.0
sod_avg_train_0000140,train,9,6,6,1.0
sod_avg_train_0000141,train,9,6,6,1.0
sod_avg_train_0000142,train,9,6,6,1.0
sod_avg_train_0000143,train,9,6,6,1.0
sod_avg_train_0000144,train,9,6,6,1.0
sod_avg_train_0000145,train,9,6,6,1.0
sod_avg_train_0000146,train,9,6,6,1.0
sod_avg_train_0000147,train,9,6,6,1.0
sod_avg_train_0000148,train,9,6,6,1.0
sod_avg_train_0000149,train,9,6,6,1.0
sod_avg_train_0000150,train,9,6,6,1.0
sod_avg_train_0000151,train,9,6,6,1.0
sod_avg_train_0000152,train,9,6,6,1.0
sod_avg_train_0000153,train,9,6,6,1.0
sod_avg_train_0000154,train,9,6,6,1.0
sod_avg_train_0000155,train,9,6,6,1.0
sod_avg_train_0000156,train,9,6,6,1.0
sod_avg_train_0000157,train,9,6,6,1.0
sod_avg_train_0000158,train,9,6,6,1.0
sod_avg_train_0000159,train,9,6,6,1.0
sod_avg_train_0000160,train,9,6,6,1.0
sod_avg_train_0000161,train,9,6,6,1.0
sod_avg_train_0000162,train,9,6,6,1.0
sod_avg_train_0000163,train,9,6,6,1.0
sod_avg_train_0000164,train,9,6,6,1.0
sod_avg_train_0000165,train,9,0,0,1.0
sod_avg_train_0000166,train,9,0,0,1.0
sod_avg_train_0000167,train,9,0,0,1.0
sod_avg_train_0000168,train,9,0,0,1.0
sod_avg_train_0000169,train,9,0,0,1.0
sod_avg_train_0000170,train,9,0,0,1.0
sod_avg_train_0000171,train,9,0,0,1.0
sod_avg_train_0000172,train,9,0,0,1.0
sod_avg_train_0000173,train,9,0,0,1.0
sod_avg_train_0000174,train,9,0,0,1.0
sod_avg_train_0000175,train,9,0,0,1.0
sod_avg_train_0000176,train,9,0,0,1.0
sod_avg_train_0000177,train,9,0,0,1.0
sod_avg_train_0000178,train,9,0,0,1.0
sod_avg_train_0000179,train,9,0,0,1.0
sod_avg_train_0000180,train,9,0,0,1.0
sod_avg_train_0000181,train,9,0,0,1.0
sod_avg_train_0000182,train,9,0,0,1.0
sod_avg_train_0000183,train,9,0,0,1.0
sod_avg_train_0000184,train,9,0,0,1.0
sod_avg_train_0000185,train,9,0,0,1.0
sod_avg_train_0000186,train,9,0,0,1.0
sod_avg_train_0000187,train,9,0,0,1.0
sod_avg_train_0000188,train,9,0,0,1.0
sod_avg_train_0000189,train,9,0,0,1.0
sod_avg_train_0000190,train,9,0,0,1.0
sod_avg_train_0000191,train,9,0,0,1.0
sod_avg_train_0000192,train,9,0,0,1.0
sod_avg_train_0000193,train,9,0,0,1.0
sod_avg_train_0000194,train,9,0,0,1.0
sod_avg_train_0000195,train,9,0,0,1.0
sod_avg_train_0000196,train,9,0,0,1.0
sod_avg_train_0000197,train,9,0,0,1.0
sod_avg_train_0000198,train,9,0,0,1.0
sod_avg_train_0000199,train,9,0,0,1.0
sod_avg_train_0000200,train,9,0,0,1.0
sod_avg_train_0000201,train,9,0,0,1.0
sod_avg_train_0000202,train,9,0,0,1.0
sod_avg_train_0000203,train,9,0,0,1.0
sod_avg_train_0000204,train,9,0,0,1.0
sod_avg_train_0000205,train,9,0,0,1.0
sod_avg_train_0000206,train,9,0,0,1.0
sod_avg_train_0000207,train,9,0,0,1.0
sod_avg_train_0000208,train,9,0,0,1.0
sod_avg_train_0000209,train,9,0,0,1.0
sod_avg_train_0000210,train,9,0,0,1.0
sod_avg_train_0000211,train,9,0,0,1.0
sod_avg_train_0000212,train,9,0,0,1.0
sod_avg_train_0000213,train,9,0,0,1.0
sod_avg_train_0000214,train,9,0,0,1.0
sod_avg_train_0000215,train,9,0,0,1.0
sod_avg_train_0000216,train,9,0,0,1.0
sod_avg_train_0000217,train,9,0,0,1.0
sod_avg_train_0000218,train,9,0,0,1.0
sod_avg_train_0000219,train,9,0,0,1.0
sod_avg_train_0000220,train,9,0,0,1.0
sod_avg_train_0000221,train,9,0,0,1.0
sod_avg_train_0000222,train,9,0,0,1.0
sod_avg_train_0000223,train,9,0,0,1.0
sod_avg_train_0000224,train,9,0,0,1.0
sod_avg_train_0000225,train,9,0,0,1.0
sod_avg_train_0000226,train,9,0,0,1.0
sod_avg_train_0000227,train,9,0,0,1.0
sod_avg_train_0000228,train,9,5,5,1.0
sod_avg_train_0000229,train,9,5,5,1.0
sod_avg_train_0000230,train,9,5,5,1.0
sod_avg_train_0000231,train,9,5,5,1.0
sod_avg_train_0000232,train,9,5,5,1.0
sod_avg_train_0000233,train,9,5,5,1.0
sod_avg_train_0000234,train,9,5,5,1.0
sod_avg_train_0000235,train,9,5,5,1.0
sod_avg_train_0000236,train,9,5,5,1.0
sod_avg_train_0000237,train,9,5,5,1.0
sod_avg_train_0000238,train,9,5,5,1.0
sod_avg_train_0000239,train,9,5,5,1.0
sod_avg_train_0000240,train,9,5,5,1.0
sod_avg_train_0000241,train,9,5,5,1.0
sod_avg_train_0000242,train,9,5,5,1.0
sod_avg_train_0000243,train,9,5,5,1.0
sod_avg_train_0000244,train,9,5,5,1.0
sod_avg_train_0000245,train,9,5,5,1.0
sod_avg_train_0000246,train,9,5,5,1.0
sod_avg_train_0000247,train,9,5,5,1.0
sod_avg_train_0000248,train,9,5,5,1.0
sod_avg_train_0000249,train,9,5,5,1.0
sod_avg_train_0000250,train,9,5,5,1.0
sod_avg_train_0000251,train,9,5,5,1.0
sod_avg_train_0000252,train,9,5,5,1.0
sod_avg_train_0000253,train,9,5,5,1.0
sod_avg_train_0000254,train,9,5,5,1.0
sod_avg_train_0000255,train,9,5,5,1.0
sod_avg_train_0000256,train,9,5,5,1.0
sod_avg_train_0000257,train,9,5,5,1.0
sod_avg_train_0000258,train,9,5,5,1.0
sod_avg_train_0000259,train,9,5,5,1.0
sod_avg_train_0000260,train,9,5,5,1.0
sod_avg_train_0000261,train,9,5,5,1.0
sod_avg_train_0000262,train,9,5,5,1.0
sod_avg_train_0000263,train,9,5,5,1.0
sod_avg_train_0000264,train,9,5,5,1.0
sod_avg_train_0000265,train,9,5,5,1.0
sod_avg_train_0000266,train,9,3,3,1.0
sod_avg_train_0000267,train,9,3,3,1.0
sod_avg_train_0000268,train,9,3,3,1.0
sod_avg_train_0000269,train,9,3,3,1.0
sod_avg_train_0000270,train,9,3,3,1.0
sod_avg_train_0000271,train,9,3,3,1.0
sod_avg_train_0000272,train,9,3,3,1.0
sod_avg_train_0000273,train,9,3,3,1.0
sod_avg_train_0000274,train,9,3,3,1.0
sod_avg_train_0000275,train,9,3,3,1.0
sod_avg_train_0000276,train,9,3,3,1.0
sod_avg_train_0000277,train,9,3,3,1.0
sod_avg_train_0000278,train,9,3,3,1.0
sod_avg_train_0000279,train,9,3,3,1.0
sod_avg_train_0000280,train,9,3,3,1.0
sod_avg_train_0000281,train,9,3,3,1.0
sod_avg_train_0000282,train,9,3,3,1.0
sod_avg_train_0000283,train,9,3,3,1.0
sod_avg_train_0000284,train,9,3,3,1.0
sod_avg_train_0000285,train,9,3,3,1.0
sod_avg_train_0000286,train,9,3,3,1.0
sod_avg_train_0000287,train,9,3,3,1.0
sod_avg_train_0000288,train,9,3,3,1.0
sod_avg_train_0000289,train,9,3,3,1.0
sod_avg_train_0000290,train,9,3,3,1.0
sod_avg_train_0000291,train,9,3,3,1.0
sod_avg_train_0000292,train,9,3,3,1.0
sod_avg_train_0000293,train,9,3,3,1.0
sod_avg_train_0000294,train,9,3,3,1.0
sod_avg_train_0000295,train,9,7,7,1.0
sod_avg_train_0000296,train,9,7,7,1.0
sod_avg_train_0000297,train,9,7,7,1.0
sod_avg_train_0000298,train,9,7,7,1.0
sod_avg_train_0000299,train,9,7,7,1.0
sod_avg_train_0000300,train,9,7,7,1.0
sod_avg_train_0000301,train,9,7,7,1.0
sod_avg_train_0000302,train,9,7,7,1.0
sod_avg_train_0000303,train,9,7,7,1.0
sod_avg_train_0000304,train,9,7,7,1.0
sod_avg_train_0000305,train,9,7,7,1.0
sod_avg_train_0000306,train,9,7,7,1.0
sod_avg_train_0000307,train,9,7,7,1.0
sod_avg_train_0000308,train,9,7,7,1.0
sod_avg_train_0000309,train,9,7,7,1.0
sod_avg_train_0000310,train,9,7,7,1.0
sod_avg_train_0000311,train,9,7,7,1.0
sod_avg_train_0000312,train,9,7,7,1.0
sod_avg_train_0000313,train,9,7,7,1.0
sod_avg_train_0000314,train,9,7,7,1.0
sod_avg_train_0000315,train,9,7,7,1.0
sod_avg_train_0000316,train,9,7,7,1.0
sod_avg_train_0000317,train,9,7,7,1.0
sod_avg_train_0000318,train,9,7,7,1.0
sod_avg_train_0000319,train,9,7,7,1.0
sod_avg_train_0000320,train,9,7,7,1.0
sod_avg_train_0000321,train,9,7,7,1.0
sod_avg_val_0000000,val,9,1,1,0.9763367040327405
sod_avg_val_0000001,val,9,1,1,0.9471119442992447
sod_avg_val_0000002,val,9,1,1,0.9658621725306472
sod_avg_val_0000003,val,9,1,1,0.9779861782008118
sod_avg_val_0000004,val,9,1,1,0.8918519903247268
sod_avg_val_0000005,val,9,1,1,0.7655327986141969
sod_avg_val_0000006,val,9,8,8,0.5213231089941541
sod_avg_val_0000007,val,9,8,8,0.7343397669410335
sod_avg_val_0000008,val,9,8,8,0.8240020848052225
sod_avg_val_0000009,val,9,8,8,0.791355664289029
sod_avg_val_0000010,val,9,8,8,0.8928603739687696
sod_avg_val_0000011,val,9,8,8,0.7193729331370108
sod_avg_val_0000012,val,9,4,4,0.6958123337811114
sod_avg_val_0000013,val,9,4,4,0.7694947908185757
sod_avg_val_0000014,val,9,4,4,0.7440339663289532
sod_avg_val_0000015,val,9,4,4,0.7669007937861464
sod_avg_val_0000016,val,9,4,4,0.9534113062708475
sod_avg_val_0000017,val,9,4,4,0.7056271940609193
sod_avg_val_0000018,val,9,2,2,0.9088193991873603
sod_avg_val_0000019,val,9,2,2,0.9681893533050926
sod_avg_val_0000020,val,9,2,2,0.9869644932394681
sod_avg_val_0000021,val,9,2,2,0.9231562939223545
sod_avg_val_0000022,val,9,2,2,0.9410777255032025
sod_avg_val_0000023,val,9,2,2,0.9753907634676042
sod_avg_val_0000024,val,9,6,2,0.7361184689620689
sod_avg_val_0000025,val,9,6,6,0.74928586039787
sod_avg_val_0000026,val,9,6,6,0.979020067874244
sod_avg_val_0000027,val,9,6,6,0.5025850189015467
sod_avg_val_0000028,val,9,0,0,0.7009425679656485
sod_avg_val_0000029,val,9,0,0,0.7145499588745965
sod_avg_val_0000030,val,9,0,0,0.8629299967053131
sod_avg_val_0000031,val,9,0,0,0.833046422200848
sod_avg_val_0000032,val,9,0,0,0.9442181049669338
sod_avg_val_0000033,val,9,0,0,0.9769697574401185
sod_avg_val_0000034,val,9,0,0,0.9779265867639395
sod_avg_val_0000035,val,9,0,0,0.9977338129496403
sod_avg_val_0000036,val,9,0,0,0.961610709366049
sod_avg_val_0000037,val,9,0,0,0.7115884873461106
sod_avg_val_0000038,val,9,0,0,0.6683739394432182
sod_avg_val_0000039,val,9,5,5,0.5809297922381574
sod_avg_val_0000040,val,9,5,5,0.6160845053527655
sod_avg_val_0000041,val,9,5,5,0.8654168262056657
sod_avg_val_0000042,val,9,5,5,0.6178691743769149
sod_avg_val_0000043,val,9,5,5,0.9416327036297885
sod_avg_val_0000044,val,9,5,5,0.8818493744212401
sod_avg_val_0000045,val,9,5,5,0.5913084357800232
sod_avg_val_0000046,val,9,3,5,0.4894987579179519
sod_avg_val_0000047,val,9,5,5,0.6298387851980896
sod_avg_val_0000048,val,9,3,3,0.7135726128836611
sod_avg_val_0000049,val,9,3,3,0.8687683804823482
sod_avg_val_0000050,val,9,3,3,0.8161785300435642
sod_avg_val_0000051,val,9,3,3,0.5059793731131049
sod_avg_val_0000052,val,9,7,7,0.9030827320169099
sod_avg_val_0000053,val,9,7,7,0.7612346952591484
sod_avg_val_0000054,val,9,7,7,0.9180970845406198
sod_avg_val_0000055,val,9,7,7,0.9340573102180346
sod_avg_val_0000056,val,9,7,7,0.8245226040194754
sod_avg_test_0000000,test,9,1,1,0.8900178357467304
sod_avg_test_0000001,test,9,1,1,0.9287096077865806
sod_avg_test_0000002,test,9,1,1,0.9483198673886476
sod_avg_test_0000003,test,9,1,1,0.9534334860238916
sod_avg_test_0000004,test,9,1,1,0.9253650757411286
sod_avg_test_0000005,test,9,1,1,0.9357242511003209
sod_avg_test_0000006,test,9,1,1,0.8537015495579905
sod_avg_test_0000007,test,9,1,1,0.8298548327526934
sod_avg_test_0000008,test,9,1,1,0.6480491156690324
sod_avg_test_0000009,test,9,1,1,0.6197694826761274
sod_avg_test_0000010,test,9,8,8,0.5328469698203215
sod_avg_test_0000011,test,9,8,8,0.5228081903950136
sod_avg_test_0000012,test,9,8,8,0.7172684676593284
sod_avg_test_0000013,test,9,8,8,0.6874063660626315
sod_avg_test_0000014,test,9,8,8,0.8183290909598883
sod_avg_test_0000015,test,9,8,8,0.7049358401628879
sod_avg_test_0000016,test,9,8,8,0.8660503577118296
sod_avg_test_0000017,test,9,8,8,0.5822073678941779
sod_avg_test_0000018,test,9,8,4,0.48126865891158255
sod_avg_test_0000019,test,9,4,4,0.5496422504107542
sod_avg_test_0000020,test,9,4,4,0.6278669954527654
sod_avg_test_0000021,test,9,4,4,0.754684170945744
sod_avg_test_0000022,test,9,4,4,0.799459880900552
sod_avg_test_0000023,test,9,4,4,0.8170171649580498
sod_avg_test_0000024,test,9,4,4,0.9276030294704394
sod_avg_test_0000025,test,9,4,4,0.8330431141339875
sod_avg_test_0000026,test,9,4,4,0.5426298352672189
sod_avg_test_0000027,test,9,4,2,0.7147762220181362
sod_avg_test_0000028,test,9,2,2,0.5602518278965128
sod_avg_test_0000029,test,9,2,2,0.6664199601457556
sod_avg_test_0000030,test,9,2,2,0.7699526404076897
sod_avg_test_0000031,test,9,2,2,0.9166702208714882
sod_avg_test_0000032,test,9,7,7,0.9450255769444506
sod_avg_test_0000033,test,9,2,2,0.9587021123730654
sod_avg_test_0000034,test,9,7,7,0.9241982146733649
sod_avg_test_0000035,test,9,2,2,0.9273069952353012
sod_avg_test_0000036,test,9,7,7,0.7875445415838861
sod_avg_test_0000037,test,9,2,2,0.9474947346444109
sod_avg_test_0000038,test,9,7,7,0.8825740804340306
sod_avg_test_0000039,test,9,2,2,0.7001549569975609
sod_avg_test_0000040,test,9,7,7,0.8778596751425282
sod_avg_test_0000041,test,9,2,2,0.5509558767796294
sod_avg_test_0000042,test,9,7,7,0.7708727806660112
sod_avg_test_0000043,test,9,6,6,0.8614023476965649
sod_avg_test_0000044,test,9,7,7,0.7332084747524954
sod_avg_test_0000045,test,9,6,6,0.8691865528219583
sod_avg_test_0000046,test,9,3,7,0.6203286193949833
sod_avg_test_0000047,test,9,6,6,0.8186994205172087
sod_avg_test_0000048,test,9,3,3,0.8486413419630011
sod_avg_test_0000049,test,9,6,6,0.8457419133717435
sod_avg_test_0000050,test,9,3,3,0.6727604712404462
sod_avg_test_0000051,test,9,6,6,0.9127423360720835
sod_avg_test_0000052,test,9,6,6,0.7260238698504735
sod_avg_test_0000053,test,9,3,3,0.8830175292140794
sod_avg_test_0000054,test,9,6,6,0.5093728615852575
sod_avg_test_0000055,test,9,3,3,0.9152044359617585
sod_avg_test_0000056,test,9,6,6,0.6613250410867018
sod_avg_test_0000057,test,9,3,3,0.7381307209857688
sod_avg_test_0000058,test,9,0,6,0.5378092424734661
sod_avg_test_0000059,test,9,3,3,0.8167505117126594
sod_avg_test_0000060,test,9,0,6,0.5250319290353977
sod_avg_test_0000061,test,9,3,3,0.7624514477163767
sod_avg_test_0000062,test,9,0,0,0.6740165192281442
sod_avg_test_0000063,test,9,3,3,0.6337745176096908
sod_avg_test_0000064,test,9,0,0,0.7319290225706326
sod_avg_test_0000065,test,9,5,5,0.5191608476251455
sod_avg_test_0000066,test,9,0,0,0.6693950985780002
sod_avg_test_0000067,test,9,5,5,0.7112366184070056
sod_avg_test_0000068,test,9,0,0,0.8262392521556218
sod_avg_test_0000069,test,9,5,0,0.6117856541336748
sod_avg_test_0000070,test,9,0,0,0.883843853536715
sod_avg_test_0000071,test,9,0,0,0.7482257538970789
sod_avg_test_0000072,test,9,0,5,0.5214022472754014
sod_avg_test_0000073,test,9,5,5,0.4687820205017956
sod_avg_test_0000074,test,9,5,5,0.7741631048807893
sod_avg_test_0000075,test,9,5,5,0.7676966205696827
sod_avg_test_0000076,test,9,5,5,0.7761148015299426
sod_avg_test_0000077,test,9,5,5,0.8071466220049497
sod_avg_test_0000078,test,9,5,5,0.7969386196549609
sod_avg_test_0000079,test,9,5,5,0.8128370321121265
sod_avg_test_0000080,test,9,0,0,0.9759507954898133
sod_avg_test_0000081,test,9,0,0,0.9905691530011431
sod_avg_test_0000082,test,9,0,0,0.8998321614104263
sod_avg_test_0000083,test,9,0,0,0.9012332628784313
sod_avg_test_0000084,test,9,0,0,0.7738105621234996
sod_avg_test_0000085,test,9,0,0,0.7302901790398735
sod_avg_train_0000000,train,10,6,6,1.0
sod_avg_train_0000001,train,10,6,6,1.0
sod_avg_train_0000002,train,10,6,6,1.0
sod_avg_train_0000003,train,10,6,6,1.0
sod_avg_train_0000004,train,10,6,6,1.0
sod_avg_train_0000005,train,10,6,6,1.0
sod_avg_train_0000006,train,10,6,6,1.0
sod_avg_train_0000007,train,10,6,6,1.0
sod_avg_train_0000008,train,10,6,6,1.0
sod_avg_train_0000009,train,10,6,6,1.0
sod_avg_train_0000010,train,10,6,6,1.0
sod_avg_train_0000011,train,10,6,6,1.0
sod_avg_train_0000012,train,10,6,6,1.0
sod_avg_train_0000013,train,10,6,6,1.0
sod_avg_train_0000014,train,10,6,6,1.0
sod_avg_train_0000015,train,10,6,6,1.0
sod_avg_train_0000016,train,10,6,6,1.0
sod_avg_train_0000017,train,10,6,6,1.0
sod_avg_train_0000018,train,10,6,6,1.0
sod_avg_train_0000019,train,10,6,6,1.0
sod_avg_train_0000020,train,10,6,6,1.0
sod_avg_train_0000021,train,10,6,6,1.0
sod_avg_train_0000022,train,10,6,6,1.0
sod_avg_train_0000023,train,10,6,6,1.0
sod_avg_train_0000024,train,10,1,1,1.0
sod_avg_train_0000025,train,10,1,1,1.0
sod_avg_train_0000026,train,10,1,1,1.0
sod_avg_train_0000027,train,10,1,1,1.0
sod_avg_train_0000028,train,10,1,1,1.0
sod_avg_train_0000029,train,10,1,1,1.0
sod_avg_train_0000030,train,10,1,1,1.0
sod_avg_train_0000031,train,10,1,1,1.0
sod_avg_train_0000032,train,10,1,1,1.0
sod_avg_train_0000033,train,10,1,1,1.0
sod_avg_train_0000034,train,10,1,1,1.0
sod_avg_train_0000035,train,10,1,1,1.0
sod_avg_train_0000036,train,10,1,1,1.0
sod_avg_train_0000037,train,10,1,1,1.0
sod_avg_train_0000038,train,10,1,1,1.0
sod_avg_train_0000039,train,10,1,1,1.0
sod_avg_train_0000040,train,10,1,1,1.0
sod_avg_train_0000041,train,10,1,1,1.0
sod_avg_train_0000042,train,10,1,1,1.0
sod_avg_train_0000043,train,10,1,1,1.0
sod_avg_train_0000044,train,10,1,1,1.0
sod_avg_train_0000045,train,10,1,1,1.0
sod_avg_train_0000046,train,10,1,1,1.0
sod_avg_train_0000047,train,10,1,1,1.0
sod_avg_train_0000048,train,10,1,1,1.0
sod_avg_train_0000049,train,10,1,1,1.0
sod_avg_train_0000050,train,10,1,1,1.0
sod_avg_train_0000051,train,10,7,7,1.0
sod_avg_train_0000052,train,10,7,7,1.0
sod_avg_train_0000053,train,10,7,7,1.0
sod_avg_train_0000054,train,10,7,7,1.0
sod_avg_train_0000055,train,10,7,7,1.0
sod_avg_train_0000056,train,10,7,7,1.0
sod_avg_train_0000057,train,10,7,7,1.0
sod_avg_train_0000058,train,10,7,7,1.0
sod_avg_train_0000059,train,10,7,7,1.0
sod_avg_train_0000060,train,10,7,7,1.0
sod_avg_train_0000061,train,10,7,7,1.0
sod_avg_train_0000062,train,10,7,7,1.0
sod_avg_train_0000063,train,10,7,7,1.0
sod_avg_train_0000064,train,10,7,7,1.0
sod_avg_train_0000065,train,10,7,7,1.0
sod_avg_train_0000066,train,10,7,7,1.0
sod_avg_train_0000067,train,10,7,7,1.0
sod_avg_train_0000068,train,10,7,7,1.0
sod_avg_train_0000069,train,10,7,7,1.0
sod_avg_train_0000070,train,10,7,7,1.0
sod_avg_train_0000071,train,10,7,7,1.0
sod_avg_train_0000072,train,10,7,7,1.0
sod_avg_train_0000073,train,10,7,7,1.0
sod_avg_train_0000074,train,10,7,7,1.0
sod_avg_train_0000075,train,10,7,7,1.0
sod_avg_train_0000076,train,10,7,7,1.0
sod_avg_train_0000077,train,10,7,7,1.0
sod_avg_train_0000078,train,10,7,7,1.0
sod_avg_train_0000079,train,10,7,7,1.0
sod_avg_train_0000080,train,10,7,7,1.0
sod_avg_train_0000081,train,10,7,7,1.0
sod_avg_train_0000082,train,10,3,3,1.0
sod_avg_train_0000083,train,10,3,3,1.0
sod_avg_train_0000084,train,10,3,3,1.0
sod_avg_train_0000085,train,10,3,3,1.0
sod_avg_train_0000086,train,10,3,3,1.0
sod_avg_train_0000087,train,10,3,3,1.0
sod_avg_train_0000088,train,10,3,3,1.0
sod_avg_train_0000089,train,10,3,3,1.0
sod_avg_train_0000090,train,10,3,3,1.0
sod_avg_train_0000091,train,10,3,3,1.0
sod_avg_train_0000092,train,10,3,3,1.0
sod_avg_train_0000093,train,10,3,3,1.0
sod_avg_train_0000094,train,10,3,3,1.0
sod_avg_train_0000095,train,10,3,3,1.0
sod_avg_train_0000096,train,10,3,3,1.0
sod_avg_train_0000097,train,10,3,3,1.0
sod_avg_train_0000098,train,10,3,3,1.0
sod_avg_train_0000099,train,10,3,3,1.0
sod_avg_train_0000100,train,10,3,3,1.0
sod_avg_train_0000101,train,10,3,3,1.0
sod_avg_train_0000102,train,10,3,3,1.0
sod_avg_train_0000103,train,10,3,3,1.0
sod_avg_train_0000104,train,10,3,3,1.0
sod_avg_train_0000105,train,10,3,3,1.0
sod_avg_train_0000106,train,10,3,3,1.0
sod_avg_train_0000107,train,10,3,3,1.0
sod_avg_train_0000108,train,10,3,3,1.0
sod_avg_train_0000109,train,10,3,3,1.0
sod_avg_train_0000110,train,10,3,3,1.0
sod_avg_train_0000111,train,10,3,3,1.0
sod_avg_train_0000112,train,10,8,8,1.0
sod_avg_train_0000113,train,10,8,8,1.0
sod_avg_train_0000114,train,10,8,8,1.0
sod_avg_train_0000115,train,10,8,8,1.0
sod_avg_train_0000116,train,10,8,8,1.0
sod_avg_train_0000117,train,10,8,8,1.0
sod_avg_train_0000118,train,10,8,8,1.0
sod_avg_train_0000119,train,10,8,8,1.0
sod_avg_train_0000120,train,10,8,8,1.0
sod_avg_train_0000121,train,10,8,8,1.0
sod_avg_train_0000122,train,10,8,8,1.0
sod_avg_train_0000123,train,10,8,8,1.0
sod_avg_train_0000124,train,10,8,8,1.0
sod_avg_train_0000125,train,10,8,8,1.0
sod_avg_train_0000126,train,10,8,8,1.0
sod_avg_train_0000127,train,10,8,8,1.0
sod_avg_train_0000128,train,10,8,8,1.0
sod_avg_train_0000129,train,10,8,8,1.0
sod_avg_train_0000130,train,10,8,8,1.0
sod_avg_train_0000131,train,10,8,8,1.0
sod_avg_train_0000132,train,10,8,8,1.0
sod_avg_train_0000133,train,10,8,8,1.0
sod_avg_train_0000134,train,10,8,8,1.0
sod_avg_train_0000135,train,10,8,8,1.0
sod_avg_train_0000136,train,10,8,8,1.0
sod_avg_train_0000137,train,10,2,2,1.0
sod_avg_train_0000138,train,10,2,2,1.0
sod_avg_train_0000139,train,10,2,2,1.0
sod_avg_train_0000140,train,10,2,2,1.0
sod_avg_train_0000141,train,10,2,2,1.0
sod_avg_train_0000142,train,10,2,2,1.0
sod_avg_train_0000143,train,10,2,2,1.0
sod_avg_train_0000144,train,10,2,2,1.0
sod_avg_train_0000145,train,10,2,2,1.0
sod_avg_train_0000146,train,10,2,2,1.0
sod_avg_train_0000147,train,10,2,2,1.0
sod_avg_train_0000148,train,10,2,2,1.0
sod_avg_train_0000149,train,10,2,2,1.0
sod_avg_train_0000150,train,10,2,2,1.0
sod_avg_train_0000151,train,10,2,2,1.0
sod_avg_train_0000152,train,10,2,2,1.0
sod_avg_train_0000153,train,10,2,2,1.0
sod_avg_train_0000154,train,10,2,2,1.0
sod_avg_train_0000155,train,10,2,2,1.0
sod_avg_train_0000156,train,10,2,2,1.0
sod_avg_train_0000157,train,10,2,2,1.0
sod_avg_train_0000158,train,10,2,2,1.0
sod_avg_train_0000159,train,10,2,2,1.0
sod_avg_train_0000160,train,10,2,2,1.0
sod_avg_train_0000161,train,10,2,2,1.0
sod_avg_train_0000162,train,10,2,2,1.0
sod_avg_train_0000163,train,10,2,2,1.0
sod_avg_train_0000164,train,10,2,2,1.0
sod_avg_train_0000165,train,10,2,2,1.0
sod_avg_train_0000166,train,10,2,2,1.0
sod_avg_train_0000167,train,10,2,2,1.0
sod_avg_train_0000168,train,10,2,2,1.0
sod_avg_train_0000169,train,10,4,4,1.0
sod_avg_train_0000170,train,10,4,4,1.0
sod_avg_train_0000171,train,10,4,4,1.0
sod_avg_train_0000172,train,10,4,4,1.0
sod_avg_train_0000173,train,10,4,4,1.0
sod_avg_train_0000174,train,10,4,4,1.0
sod_avg_train_0000175,train,10,4,4,1.0
sod_avg_train_0000176,train,10,4,4,1.0
sod_avg_train_0000177,train,10,4,4,1.0
sod_avg_train_0000178,train,10,4,4,1.0
sod_avg_train_0000179,train,10,4,4,1.0
sod_avg_train_0000180,train,10,4,4,1.0
sod_avg_train_0000181,train,10,4,4,1.0
sod_avg_train_0000182,train,10,4,4,1.0
sod_avg_train_0000183,train,10,4,4,1.0
sod_avg_train_0000184,train,10,4,4,1.0
sod_avg_train_0000185,train,10,4,4,1.0
sod_avg_train_0000186,train,10,4,4,1.0
sod_avg_train_0000187,train,10,4,4,1.0
sod_avg_train_0000188,train,10,4,4,1.0
sod_avg_train_0000189,train,10,4,4,1.0
sod_avg_train_0000190,train,10,4,4,1.0
sod_avg_train_0000191,train,10,4,4,1.0
sod_avg_train_0000192,train,10,4,4,1.0
sod_avg_train_0000193,train,10,4,4,1.0
sod_avg_train_0000194,train,10,4,4,1.0
sod_avg_train_0000195,train,10,4,4,1.0
sod_avg_train_0000196,train,10,4,4,1.0
sod_avg_train_0000197,train,10,4,4,1.0
sod_avg_train_0000198,train,10,4,4,1.0
sod_avg_train_0000199,train,10,4,4,1.0
sod_avg_train_0000200,train,10,4,4,1.0
sod_avg_train_0000201,train,10,4,4,1.0
sod_avg_train_0000202,train,10,4,4,1.0
sod_avg_train_0000203,train,10,4,4,1.0
sod_avg_train_0000204,train,10,4,4,1.0
sod_avg_train_0000205,train,10,4,4,1.0
sod_avg_train_0000206,train,10,4,4,1.0
sod_avg_train_0000207,train,10,4,4,1.0
sod_avg_train_0000208,train,10,4,4,1.0
sod_avg_train_0000209,train,10,4,4,1.0
sod_avg_train_0000210,train,10,4,4,1.0
sod_avg_train_0000211,train,10,4,4,1.0
sod_avg_train_0000212,train,10,4,4,1.0
sod_avg_train_0000213,train,10,4,4,1.0
sod_avg_train_0000214,train,10,4,4,1.0
sod_avg_train_0000215,train,10,4,4,1.0
sod_avg_train_0000216,train,10,4,4,1.0
sod_avg_train_0000217,train,10,4,4,1.0
sod_avg_train_0000218,train,10,4,4,1.0
sod_avg_train_0000219,train,10,4,4,1.0
sod_avg_train_0000220,train,10,4,4,1.0
sod_avg_train_0000221,train,10,4,4,1.0
sod_avg_train_0000222,train,10,4,4,1.0
sod_avg_train_0000223,train,10,9,9,1.0
sod_avg_train_0000224,train,10,9,9,1.0
sod_avg_train_0000225,train,10,9,9,1.0
sod_avg_train_0000226,train,10,9,9,1.0
sod_avg_train_0000227,train,10,9,9,1.0
sod_avg_train_0000228,train,10,9,9,1.0
sod_avg_train_0000229,train,10,9,9,1.0
sod_avg_train_0000230,train,10,9,9,1.0
sod_avg_train_0000231,train,10,9,9,1.0
sod_avg_train_0000232,train,10,9,9,1.0
sod_avg_train_0000233,train,10,9,9,1.0
sod_avg_train_0000234,train,10,9,9,1.0
sod_avg_train_0000235,train,10,9,9,1.0
sod_avg_train_0000236,train,10,9,9,1.0
sod_avg_train_0000237,train,10,9,9,1.0
sod_avg_train_0000238,train,10,9,9,1.0
sod_avg_train_0000239,train,10,9,9,1.0
sod_avg_train_0000240,train,10,9,9,1.0
sod_avg_train_0000241,train,10,9,9,1.0
sod_avg_train_0000242,train,10,9,9,1.0
sod_avg_train_0000243,train,10,9,9,1.0
sod_avg_train_0000244,train,10,9,9,1.0
sod_avg_train_0000245,train,10,9,9,1.0
sod_avg_train_0000246,train,10,9,9,1.0
sod_avg_train_0000247,train,10,9,9,1.0
sod_avg_train_0000248,train,10,9,9,1.0
sod_avg_train_0000249,train,10,0,0,1.0
sod_avg_train_0000250,train,10,9,9,1.0
sod_avg_train_0000251,train,10,0,0,1.0
sod_avg_train_0000252,train,10,0,0,1.0
sod_avg_train_0000253,train,10,0,0,1.0
sod_avg_train_0000254,train,10,0,0,1.0
sod_avg_train_0000255,train,10,0,0,1.0
sod_avg_train_0000256,train,10,0,0,1.0
sod_avg_train_0000257,train,10,0,0,1.0
sod_avg_train_0000258,train,10,0,0,1.0
sod_avg_train_0000259,train,10,0,0,1.0
sod_avg_train_0000260,train,10,0,0,1.0
sod_avg_train_0000261,train,10,0,0,1.0
sod_avg_train_0000262,train,10,0,0,1.0
sod_avg_train_0000263,train,10,0,0,1.0
sod_avg_train_0000264,train,10,0,0,1.0
sod_avg_train_0000265,train,10,0,0,1.0
sod_avg_train_0000266,train,10,0,0,1.0
sod_avg_train_0000267,train,10,0,0,1.0
sod_avg_train_0000268,train,10,0,0,1.0
sod_avg_train_0000269,train,10,0,0,1.0
sod_avg_train_0000270,train,10,0,0,1.0
sod_avg_train_0000271,train,10,0,0,1.0
sod_avg_train_0000272,train,10,0,0,1.0
sod_avg_train_0000273,train,10,0,0,1.0
sod_avg_train_0000274,train,10,0,0,1.0
sod_avg_train_0000275,train,10,0,0,1.0
sod_avg_train_0000276,train,10,0,0,1.0
sod_avg_train_0000277,train,10,0,0,1.0
sod_avg_train_0000278,train,10,0,0,1.0
sod_avg_train_0000279,train,10,0,0,1.0
sod_avg_train_0000280,train,10,0,0,1.0
sod_avg_train_0000281,train,10,0,0,1.0
sod_avg_train_0000282,train,10,0,0,1.0
sod_avg_train_0000283,train,10,0,0,1.0
sod_avg_train_0000284,train,10,0,0,1.0
sod_avg_train_0000285,train,10,0,0,1.0
sod_avg_train_0000286,train,10,0,0,1.0
sod_avg_train_0000287,train,10,5,5,1.0
sod_avg_train_0000288,train,10,5,5,1.0
sod_avg_train_0000289,train,10,5,5,1.0
sod_avg_train_0000290,train,10,5,5,1.0
sod_avg_train_0000291,train,10,5,5,1.0
sod_avg_train_0000292,train,10,5,5,1.0
sod_avg_train_0000293,train,10,5,5,1.0
sod_avg_train_0000294,train,10,5,5,1.0
sod_avg_train_0000295,train,10,5,5,1.0
sod_avg_train_0000296,train,10,5,5,1.0
sod_avg_train_0000297,train,10,5,5,1.0
sod_avg_train_0000298,train,10,5,5,1.0
sod_avg_train_0000299,train,10,5,5,1.0
sod_avg_train_0000300,train,10,5,5,1.0
sod_avg_train_0000301,train,10,5,5,1.0
sod_avg_train_0000302,train,10,5,5,1.0
sod_avg_train_0000303,train,10,5,5,1.0
sod_avg_train_0000304,train,10,5,5,1.0
sod_avg_train_0000305,train,10,5,5,1.0
sod_avg_train_0000306,train,10,5,5,1.0
sod_avg_train_0000307,train,10,5,5,1.0
sod_avg_train_0000308,train,10,5,5,1.0
sod_avg_train_0000309,train,10,5,5,1.0
sod_avg_train_0000310,train,10,5,5,1.0
sod_avg_train_0000311,train,10,5,5,1.0
sod_avg_train_0000312,train,10,5,5,1.0
sod_avg_train_0000313,train,10,5,5,1.0
sod_avg_train_0000314,train,10,5,5,1.0
sod_avg_train_0000315,train,10,5,5,1.0
sod_avg_train_0000316,train,10,5,5,1.0
sod_avg_train_0000317,train,10,5,5,1.0
sod_avg_train_0000318,train,10,5,5,1.0
sod_avg_train_0000319,train,10,5,5,1.0
sod_avg_train_0000320,train,10,5,5,1.0
sod_avg_train_0000321,train,10,5,5,1.0
sod_avg_val_0000000,val,10,6,6,0.9519120380123998
sod_avg_val_0000001,val,10,6,6,0.9445534188054175
sod_avg_val_0000002,val,10,6,6,0.8364722245583729
sod_avg_val_0000003,val,10,6,6,0.8146059230540107
sod_avg_val_0000004,val,10,1,1,0.6259777204994784
sod_avg_val_0000005,val,10,1,1,0.79315072839802
sod_avg_val_0000006,val,10,1,1,0.8033856485307311
sod_avg_val_0000007,val,10,1,1,0.8744461888891972
sod_avg_val_0000008,val,10,1,1,0.49171256148753345
sod_avg_val_0000009,val,10,7,1,0.6923419913489532
sod_avg_val_0000010,val,10,1,1,0.5392054121943187
sod_avg_val_0000011,val,10,7,7,0.8347700825721545
sod_avg_val_0000012,val,10,7,7,0.7546242275712183
sod_avg_val_0000013,val,10,7,7,0.47055571081952513
sod_avg_val_0000014,val,10,7,3,0.531823616610649
sod_avg_val_0000015,val,10,3,3,0.6092471583603487
sod_avg_val_0000016,val,10,3,3,0.9690147129636428
sod_avg_val_0000017,val,10,3,3,0.9478300723513273
sod_avg_val_0000018,val,10,3,3,0.8849233914767793
sod_avg_val_0000019,val,10,8,8,0.5823176344704953
sod_avg_val_0000020,val,10,8,8,0.708928196487627
sod_avg_val_0000021,val,10,8,8,0.8093042459617323
sod_avg_val_0000022,val,10,8,8,0.8855079173421629
sod_avg_val_0000023,val,10,8,8,0.9295681549278879
sod_avg_val_0000024,val,10,8,8,0.8319568275157176
sod_avg_val_0000025,val,10,8,8,0.7575611663459426
sod_avg_val_0000026,val,10,2,2,0.8625580613795001
sod_avg_val_0000027,val,10,2,2,0.6872026821033722
sod_avg_val_0000028,val,10,4,4,0.6191246103118544
sod_avg_val_0000029,val,10,4,4,0.5763930751859739
sod_avg_val_0000030,val,10,4,4,0.7184189503826224
sod_avg_val_0000031,val,10,4,4,0.6776933234752484
sod_avg_val_0000032,val,10,4,4,0.9470790990275059
sod_avg_val_0000033,val,10,4,4,0.9658819669913419
sod_avg_val_0000034,val,10,4,4,0.9728691987520238
sod_avg_val_0000035,val,10,4,4,0.9786245617791098
sod_avg_val_0000036,val,10,4,4,0.9531562489797782
sod_avg_val_0000037,val,10,4,4,0.574294576129398
sod_avg_val_0000038,val,10,9,9,0.5899443612458248
sod_avg_val_0000039,val,10,9,9,0.7219320484492749
sod_avg_val_0000040,val,10,9,9,0.7229180148353618
sod_avg_val_0000041,val,10,9,9,0.8564143202407719
sod_avg_val_0000042,val,10,9,9,0.7781934506652161
sod_avg_val_0000043,val,10,9,9,0.9153505755504341
sod_avg_val_0000044,val,10,0,0,0.5135859905436654
sod_avg_val_0000045,val,10,0,0,0.7581199009310425
sod_avg_val_0000046,val,10,0,0,0.9799854563148167
sod_avg_val_0000047,val,10,0,0,0.9814557850321651
sod_avg_val_0000048,val,10,0,0,0.9687513977892155
sod_avg_val_0000049,val,10,0,0,0.7637711101185459
sod_avg_val_0000050,val,10,5,5,0.5021535538541722
sod_avg_val_0000051,val,10,5,5,0.8475588551482487
sod_avg_val_0000052,val,10,5,5,0.9280529073628729
sod_avg_val_0000053,val,10,5,5,0.6977635663722802
sod_avg_val_0000054,val,10,5,5,0.9573118325936235
sod_avg_val_0000055,val,10,5,5,0.9177432946271776
sod_avg_val_0000056,val,10,5,5,0.8843228958207456
sod_avg_test_0000000,test,10,6,6,0.849769481709999
sod_avg_test_0000001,test,10,6,6,0.915711479739724
sod_avg_test_0000002,test,10,6,6,0.8696692565352399
sod_avg_test_0000003,test,10,6,6,0.9302029662894508
sod_avg_test_0000004,test,10,6,6,0.8350177646116482
sod_avg_test_0000005,test,10,6,6,0.6130036963573757
sod_avg_test_0000006,test,10,6,6,0.5735559538570876
sod_avg_test_0000007,test,10,1,1,0.695042299222097
sod_avg_test_0000008,test,10,1,1,0.7917426093532461
sod_avg_test_0000009,test,10,1,1,0.7739076944519574
sod_avg_test_0000010,test,10,1,1,0.61674463784878
sod_avg_test_0000011,test,10,1,1,0.7276822724050476
sod_avg_test_0000012,test,10,7,1,0.571513882729002
sod_avg_test_0000013,test,10,7,1,0.49483284390422727
sod_avg_test_0000014,test,10,7,7,0.6252936033124766
sod_avg_test_0000015,test,10,7,7,0.6994987914739993
sod_avg_test_0000016,test,10,7,7,0.801235686719701
sod_avg_test_0000017,test,10,7,7,0.6148308222537191
sod_avg_test_0000018,test,10,7,7,0.7920118281833264
sod_avg_test_0000019,test,10,7,7,0.8007802861674235
sod_avg_test_0000020,test,10,7,7,0.8027898768177567
sod_avg_test_0000021,test,10,7,7,0.6956180511859837
sod_avg_test_0000022,test,10,7,7,0.678308394540189
sod_avg_test_0000023,test,10,3,3,0.5426893176232008
sod_avg_test_0000024,test,10,3,3,0.8624829758873634
sod_avg_test_0000025,test,10,3,3,0.8503407650590918
sod_avg_test_0000026,test,10,3,3,0.8446445911640251
sod_avg_test_0000027,test,10,3,3,0.8735168645782866
sod_avg_test_0000028,test,10,3,3,0.867132682230514
sod_avg_test_0000029,test,10,3,3,0.7579072120015253
sod_avg_test_0000030,test,10,3,3,0.5719468261092325
sod_avg_test_0000031,test,10,8,8,0.5296015801127988
sod_avg_test_0000032,test,10,5,5,0.9589278342140618
sod_avg_test_0000033,test,10,8,8,0.7078247470872665
sod_avg_test_0000034,test,10,5,5,0.9454910473767417
sod_avg_test_0000035,test,10,8,8,0.6716346663909709
sod_avg_test_0000036,test,10,5,5,0.8721587351840151
sod_avg_test_0000037,test,10,8,8,0.8606006545383224
sod_avg_test_0000038,test,10,5,5,0.9620651678903965
sod_avg_test_0000039,test,10,8,8,0.770083841892645
sod_avg_test_0000040,test,10,5,5,0.930971905848982
sod_avg_test_0000041,test,10,8,8,0.7515827553885747
sod_avg_test_0000042,test,10,5,5,0.8890841000116511
sod_avg_test_0000043,test,10,8,8,0.5889835403597321
sod_avg_test_0000044,test,10,5,5,0.84175714502776
sod_avg_test_0000045,test,10,8,8,0.43047010329243807
sod_avg_test_0000046,test,10,5,5,0.5322403321130428
sod_avg_test_0000047,test,10,2,2,0.5250560533047258
sod_avg_test_0000048,test,10,0,5,0.603516248261605
sod_avg_test_0000049,test,10,2,2,0.6240261569121456
sod_avg_test_0000050,test,10,5,5,0.7066162101489097
sod_avg_test_0000051,test,10,2,2,0.7905021683918938
sod_avg_test_0000052,test,10,2,2,0.7974292034489922
sod_avg_test_0000053,test,10,0,0,0.8500925570110338
sod_avg_test_0000054,test,10,2,2,0.7047203067754324
sod_avg_test_0000055,test,10,0,0,0.9151386093681821
sod_avg_test_0000056,test,10,2,2,0.7342897785227004
sod_avg_test_0000057,test,10,0,0,0.8900811915086619
sod_avg_test_0000058,test,10,2,2,0.7169760591926372
sod_avg_test_0000059,test,10,0,0,0.9694391129108781
sod_avg_test_0000060,test,10,2,2,0.5661931246599211
sod_avg_test_0000061,test,10,0,0,0.9632455404573419
sod_avg_test_0000062,test,10,4,2,0.48738549560926103
sod_avg_test_0000063,test,10,0,0,0.9518735356846227
sod_avg_test_0000064,test,10,4,4,0.6035596061008834
sod_avg_test_0000065,test,10,0,0,0.9805095754696442
sod_avg_test_0000066,test,10,4,4,0.5242178086206153
sod_avg_test_0000067,test,10,0,0,0.9303292931452256
sod_avg_test_0000068,test,10,4,4,0.7766497984144685
sod_avg_test_0000069,test,10,9,4,0.40165150463957
sod_avg_test_0000070,test,10,4,4,0.8210435793876285
sod_avg_test_0000071,test,10,4,9,0.6191666666666665
sod_avg_test_0000072,test,10,9,9,0.6060215389950665
sod_avg_test_0000073,test,10,9,9,0.6160909186896056
sod_avg_test_0000074,test,10,9,9,0.8633205510261412
sod_avg_test_0000075,test,10,9,9,0.8279691005516334
sod_avg_test_0000076,test,10,9,9,0.6808644580372528
sod_avg_test_0000077,test,10,9,0,0.8411961378492911
sod_avg_test_0000078,test,10,0,0,0.5413156876016347
sod_avg_test_0000079,test,10,0,0,0.8943937109580662
sod_avg_test_0000080,test,10,4,4,0.9033294497026882
sod_avg_test_0000081,test,10,4,4,0.9866818181818182
sod_avg_test_0000082,test,10,4,4,0.8435781225616901
sod_avg_test_0000083,test,10,4,4,0.8853588678687584
sod_avg_test_0000084,test,10,4,4,0.8438329827248535
sod_avg_test_0000085,test,10,4,4,0.7366276107366194
