ROW_ID,SPLIT,N_CLUSTERS,CLUSTER,CLUSTER_ORACLE,GATE_CONFIDENCE
tut_top5_train_0000000,train,2,0,0,1.0
tut_top5_train_0000001,train,2,0,0,1.0
tut_top5_train_0000002,train,2,1,1,1.0
tut_top5_train_0000003,train,2,1,1,1.0
tut_top5_train_0000004,train,2,0,0,1.0
tut_top5_train_0000005,train,2,1,1,1.0
tut_top5_train_0000006,train,2,0,0,1.0
tut_top5_train_0000007,train,2,0,0,1.0
tut_top5_train_0000008,train,2,0,0,1.0
tut_top5_train_0000009,train,2,1,1,1.0
tut_top5_train_0000010,train,2,1,1,1.0
tut_top5_train_0000011,train,2,0,0,1.0
tut_top5_train_0000012,train,2,1,1,1.0
tut_top5_train_0000013,train,2,0,0,1.0
tut_top5_train_0000014,train,2,1,1,1.0
tut_top5_train_0000015,train,2,0,0,1.0
tut_top5_train_0000016,train,2,0,0,1.0
tut_top5_train_0000017,train,2,1,1,1.0
tut_top5_train_0000018,train,2,1,1,1.0
tut_top5_train_0000019,train,2,1,1,1.0
tut_top5_train_0000020,train,2,0,0,1.0
tut_top5_train_0000021,train,2,0,0,1.0
tut_top5_train_0000022,train,2,0,0,1.0
tut_top5_train_0000023,train,2,0,0,1.0
tut_top5_train_0000024,train,2,0,0,1.0
tut_top5_train_0000025,train,2,1,1,1.0
tut_top5_train_0000026,train,2,1,1,1.0
tut_top5_train_0000027,train,2,1,1,1.0
tut_top5_train_0000028,train,2,0,0,1.0
tut_top5_train_0000029,train,2,0,0,1.0
tut_top5_train_0000030,train,2,0,0,1.0
tut_top5_train_0000031,train,2,1,1,1.0
tut_top5_train_0000032,train,2,1,1,1.0
tut_top5_train_0000033,train,2,0,0,1.0
tut_top5_train_0000034,train,2,0,0,1.0
tut_top5_train_0000035,train,2,1,1,1.0
tut_top5_train_0000036,train,2,1,1,1.0
tut_top5_train_0000037,train,2,0,0,1.0
tut_top5_train_0000038,train,2,0,0,1.0
tut_top5_train_0000039,train,2,0,0,1.0
tut_top5_train_0000040,train,2,1,1,1.0
tut_top5_train_0000041,train,2,1,1,1.0
tut_top5_train_0000042,train,2,0,0,1.0
tut_top5_train_0000043,train,2,0,0,1.0
tut_top5_train_0000044,train,2,0,0,1.0
tut_top5_train_0000045,train,2,0,0,1.0
tut_top5_train_0000046,train,2,0,0,1.0
tut_top5_train_0000047,train,2,1,1,1.0
tut_top5_train_0000048,train,2,1,1,1.0
tut_top5_train_0000049,train,2,0,0,1.0
tut_top5_train_0000050,train,2,1,1,1.0
tut_top5_train_0000051,train,2,0,0,1.0
tut_top5_train_0000052,train,2,0,0,1.0
tut_top5_train_0000053,train,2,1,1,1.0
tut_top5_train_0000054,train,2,1,1,1.0
tut_top5_train_0000055,train,2,0,0,1.0
tut_top5_train_0000056,train,2,0,0,1.0
tut_top5_train_0000057,train,2,0,0,1.0
tut_top5_train_0000058,train,2,0,0,1.0
tut_top5_train_0000059,train,2,1,1,1.0
tut_top5_train_0000060,train,2,0,0,1.0
tut_top5_train_0000061,train,2,1,1,1.0
tut_top5_train_0000062,train,2,0,0,1.0
tut_top5_train_0000063,train,2,0,0,1.0
tut_top5_train_0000064,train,2,1,1,1.0
tut_top5_train_0000065,train,2,0,0,1.0
tut_top5_train_0000066,train,2,1,1,1.0
tut_top5_train_0000067,train,2,0,0,1.0
tut_top5_train_0000068,train,2,0,0,1.0
tut_top5_train_0000069,train,2,1,1,1.0
tut_top5_train_0000070,train,2,0,0,1.0
tut_top5_train_0000071,train,2,0,0,1.0
tut_top5_train_0000072,train,2,0,0,1.0
tut_top5_train_0000073,train,2,0,0,1.0
tut_top5_train_0000074,train,2,0,0,1.0
tut_top5_train_0000075,train,2,0,0,1.0
tut_top5_train_0000076,train,2,0,0,1.0
tut_top5_train_0000077,train,2,0,0,1.0
tut_top5_train_0000078,train,2,1,1,1.0
tut_top5_train_0000079,train,2,1,1,1.0
tut_top5_train_0000080,train,2,1,1,1.0
tut_top5_train_0000081,train,2,0,0,1.0
tut_top5_train_0000082,train,2,0,0,1.0
tut_top5_train_0000083,train,2,0,0,1.0
tut_top5_train_0000084,train,2,0,0,1.0
tut_top5_train_0000085,train,2,1,1,1.0
tut_top5_train_0000086,train,2,0,0,1.0
tut_top5_train_0000087,train,2,1,1,1.0
tut_top5_train_0000088,train,2,0,0,1.0
tut_top5_train_0000089,train,2,1,1,1.0
tut_top5_train_0000090,train,2,0,0,1.0
tut_top5_train_0000091,train,2,0,0,1.0
tut_top5_train_0000092,train,2,0,0,1.0
tut_top5_train_0000093,train,2,1,1,1.0
tut_top5_train_0000094,train,2,0,0,1.0
tut_top5_train_0000095,train,2,0,0,1.0
tut_top5_train_0000096,train,2,0,0,1.0
tut_top5_train_0000097,train,2,0,0,1.0
tut_top5_train_0000098,train,2,0,0,1.0
tut_top5_train_0000099,train,2,1,1,1.0
tut_top5_train_0000100,train,2,1,1,1.0
tut_top5_train_0000101,train,2,1,1,1.0
tut_top5_train_0000102,train,2,0,0,1.0
tut_top5_train_0000103,train,2,0,0,1.0
tut_top5_train_0000104,train,2,1,1,1.0
tut_top5_train_0000105,train,2,1,1,1.0
tut_top5_train_0000106,train,2,0,0,1.0
tut_top5_train_0000107,train,2,0,0,1.0
tut_top5_train_0000108,train,2,1,1,1.0
tut_top5_train_0000109,train,2,0,0,1.0
tut_top5_train_0000110,train,2,1,1,1.0
tut_top5_train_0000111,train,2,1,1,1.0
tut_top5_train_0000112,train,2,1,1,1.0
tut_top5_train_0000113,train,2,1,1,1.0
tut_top5_train_0000114,train,2,0,0,1.0
tut_top5_train_0000115,train,2,1,1,1.0
tut_top5_train_0000116,train,2,0,0,1.0
tut_top5_train_0000117,train,2,1,1,1.0
tut_top5_train_0000118,train,2,0,0,1.0
tut_top5_train_0000119,train,2,0,0,1.0
tut_top5_train_0000120,train,2,1,1,1.0
tut_top5_train_0000121,train,2,1,1,1.0
tut_top5_train_0000122,train,2,0,0,1.0
tut_top5_train_0000123,train,2,0,0,1.0
tut_top5_train_0000124,train,2,1,1,1.0
tut_top5_train_0000125,train,2,0,0,1.0
tut_top5_train_0000126,train,2,0,0,1.0
tut_top5_train_0000127,train,2,1,1,1.0
tut_top5_train_0000128,train,2,1,1,1.0
tut_top5_train_0000129,train,2,1,1,1.0
tut_top5_train_0000130,train,2,0,0,1.0
tut_top5_train_0000131,train,2,0,0,1.0
tut_top5_train_0000132,train,2,0,0,1.0
tut_top5_train_0000133,train,2,1,1,1.0
tut_top5_train_0000134,train,2,1,1,1.0
tut_top5_train_0000135,train,2,1,1,1.0
tut_top5_train_0000136,train,2,0,0,1.0
tut_top5_train_0000137,train,2,0,0,1.0
tut_top5_train_0000138,train,2,0,0,1.0
tut_top5_train_0000139,train,2,0,0,1.0
tut_top5_train_0000140,train,2,0,0,1.0
tut_top5_train_0000141,train,2,1,1,1.0
tut_top5_train_0000142,train,2,1,1,1.0
tut_top5_train_0000143,train,2,0,0,1.0
tut_top5_train_0000144,train,2,1,1,1.0
tut_top5_train_0000145,train,2,0,0,1.0
tut_top5_train_0000146,train,2,0,0,1.0
tut_top5_train_0000147,train,2,1,1,1.0
tut_top5_train_0000148,train,2,0,0,1.0
tut_top5_train_0000149,train,2,1,1,1.0
tut_top5_train_0000150,train,2,1,1,1.0
tut_top5_train_0000151,train,2,0,0,1.0
tut_top5_train_0000152,train,2,1,1,1.0
tut_top5_train_0000153,train,2,0,0,1.0
tut_top5_train_0000154,train,2,0,0,1.0
tut_top5_train_0000155,train,2,1,1,1.0
tut_top5_train_0000156,train,2,1,1,1.0
tut_top5_train_0000157,train,2,0,0,1.0
tut_top5_train_0000158,train,2,1,1,1.0
tut_top5_train_0000159,train,2,0,0,1.0
tut_top5_train_0000160,train,2,1,1,1.0
tut_top5_train_0000161,train,2,1,1,1.0
tut_top5_train_0000162,train,2,0,0,1.0
tut_top5_train_0000163,train,2,0,0,1.0
tut_top5_train_0000164,train,2,1,1,1.0
tut_top5_train_0000165,train,2,1,1,1.0
tut_top5_train_0000166,train,2,0,0,1.0
tut_top5_train_0000167,train,2,1,1,1.0
tut_top5_train_0000168,train,2,1,1,1.0
tut_top5_train_0000169,train,2,1,1,1.0
tut_top5_train_0000170,train,2,0,0,1.0
tut_top5_train_0000171,train,2,0,0,1.0
tut_top5_train_0000172,train,2,1,1,1.0
tut_top5_train_0000173,train,2,1,1,1.0
tut_top5_train_0000174,train,2,0,0,1.0
tut_top5_train_0000175,train,2,0,0,1.0
tut_top5_train_0000176,train,2,0,0,1.0
tut_top5_train_0000177,train,2,1,1,1.0
tut_top5_train_0000178,train,2,0,0,1.0
tut_top5_train_0000179,train,2,1,1,1.0
tut_top5_train_0000180,train,2,1,1,1.0
tut_top5_train_0000181,train,2,0,0,1.0
tut_top5_train_0000182,train,2,0,0,1.0
tut_top5_train_0000183,train,2,0,0,1.0
tut_top5_train_0000184,train,2,1,1,1.0
tut_top5_train_0000185,train,2,1,1,1.0
tut_top5_train_0000186,train,2,0,0,1.0
tut_top5_train_0000187,train,2,1,1,1.0
tut_top5_train_0000188,train,2,0,0,1.0
tut_top5_train_0000189,train,2,1,1,1.0
tut_top5_train_0000190,train,2,0,0,1.0
tut_top5_train_0000191,train,2,1,1,1.0
tut_top5_train_0000192,train,2,0,0,1.0
tut_top5_train_0000193,train,2,1,1,1.0
tut_top5_train_0000194,train,2,0,0,1.0
tut_top5_train_0000195,train,2,0,0,1.0
tut_top5_train_0000196,train,2,0,0,1.0
tut_top5_train_0000197,train,2,1,1,1.0
tut_top5_train_0000198,train,2,1,1,1.0
tut_top5_train_0000199,train,2,1,1,1.0
tut_top5_train_0000200,train,2,0,0,1.0
tut_top5_train_0000201,train,2,0,0,1.0
tut_top5_train_0000202,train,2,0,0,1.0
tut_top5_train_0000203,train,2,1,1,1.0
tut_top5_train_0000204,train,2,1,1,1.0
tut_top5_train_0000205,train,2,0,0,1.0
tut_top5_train_0000206,train,2,1,1,1.0
tut_top5_train_0000207,train,2,0,0,1.0
tut_top5_train_0000208,train,2,1,1,1.0
tut_top5_train_0000209,train,2,1,1,1.0
tut_top5_train_0000210,train,2,0,0,1.0
tut_top5_train_0000211,train,2,1,1,1.0
tut_top5_train_0000212,train,2,0,0,1.0
tut_top5_train_0000213,train,2,0,0,1.0
tut_top5_train_0000214,train,2,0,0,1.0
tut_top5_train_0000215,train,2,1,1,1.0
tut_top5_train_0000216,train,2,0,0,1.0
tut_top5_train_0000217,train,2,1,1,1.0
tut_top5_train_0000218,train,2,1,1,1.0
tut_top5_train_0000219,train,2,1,1,1.0
tut_top5_train_0000220,train,2,0,0,1.0
tut_top5_train_0000221,train,2,1,1,1.0
tut_top5_train_0000222,train,2,0,0,1.0
tut_top5_train_0000223,train,2,0,0,1.0
tut_top5_train_0000224,train,2,0,0,1.0
tut_top5_train_0000225,train,2,1,1,1.0
tut_top5_train_0000226,train,2,0,0,1.0
tut_top5_train_0000227,train,2,1,1,1.0
tut_top5_train_0000228,train,2,1,1,1.0
tut_top5_train_0000229,train,2,1,1,1.0
tut_top5_train_0000230,train,2,0,0,1.0
tut_top5_train_0000231,train,2,1,1,1.0
tut_top5_train_0000232,train,2,0,0,1.0
tut_top5_train_0000233,train,2,0,0,1.0
tut_top5_train_0000234,train,2,1,1,1.0
tut_top5_train_0000235,train,2,0,0,1.0
tut_top5_train_0000236,train,2,1,1,1.0
tut_top5_train_0000237,train,2,1,1,1.0
tut_top5_train_0000238,train,2,0,0,1.0
tut_top5_train_0000239,train,2,0,0,1.0
tut_top5_train_0000240,train,2,1,1,1.0
tut_top5_train_0000241,train,2,0,0,1.0
tut_top5_train_0000242,train,2,0,0,1.0
tut_top5_train_0000243,train,2,1,1,1.0
tut_top5_train_0000244,train,2,1,1,1.0
tut_top5_train_0000245,train,2,0,0,1.0
tut_top5_train_0000246,train,2,0,0,1.0
tut_top5_train_0000247,train,2,0,0,1.0
tut_top5_train_0000248,train,2,1,1,1.0
tut_top5_train_0000249,train,2,1,1,1.0
tut_top5_train_0000250,train,2,0,0,1.0
tut_top5_train_0000251,train,2,0,0,1.0
tut_top5_train_0000252,train,2,0,0,1.0
tut_top5_train_0000253,train,2,1,1,1.0
tut_top5_train_0000254,train,2,0,0,1.0
tut_top5_train_0000255,train,2,0,0,1.0
tut_top5_train_0000256,train,2,0,0,1.0
tut_top5_train_0000257,train,2,0,0,1.0
tut_top5_train_0000258,train,2,0,0,1.0
tut_top5_train_0000259,train,2,0,0,1.0
tut_top5_train_0000260,train,2,0,0,1.0
tut_top5_train_0000261,train,2,1,1,1.0
tut_top5_train_0000262,train,2,0,0,1.0
tut_top5_train_0000263,train,2,1,1,1.0
tut_top5_train_0000264,train,2,0,0,1.0
tut_top5_train_0000265,train,2,1,1,1.0
tut_top5_train_0000266,train,2,1,1,1.0
tut_top5_train_0000267,train,2,0,0,1.0
tut_top5_train_0000268,train,2,1,1,1.0
tut_top5_train_0000269,train,2,1,1,1.0
tut_top5_train_0000270,train,2,1,1,1.0
tut_top5_train_0000271,train,2,0,0,1.0
tut_top5_train_0000272,train,2,0,0,1.0
tut_top5_train_0000273,train,2,0,0,1.0
tut_top5_train_0000274,train,2,0,0,1.0
tut_top5_train_0000275,train,2,0,0,1.0
tut_top5_train_0000276,train,2,0,0,1.0
tut_top5_train_0000277,train,2,0,0,1.0
tut_top5_train_0000278,train,2,1,1,1.0
tut_top5_train_0000279,train,2,1,1,1.0
tut_top5_train_0000280,train,2,1,1,1.0
tut_top5_train_0000281,train,2,1,1,1.0
tut_top5_train_0000282,train,2,0,0,1.0
tut_top5_train_0000283,train,2,0,0,1.0
tut_top5_train_0000284,train,2,0,0,1.0
tut_top5_train_0000285,train,2,1,1,1.0
tut_top5_train_0000286,train,2,1,1,1.0
tut_top5_train_0000287,train,2,0,0,1.0
tut_top5_train_0000288,train,2,0,0,1.0
tut_top5_train_0000289,train,2,1,1,1.0
tut_top5_train_0000290,train,2,0,0,1.0
tut_top5_train_0000291,train,2,1,1,1.0
tut_top5_train_0000292,train,2,0,0,1.0
tut_top5_train_0000293,train,2,1,1,1.0
tut_top5_train_0000294,train,2,0,0,1.0
tut_top5_train_0000295,train,2,0,0,1.0
tut_top5_train_0000296,train,2,0,0,1.0
tut_top5_train_0000297,train,2,0,0,1.0
tut_top5_train_0000298,train,2,1,1,1.0
tut_top5_train_0000299,train,2,1,1,1.0
tut_top5_train_0000300,train,2,0,0,1.0
tut_top5_train_0000301,train,2,0,0,1.0
tut_top5_train_0000302,train,2,1,1,1.0
tut_top5_train_0000303,train,2,0,0,1.0
tut_top5_train_0000304,train,2,0,0,1.0
tut_top5_train_0000305,train,2,0,0,1.0
tut_top5_train_0000306,train,2,1,1,1.0
tut_top5_train_0000307,train,2,0,0,1.0
tut_top5_train_0000308,train,2,0,0,1.0
tut_top5_train_0000309,train,2,0,0,1.0
tut_top5_train_0000310,train,2,1,1,1.0
tut_top5_train_0000311,train,2,0,0,1.0
tut_top5_train_0000312,train,2,1,1,1.0
tut_top5_train_0000313,train,2,0,0,1.0
tut_top5_train_0000314,train,2,0,0,1.0
tut_top5_train_0000315,train,2,0,0,1.0
tut_top5_train_0000316,train,2,1,1,1.0
tut_top5_train_0000317,train,2,0,0,1.0
tut_top5_train_0000318,train,2,1,1,1.0
tut_top5_train_0000319,train,2,0,0,1.0
tut_top5_train_0000320,train,2,0,0,1.0
tut_top5_train_0000321,train,2,1,1,1.0
tut_top5_train_0000322,train,2,0,0,1.0
tut_top5_train_0000323,train,2,0,0,1.0
tut_top5_train_0000324,train,2,0,0,1.0
tut_top5_train_0000325,train,2,1,1,1.0
tut_top5_train_0000326,train,2,1,1,1.0
tut_top5_train_0000327,train,2,0,0,1.0
tut_top5_train_0000328,train,2,0,0,1.0
tut_top5_train_0000329,train,2,1,1,1.0
tut_top5_train_0000330,train,2,1,1,1.0
tut_top5_train_0000331,train,2,0,0,1.0
tut_top5_train_0000332,train,2,1,1,1.0
tut_top5_train_0000333,train,2,0,0,1.0
tut_top5_train_0000334,train,2,0,0,1.0
tut_top5_train_0000335,train,2,1,1,1.0
tut_top5_train_0000336,train,2,1,1,1.0
tut_top5_train_0000337,train,2,0,0,1.0
tut_top5_train_0000338,train,2,1,1,1.0
tut_top5_train_0000339,train,2,0,0,1.0
tut_top5_train_0000340,train,2,0,0,1.0
tut_top5_train_0000341,train,2,1,1,1.0
tut_top5_train_0000342,train,2,0,0,1.0
tut_top5_train_0000343,train,2,0,0,1.0
tut_top5_train_0000344,train,2,0,0,1.0
tut_top5_train_0000345,train,2,1,1,1.0
tut_top5_train_0000346,train,2,0,0,1.0
tut_top5_train_0000347,train,2,0,0,1.0
tut_top5_train_0000348,train,2,1,1,1.0
tut_top5_train_0000349,train,2,1,1,1.0
tut_top5_train_0000350,train,2,0,0,1.0
tut_top5_train_0000351,train,2,0,0,1.0
tut_top5_train_0000352,train,2,1,1,1.0
tut_top5_train_0000353,train,2,0,0,1.0
tut_top5_train_0000354,train,2,0,0,1.0
tut_top5_train_0000355,train,2,0,0,1.0
tut_top5_train_0000356,train,2,1,1,1.0
tut_top5_train_0000357,train,2,1,1,1.0
tut_top5_train_0000358,train,2,1,1,1.0
tut_top5_train_0000359,train,2,0,0,1.0
tut_top5_train_0000360,train,2,0,0,1.0
tut_top5_train_0000361,train,2,0,0,1.0
tut_top5_train_0000362,train,2,1,1,1.0
tut_top5_train_0000363,train,2,1,1,1.0
tut_top5_train_0000364,train,2,0,0,1.0
tut_top5_train_0000365,train,2,1,1,1.0
tut_top5_train_0000366,train,2,1,1,1.0
tut_top5_train_0000367,train,2,0,0,1.0
tut_top5_train_0000368,train,2,1,1,1.0
tut_top5_train_0000369,train,2,1,1,1.0
tut_top5_train_0000370,train,2,0,0,1.0
tut_top5_train_0000371,train,2,0,0,1.0
tut_top5_train_0000372,train,2,1,1,1.0
tut_top5_train_0000373,train,2,1,1,1.0
tut_top5_train_0000374,train,2,1,1,1.0
tut_top5_train_0000375,train,2,1,1,1.0
tut_top5_train_0000376,train,2,0,0,1.0
tut_top5_train_0000377,train,2,0,0,1.0
tut_top5_train_0000378,train,2,0,0,1.0
tut_top5_train_0000379,train,2,1,1,1.0
tut_top5_train_0000380,train,2,0,0,1.0
tut_top5_train_0000381,train,2,1,1,1.0
tut_top5_train_0000382,train,2,1,1,1.0
tut_top5_train_0000383,train,2,0,0,1.0
tut_top5_train_0000384,train,2,1,1,1.0
tut_top5_train_0000385,train,2,1,1,1.0
tut_top5_train_0000386,train,2,0,0,1.0
tut_top5_train_0000387,train,2,0,0,1.0
tut_top5_train_0000388,train,2,0,0,1.0
tut_top5_train_0000389,train,2,1,1,1.0
tut_top5_train_0000390,train,2,1,1,1.0
tut_top5_train_0000391,train,2,0,0,1.0
tut_top5_train_0000392,train,2,1,1,1.0
tut_top5_train_0000393,train,2,1,1,1.0
tut_top5_train_0000394,train,2,1,1,1.0
tut_top5_train_0000395,train,2,0,0,1.0
tut_top5_train_0000396,train,2,0,0,1.0
tut_top5_train_0000397,train,2,0,0,1.0
tut_top5_train_0000398,train,2,1,1,1.0
tut_top5_train_0000399,train,2,1,1,1.0
tut_top5_train_0000400,train,2,0,0,1.0
tut_top5_train_0000401,train,2,0,0,1.0
tut_top5_train_0000402,train,2,1,1,1.0
tut_top5_train_0000403,train,2,0,0,1.0
tut_top5_train_0000404,train,2,0,0,1.0
tut_top5_train_0000405,train,2,1,1,1.0
tut_top5_train_0000406,train,2,0,0,1.0
tut_top5_train_0000407,train,2,1,1,1.0
tut_top5_train_0000408,train,2,1,1,1.0
tut_top5_train_0000409,train,2,0,0,1.0
tut_top5_train_0000410,train,2,0,0,1.0
tut_top5_train_0000411,train,2,0,0,1.0
tut_top5_train_0000412,train,2,1,1,1.0
tut_top5_train_0000413,train,2,1,1,1.0
tut_top5_train_0000414,train,2,0,0,1.0
tut_top5_train_0000415,train,2,1,1,1.0
tut_top5_train_0000416,train,2,1,1,1.0
tut_top5_train_0000417,train,2,1,1,1.0
tut_top5_train_0000418,train,2,1,1,1.0
tut_top5_train_0000419,train,2,0,0,1.0
tut_top5_train_0000420,train,2,0,0,1.0
tut_top5_train_0000421,train,2,0,0,1.0
tut_top5_train_0000422,train,2,0,0,1.0
tut_top5_train_0000423,train,2,0,0,1.0
tut_top5_train_0000424,train,2,0,0,1.0
tut_top5_train_0000425,train,2,0,0,1.0
tut_top5_train_0000426,train,2,1,1,1.0
tut_top5_train_0000427,train,2,1,1,1.0
tut_top5_train_0000428,train,2,1,1,1.0
tut_top5_train_0000429,train,2,1,1,1.0
tut_top5_train_0000430,train,2,0,0,1.0
tut_top5_train_0000431,train,2,0,0,1.0
tut_top5_train_0000432,train,2,1,1,1.0
tut_top5_train_0000433,train,2,0,0,1.0
tut_top5_train_0000434,train,2,1,1,1.0
tut_top5_train_0000435,train,2,1,1,1.0
tut_top5_train_0000436,train,2,0,0,1.0
tut_top5_train_0000437,train,2,1,1,1.0
tut_top5_train_0000438,train,2,1,1,1.0
tut_top5_train_0000439,train,2,1,1,1.0
tut_top5_train_0000440,train,2,1,1,1.0
tut_top5_train_0000441,train,2,0,0,1.0
tut_top5_train_0000442,train,2,1,1,1.0
tut_top5_train_0000443,train,2,1,1,1.0
tut_top5_train_0000444,train,2,0,0,1.0
tut_top5_train_0000445,train,2,1,1,1.0
tut_top5_train_0000446,train,2,0,0,1.0
tut_top5_train_0000447,train,2,1,1,1.0
tut_top5_train_0000448,train,2,0,0,1.0
tut_top5_train_0000449,train,2,0,0,1.0
tut_top5_train_0000450,train,2,0,0,1.0
tut_top5_train_0000451,train,2,0,0,1.0
tut_top5_train_0000452,train,2,0,0,1.0
tut_top5_train_0000453,train,2,1,1,1.0
tut_top5_train_0000454,train,2,1,1,1.0
tut_top5_train_0000455,train,2,1,1,1.0
tut_top5_train_0000456,train,2,1,1,1.0
tut_top5_train_0000457,train,2,0,0,1.0
tut_top5_train_0000458,train,2,1,1,1.0
tut_top5_train_0000459,train,2,0,0,1.0
tut_top5_train_0000460,train,2,1,1,1.0
tut_top5_train_0000461,train,2,0,0,1.0
tut_top5_train_0000462,train,2,0,0,1.0
tut_top5_train_0000463,train,2,1,1,1.0
tut_top5_train_0000464,train,2,1,1,1.0
tut_top5_train_0000465,train,2,1,1,1.0
tut_top5_train_0000466,train,2,1,1,1.0
tut_top5_train_0000467,train,2,0,0,1.0
tut_top5_train_0000468,train,2,1,1,1.0
tut_top5_train_0000469,train,2,0,0,1.0
tut_top5_train_0000470,train,2,0,0,1.0
tut_top5_train_0000471,train,2,0,0,1.0
tut_top5_train_0000472,train,2,0,0,1.0
tut_top5_train_0000473,train,2,1,1,1.0
tut_top5_train_0000474,train,2,0,0,1.0
tut_top5_train_0000475,train,2,1,1,1.0
tut_top5_train_0000476,train,2,0,0,1.0
tut_top5_train_0000477,train,2,0,0,1.0
tut_top5_train_0000478,train,2,0,0,1.0
tut_top5_train_0000479,train,2,1,1,1.0
tut_top5_train_0000480,train,2,0,0,1.0
tut_top5_train_0000481,train,2,1,1,1.0
tut_top5_train_0000482,train,2,1,1,1.0
tut_top5_train_0000483,train,2,1,1,1.0
tut_top5_train_0000484,train,2,0,0,1.0
tut_top5_train_0000485,train,2,1,1,1.0
tut_top5_train_0000486,train,2,1,1,1.0
tut_top5_train_0000487,train,2,1,1,1.0
tut_top5_train_0000488,train,2,0,0,1.0
tut_top5_train_0000489,train,2,0,0,1.0
tut_top5_train_0000490,train,2,1,1,1.0
tut_top5_train_0000491,train,2,0,0,1.0
tut_top5_train_0000492,train,2,1,1,1.0
tut_top5_train_0000493,train,2,0,0,1.0
tut_top5_train_0000494,train,2,0,0,1.0
tut_top5_train_0000495,train,2,1,1,1.0
tut_top5_train_0000496,train,2,0,0,1.0
tut_top5_train_0000497,train,2,1,1,1.0
tut_top5_train_0000498,train,2,0,0,1.0
tut_top5_train_0000499,train,2,1,1,1.0
tut_top5_train_0000500,train,2,1,1,1.0
tut_top5_train_0000501,train,2,0,0,1.0
tut_top5_train_0000502,train,2,1,1,1.0
tut_top5_train_0000503,train,2,0,0,1.0
tut_top5_train_0000504,train,2,1,1,1.0
tut_top5_train_0000505,train,2,0,0,1.0
tut_top5_train_0000506,train,2,1,1,1.0
tut_top5_train_0000507,train,2,1,1,1.0
tut_top5_train_0000508,train,2,0,0,1.0
tut_top5_train_0000509,train,2,1,1,1.0
tut_top5_train_0000510,train,2,1,1,1.0
tut_top5_train_0000511,train,2,0,0,1.0
tut_top5_train_0000512,train,2,0,0,1.0
tut_top5_train_0000513,train,2,0,0,1.0
tut_top5_train_0000514,train,2,1,1,1.0
tut_top5_train_0000515,train,2,1,1,1.0
tut_top5_train_0000516,train,2,1,1,1.0
tut_top5_train_0000517,train,2,0,0,1.0
tut_top5_train_0000518,train,2,1,1,1.0
tut_top5_train_0000519,train,2,0,0,1.0
tut_top5_train_0000520,train,2,1,1,1.0
tut_top5_train_0000521,train,2,0,0,1.0
tut_top5_train_0000522,train,2,1,1,1.0
tut_top5_train_0000523,train,2,0,0,1.0
tut_top5_train_0000524,train,2,1,1,1.0
tut_top5_train_0000525,train,2,1,1,1.0
tut_top5_train_0000526,train,2,1,1,1.0
tut_top5_train_0000527,train,2,1,1,1.0
tut_top5_train_0000528,train,2,1,1,1.0
tut_top5_train_0000529,train,2,0,0,1.0
tut_top5_train_0000530,train,2,0,0,1.0
tut_top5_train_0000531,train,2,1,1,1.0
tut_top5_train_0000532,train,2,1,1,1.0
tut_top5_train_0000533,train,2,1,1,1.0
tut_top5_train_0000534,train,2,1,1,1.0
tut_top5_train_0000535,train,2,1,1,1.0
tut_top5_train_0000536,train,2,0,0,1.0
tut_top5_train_0000537,train,2,1,1,1.0
tut_top5_train_0000538,train,2,0,0,1.0
tut_top5_train_0000539,train,2,1,1,1.0
tut_top5_train_0000540,train,2,1,1,1.0
tut_top5_train_0000541,train,2,0,0,1.0
tut_top5_train_0000542,train,2,1,1,1.0
tut_top5_train_0000543,train,2,1,1,1.0
tut_top5_train_0000544,train,2,1,1,1.0
tut_top5_train_0000545,train,2,0,0,1.0
tut_top5_train_0000546,train,2,0,0,1.0
tut_top5_train_0000547,train,2,1,1,1.0
tut_top5_train_0000548,train,2,1,1,1.0
tut_top5_train_0000549,train,2,0,0,1.0
tut_top5_train_0000550,train,2,1,1,1.0
tut_top5_train_0000551,train,2,0,0,1.0
tut_top5_train_0000552,train,2,1,1,1.0
tut_top5_train_0000553,train,2,0,0,1.0
tut_top5_train_0000554,train,2,0,0,1.0
tut_top5_train_0000555,train,2,0,0,1.0
tut_top5_train_0000556,train,2,0,0,1.0
tut_top5_train_0000557,train,2,1,1,1.0
tut_top5_train_0000558,train,2,1,1,1.0
tut_top5_train_0000559,train,2,0,0,1.0
tut_top5_train_0000560,train,2,1,1,1.0
tut_top5_train_0000561,train,2,0,0,1.0
tut_top5_train_0000562,train,2,1,1,1.0
tut_top5_train_0000563,train,2,0,0,1.0
tut_top5_train_0000564,train,2,0,0,1.0
tut_top5_train_0000565,train,2,0,0,1.0
tut_top5_train_0000566,train,2,1,1,1.0
tut_top5_train_0000567,train,2,0,0,1.0
tut_top5_train_0000568,train,2,0,0,1.0
tut_top5_train_0000569,train,2,1,1,1.0
tut_top5_train_0000570,train,2,0,0,1.0
tut_top5_train_0000571,train,2,1,1,1.0
tut_top5_train_0000572,train,2,1,1,1.0
tut_top5_train_0000573,train,2,1,1,1.0
tut_top5_train_0000574,train,2,1,1,1.0
tut_top5_train_0000575,train,2,0,0,1.0
tut_top5_train_0000576,train,2,0,0,1.0
tut_top5_train_0000577,train,2,0,0,1.0
tut_top5_train_0000578,train,2,0,0,1.0
tut_top5_train_0000579,train,2,1,1,1.0
tut_top5_train_0000580,train,2,0,0,1.0
tut_top5_train_0000581,train,2,0,0,1.0
tut_top5_train_0000582,train,2,1,1,1.0
tut_top5_train_0000583,train,2,1,1,1.0
tut_top5_train_0000584,train,2,0,0,1.0
tut_top5_train_0000585,train,2,0,0,1.0
tut_top5_train_0000586,train,2,1,1,1.0
tut_top5_train_0000587,train,2,0,0,1.0
tut_top5_train_0000588,train,2,1,1,1.0
tut_top5_train_0000589,train,2,0,0,1.0
tut_top5_train_0000590,train,2,0,0,1.0
tut_top5_train_0000591,train,2,0,0,1.0
tut_top5_train_0000592,train,2,0,0,1.0
tut_top5_train_0000593,train,2,0,0,1.0
tut_top5_train_0000594,train,2,0,0,1.0
tut_top5_train_0000595,train,2,0,0,1.0
tut_top5_train_0000596,train,2,0,0,1.0
tut_top5_train_0000597,train,2,1,1,1.0
tut_top5_train_0000598,train,2,0,0,1.0
tut_top5_train_0000599,train,2,0,0,1.0
tut_top5_train_0000600,train,2,1,1,1.0
tut_top5_train_0000601,train,2,1,1,1.0
tut_top5_train_0000602,train,2,0,0,1.0
tut_top5_train_0000603,train,2,1,1,1.0
tut_top5_train_0000604,train,2,0,0,1.0
tut_top5_train_0000605,train,2,1,1,1.0
tut_top5_train_0000606,train,2,1,1,1.0
tut_top5_train_0000607,train,2,1,1,1.0
tut_top5_train_0000608,train,2,0,0,1.0
tut_top5_train_0000609,train,2,1,1,1.0
tut_top5_train_0000610,train,2,1,1,1.0
tut_top5_train_0000611,train,2,0,0,1.0
tut_top5_train_0000612,train,2,1,1,1.0
tut_top5_train_0000613,train,2,0,0,1.0
tut_top5_train_0000614,train,2,1,1,1.0
tut_top5_train_0000615,train,2,0,0,1.0
tut_top5_train_0000616,train,2,1,1,1.0
tut_top5_train_0000617,train,2,0,0,1.0
tut_top5_train_0000618,train,2,1,1,1.0
tut_top5_train_0000619,train,2,0,0,1.0
tut_top5_train_0000620,train,2,1,1,1.0
tut_top5_train_0000621,train,2,1,1,1.0
tut_top5_train_0000622,train,2,1,1,1.0
tut_top5_train_0000623,train,2,0,0,1.0
tut_top5_train_0000624,train,2,1,1,1.0
tut_top5_train_0000625,train,2,1,1,1.0
tut_top5_train_0000626,train,2,0,0,1.0
tut_top5_train_0000627,train,2,0,0,1.0
tut_top5_train_0000628,train,2,1,1,1.0
tut_top5_train_0000629,train,2,0,0,1.0
tut_top5_train_0000630,train,2,1,1,1.0
tut_top5_train_0000631,train,2,1,1,1.0
tut_top5_train_0000632,train,2,1,1,1.0
tut_top5_train_0000633,train,2,0,0,1.0
tut_top5_train_0000634,train,2,0,0,1.0
tut_top5_train_0000635,train,2,0,0,1.0
tut_top5_train_0000636,train,2,0,0,1.0
tut_top5_train_0000637,train,2,0,0,1.0
tut_top5_train_0000638,train,2,0,0,1.0
tut_top5_train_0000639,train,2,1,1,1.0
tut_top5_train_0000640,train,2,1,1,1.0
tut_top5_train_0000641,train,2,1,1,1.0
tut_top5_train_0000642,train,2,1,1,1.0
tut_top5_train_0000643,train,2,1,1,1.0
tut_top5_train_0000644,train,2,1,1,1.0
tut_top5_train_0000645,train,2,0,0,1.0
tut_top5_train_0000646,train,2,0,0,1.0
tut_top5_train_0000647,train,2,1,1,1.0
tut_top5_train_0000648,train,2,0,0,1.0
tut_top5_train_0000649,train,2,1,1,1.0
tut_top5_train_0000650,train,2,0,0,1.0
tut_top5_train_0000651,train,2,0,0,1.0
tut_top5_train_0000652,train,2,0,0,1.0
tut_top5_train_0000653,train,2,0,0,1.0
tut_top5_train_0000654,train,2,0,0,1.0
tut_top5_train_0000655,train,2,1,1,1.0
tut_top5_train_0000656,train,2,1,1,1.0
tut_top5_train_0000657,train,2,1,1,1.0
tut_top5_train_0000658,train,2,1,1,1.0
tut_top5_train_0000659,train,2,1,1,1.0
tut_top5_train_0000660,train,2,1,1,1.0
tut_top5_train_0000661,train,2,1,1,1.0
tut_top5_train_0000662,train,2,1,1,1.0
tut_top5_train_0000663,train,2,0,0,1.0
tut_top5_train_0000664,train,2,1,1,1.0
tut_top5_train_0000665,train,2,1,1,1.0
tut_top5_train_0000666,train,2,0,0,1.0
tut_top5_train_0000667,train,2,0,0,1.0
tut_top5_train_0000668,train,2,1,1,1.0
tut_top5_train_0000669,train,2,1,1,1.0
tut_top5_train_0000670,train,2,1,1,1.0
tut_top5_train_0000671,train,2,1,1,1.0
tut_top5_train_0000672,train,2,0,0,1.0
tut_top5_train_0000673,train,2,1,1,1.0
tut_top5_train_0000674,train,2,1,1,1.0
tut_top5_train_0000675,train,2,0,0,1.0
tut_top5_train_0000676,train,2,1,1,1.0
tut_top5_train_0000677,train,2,1,1,1.0
tut_top5_train_0000678,train,2,1,1,1.0
tut_top5_train_0000679,train,2,1,1,1.0
tut_top5_train_0000680,train,2,0,0,1.0
tut_top5_train_0000681,train,2,1,1,1.0
tut_top5_train_0000682,train,2,0,0,1.0
tut_top5_train_0000683,train,2,1,1,1.0
tut_top5_train_0000684,train,2,1,1,1.0
tut_top5_train_0000685,train,2,1,1,1.0
tut_top5_train_0000686,train,2,1,1,1.0
tut_top5_train_0000687,train,2,1,1,1.0
tut_top5_train_0000688,train,2,1,1,1.0
tut_top5_train_0000689,train,2,0,0,1.0
tut_top5_train_0000690,train,2,1,1,1.0
tut_top5_train_0000691,train,2,1,1,1.0
tut_top5_train_0000692,train,2,1,1,1.0
tut_top5_train_0000693,train,2,1,1,1.0
tut_top5_train_0000694,train,2,0,0,1.0
tut_top5_train_0000695,train,2,0,0,1.0
tut_top5_train_0000696,train,2,0,0,1.0
tut_top5_train_0000697,train,2,1,1,1.0
tut_top5_train_0000698,train,2,0,0,1.0
tut_top5_train_0000699,train,2,0,0,1.0
tut_top5_train_0000700,train,2,0,0,1.0
tut_top5_train_0000701,train,2,0,0,1.0
tut_top5_train_0000702,train,2,1,1,1.0
tut_top5_train_0000703,train,2,0,0,1.0
tut_top5_train_0000704,train,2,1,1,1.0
tut_top5_train_0000705,train,2,0,0,1.0
tut_top5_train_0000706,train,2,0,0,1.0
tut_top5_train_0000707,train,2,1,1,1.0
tut_top5_train_0000708,train,2,1,1,1.0
tut_top5_train_0000709,train,2,1,1,1.0
tut_top5_train_0000710,train,2,0,0,1.0
tut_top5_train_0000711,train,2,0,0,1.0
tut_top5_train_0000712,train,2,0,0,1.0
tut_top5_train_0000713,train,2,1,1,1.0
tut_top5_train_0000714,train,2,1,1,1.0
tut_top5_train_0000715,train,2,1,1,1.0
tut_top5_train_0000716,train,2,0,0,1.0
tut_top5_train_0000717,train,2,0,0,1.0
tut_top5_train_0000718,train,2,0,0,1.0
tut_top5_train_0000719,train,2,1,1,1.0
tut_top5_train_0000720,train,2,0,0,1.0
tut_top5_train_0000721,train,2,0,0,1.0
tut_top5_train_0000722,train,2,0,0,1.0
tut_top5_train_0000723,train,2,0,0,1.0
tut_top5_train_0000724,train,2,1,1,1.0
tut_top5_train_0000725,train,2,1,1,1.0
tut_top5_train_0000726,train,2,0,0,1.0
tut_top5_train_0000727,train,2,0,0,1.0
tut_top5_train_0000728,train,2,1,1,1.0
tut_top5_train_0000729,train,2,0,0,1.0
tut_top5_train_0000730,train,2,0,0,1.0
tut_top5_train_0000731,train,2,1,1,1.0
tut_top5_train_0000732,train,2,1,1,1.0
tut_top5_train_0000733,train,2,1,1,1.0
tut_top5_train_0000734,train,2,1,1,1.0
tut_top5_train_0000735,train,2,0,0,1.0
tut_top5_train_0000736,train,2,1,1,1.0
tut_top5_train_0000737,train,2,0,0,1.0
tut_top5_train_0000738,train,2,0,0,1.0
tut_top5_train_0000739,train,2,0,0,1.0
tut_top5_train_0000740,train,2,0,0,1.0
tut_top5_train_0000741,train,2,0,0,1.0
tut_top5_train_0000742,train,2,1,1,1.0
tut_top5_train_0000743,train,2,0,0,1.0
tut_top5_train_0000744,train,2,1,1,1.0
tut_top5_train_0000745,train,2,1,1,1.0
tut_top5_train_0000746,train,2,0,0,1.0
tut_top5_train_0000747,train,2,0,0,1.0
tut_top5_train_0000748,train,2,1,1,1.0
tut_top5_train_0000749,train,2,0,0,1.0
tut_top5_train_0000750,train,2,1,1,1.0
tut_top5_train_0000751,train,2,0,0,1.0
tut_top5_train_0000752,train,2,1,1,1.0
tut_top5_train_0000753,train,2,1,1,1.0
tut_top5_train_0000754,train,2,0,0,1.0
tut_top5_train_0000755,train,2,1,1,1.0
tut_top5_train_0000756,train,2,0,0,1.0
tut_top5_train_0000757,train,2,0,0,1.0
tut_top5_train_0000758,train,2,1,1,1.0
tut_top5_train_0000759,train,2,0,0,1.0
tut_top5_train_0000760,train,2,1,1,1.0
tut_top5_train_0000761,train,2,1,1,1.0
tut_top5_train_0000762,train,2,0,0,1.0
tut_top5_train_0000763,train,2,1,1,1.0
tut_top5_train_0000764,train,2,0,0,1.0
tut_top5_train_0000765,train,2,0,0,1.0
tut_top5_train_0000766,train,2,1,1,1.0
tut_top5_train_0000767,train,2,1,1,1.0
tut_top5_train_0000768,train,2,0,0,1.0
tut_top5_train_0000769,train,2,0,0,1.0
tut_top5_train_0000770,train,2,0,0,1.0
tut_top5_train_0000771,train,2,0,0,1.0
tut_top5_train_0000772,train,2,0,0,1.0
tut_top5_train_0000773,train,2,1,1,1.0
tut_top5_train_0000774,train,2,1,1,1.0
tut_top5_train_0000775,train,2,1,1,1.0
tut_top5_train_0000776,train,2,0,0,1.0
tut_top5_train_0000777,train,2,0,0,1.0
tut_top5_train_0000778,train,2,1,1,1.0
tut_top5_train_0000779,train,2,0,0,1.0
tut_top5_train_0000780,train,2,0,0,1.0
tut_top5_train_0000781,train,2,1,1,1.0
tut_top5_train_0000782,train,2,0,0,1.0
tut_top5_train_0000783,train,2,1,1,1.0
tut_top5_train_0000784,train,2,0,0,1.0
tut_top5_train_0000785,train,2,0,0,1.0
tut_top5_train_0000786,train,2,1,1,1.0
tut_top5_train_0000787,train,2,0,0,1.0
tut_top5_train_0000788,train,2,1,1,1.0
tut_top5_train_0000789,train,2,1,1,1.0
tut_top5_train_0000790,train,2,0,0,1.0
tut_top5_train_0000791,train,2,1,1,1.0
tut_top5_train_0000792,train,2,0,0,1.0
tut_top5_train_0000793,train,2,1,1,1.0
tut_top5_train_0000794,train,2,0,0,1.0
tut_top5_train_0000795,train,2,0,0,1.0
tut_top5_train_0000796,train,2,0,0,1.0
tut_top5_train_0000797,train,2,0,0,1.0
tut_top5_train_0000798,train,2,0,0,1.0
tut_top5_train_0000799,train,2,1,1,1.0
tut_top5_train_0000800,train,2,0,0,1.0
tut_top5_train_0000801,train,2,1,1,1.0
tut_top5_train_0000802,train,2,0,0,1.0
tut_top5_train_0000803,train,2,1,1,1.0
tut_top5_train_0000804,train,2,0,0,1.0
tut_top5_train_0000805,train,2,1,1,1.0
tut_top5_train_0000806,train,2,1,1,1.0
tut_top5_train_0000807,train,2,1,1,1.0
tut_top5_train_0000808,train,2,0,0,1.0
tut_top5_train_0000809,train,2,1,1,1.0
tut_top5_train_0000810,train,2,1,1,1.0
tut_top5_train_0000811,train,2,1,1,1.0
tut_top5_train_0000812,train,2,0,0,1.0
tut_top5_train_0000813,train,2,0,0,1.0
tut_top5_train_0000814,train,2,1,1,1.0
tut_top5_train_0000815,train,2,0,0,1.0
tut_top5_train_0000816,train,2,1,1,1.0
tut_top5_train_0000817,train,2,1,1,1.0
tut_top5_train_0000818,train,2,1,1,1.0
tut_top5_train_0000819,train,2,0,0,1.0
tut_top5_train_0000820,train,2,1,1,1.0
tut_top5_train_0000821,train,2,1,1,1.0
tut_top5_train_0000822,train,2,0,0,1.0
tut_top5_train_0000823,train,2,0,0,1.0
tut_top5_train_0000824,train,2,0,0,1.0
tut_top5_train_0000825,train,2,0,0,1.0
tut_top5_train_0000826,train,2,1,1,1.0
tut_top5_train_0000827,train,2,1,1,1.0
tut_top5_train_0000828,train,2,0,0,1.0
tut_top5_train_0000829,train,2,0,0,1.0
tut_top5_train_0000830,train,2,0,0,1.0
tut_top5_train_0000831,train,2,1,1,1.0
tut_top5_train_0000832,train,2,0,0,1.0
tut_top5_train_0000833,train,2,0,0,1.0
tut_top5_train_0000834,train,2,1,1,1.0
tut_top5_train_0000835,train,2,1,1,1.0
tut_top5_train_0000836,train,2,1,1,1.0
tut_top5_train_0000837,train,2,0,0,1.0
tut_top5_train_0000838,train,2,0,0,1.0
tut_top5_train_0000839,train,2,0,0,1.0
tut_top5_train_0000840,train,2,1,1,1.0
tut_top5_train_0000841,train,2,1,1,1.0
tut_top5_train_0000842,train,2,0,0,1.0
tut_top5_train_0000843,train,2,0,0,1.0
tut_top5_train_0000844,train,2,1,1,1.0
tut_top5_train_0000845,train,2,1,1,1.0
tut_top5_train_0000846,train,2,0,0,1.0
tut_top5_train_0000847,train,2,0,0,1.0
tut_top5_train_0000848,train,2,1,1,1.0
tut_top5_train_0000849,train,2,0,0,1.0
tut_top5_train_0000850,train,2,1,1,1.0
tut_top5_train_0000851,train,2,0,0,1.0
tut_top5_train_0000852,train,2,1,1,1.0
tut_top5_train_0000853,train,2,0,0,1.0
tut_top5_train_0000854,train,2,0,0,1.0
tut_top5_train_0000855,train,2,1,1,1.0
tut_top5_train_0000856,train,2,0,0,1.0
tut_top5_train_0000857,train,2,0,0,1.0
tut_top5_train_0000858,train,2,0,0,1.0
tut_top5_train_0000859,train,2,1,1,1.0
tut_top5_train_0000860,train,2,1,1,1.0
tut_top5_train_0000861,train,2,0,0,1.0
tut_top5_train_0000862,train,2,0,0,1.0
tut_top5_train_0000863,train,2,0,0,1.0
tut_top5_train_0000864,train,2,0,0,1.0
tut_top5_train_0000865,train,2,0,0,1.0
tut_top5_train_0000866,train,2,1,1,1.0
tut_top5_train_0000867,train,2,0,0,1.0
tut_top5_train_0000868,train,2,1,1,1.0
tut_top5_train_0000869,train,2,1,1,1.0
tut_top5_train_0000870,train,2,0,0,1.0
tut_top5_train_0000871,train,2,0,0,1.0
tut_top5_train_0000872,train,2,0,0,1.0
tut_top5_train_0000873,train,2,1,1,1.0
tut_top5_train_0000874,train,2,0,0,1.0
tut_top5_train_0000875,train,2,1,1,1.0
tut_top5_train_0000876,train,2,0,0,1.0
tut_top5_train_0000877,train,2,0,0,1.0
tut_top5_train_0000878,train,2,0,0,1.0
tut_top5_train_0000879,train,2,0,0,1.0
tut_top5_train_0000880,train,2,1,1,1.0
tut_top5_train_0000881,train,2,0,0,1.0
tut_top5_train_0000882,train,2,0,0,1.0
tut_top5_train_0000883,train,2,1,1,1.0
tut_top5_train_0000884,train,2,0,0,1.0
tut_top5_train_0000885,train,2,0,0,1.0
tut_top5_train_0000886,train,2,1,1,1.0
tut_top5_train_0000887,train,2,0,0,1.0
tut_top5_train_0000888,train,2,1,1,1.0
tut_top5_train_0000889,train,2,0,0,1.0
tut_top5_train_0000890,train,2,0,0,1.0
tut_top5_train_0000891,train,2,0,0,1.0
tut_top5_train_0000892,train,2,0,0,1.0
tut_top5_train_0000893,train,2,0,0,1.0
tut_top5_train_0000894,train,2,0,0,1.0
tut_top5_train_0000895,train,2,0,0,1.0
tut_top5_train_0000896,train,2,1,1,1.0
tut_top5_train_0000897,train,2,0,0,1.0
tut_top5_train_0000898,train,2,1,1,1.0
tut_top5_train_0000899,train,2,0,0,1.0
tut_top5_train_0000900,train,2,1,1,1.0
tut_top5_train_0000901,train,2,1,1,1.0
tut_top5_train_0000902,train,2,1,1,1.0
tut_top5_train_0000903,train,2,1,1,1.0
tut_top5_train_0000904,train,2,1,1,1.0
tut_top5_train_0000905,train,2,1,1,1.0
tut_top5_train_0000906,train,2,0,0,1.0
tut_top5_train_0000907,train,2,0,0,1.0
tut_top5_train_0000908,train,2,0,0,1.0
tut_top5_train_0000909,train,2,1,1,1.0
tut_top5_train_0000910,train,2,0,0,1.0
tut_top5_train_0000911,train,2,0,0,1.0
tut_top5_train_0000912,train,2,0,0,1.0
tut_top5_train_0000913,train,2,0,0,1.0
tut_top5_train_0000914,train,2,1,1,1.0
tut_top5_train_0000915,train,2,1,1,1.0
tut_top5_train_0000916,train,2,0,0,1.0
tut_top5_train_0000917,train,2,0,0,1.0
tut_top5_train_0000918,train,2,0,0,1.0
tut_top5_train_0000919,train,2,1,1,1.0
tut_top5_train_0000920,train,2,1,1,1.0
tut_top5_train_0000921,train,2,0,0,1.0
tut_top5_train_0000922,train,2,1,1,1.0
tut_top5_train_0000923,train,2,1,1,1.0
tut_top5_train_0000924,train,2,0,0,1.0
tut_top5_train_0000925,train,2,1,1,1.0
tut_top5_train_0000926,train,2,0,0,1.0
tut_top5_train_0000927,train,2,1,1,1.0
tut_top5_train_0000928,train,2,1,1,1.0
tut_top5_train_0000929,train,2,0,0,1.0
tut_top5_train_0000930,train,2,0,0,1.0
tut_top5_train_0000931,train,2,1,1,1.0
tut_top5_train_0000932,train,2,0,0,1.0
tut_top5_train_0000933,train,2,1,1,1.0
tut_top5_train_0000934,train,2,1,1,1.0
tut_top5_train_0000935,train,2,0,0,1.0
tut_top5_train_0000936,train,2,0,0,1.0
tut_top5_train_0000937,train,2,0,0,1.0
tut_top5_train_0000938,train,2,1,1,1.0
tut_top5_train_0000939,train,2,0,0,1.0
tut_top5_train_0000940,train,2,0,0,1.0
tut_top5_train_0000941,train,2,0,0,1.0
tut_top5_train_0000942,train,2,1,1,1.0
tut_top5_train_0000943,train,2,0,0,1.0
tut_top5_train_0000944,train,2,0,0,1.0
tut_top5_train_0000945,train,2,1,1,1.0
tut_top5_train_0000946,train,2,0,0,1.0
tut_top5_train_0000947,train,2,1,1,1.0
tut_top5_train_0000948,train,2,0,0,1.0
tut_top5_train_0000949,train,2,0,0,1.0
tut_top5_train_0000950,train,2,1,1,1.0
tut_top5_train_0000951,train,2,1,1,1.0
tut_top5_train_0000952,train,2,0,0,1.0
tut_top5_train_0000953,train,2,0,0,1.0
tut_top5_train_0000954,train,2,0,0,1.0
tut_top5_train_0000955,train,2,0,0,1.0
tut_top5_train_0000956,train,2,0,0,1.0
tut_top5_train_0000957,train,2,1,1,1.0
tut_top5_train_0000958,train,2,1,1,1.0
tut_top5_train_0000959,train,2,0,0,1.0
tut_top5_train_0000960,train,2,1,1,1.0
tut_top5_train_0000961,train,2,0,0,1.0
tut_top5_train_0000962,train,2,1,1,1.0
tut_top5_train_0000963,train,2,0,0,1.0
tut_top5_train_0000964,train,2,1,1,1.0
tut_top5_train_0000965,train,2,0,0,1.0
tut_top5_train_0000966,train,2,1,1,1.0
tut_top5_train_0000967,train,2,0,0,1.0
tut_top5_train_0000968,train,2,1,1,1.0
tut_top5_train_0000969,train,2,0,0,1.0
tut_top5_train_0000970,train,2,1,1,1.0
tut_top5_train_0000971,train,2,1,1,1.0
tut_top5_train_0000972,train,2,0,0,1.0
tut_top5_train_0000973,train,2,0,0,1.0
tut_top5_train_0000974,train,2,1,1,1.0
tut_top5_train_0000975,train,2,1,1,1.0
tut_top5_train_0000976,train,2,0,0,1.0
tut_top5_train_0000977,train,2,1,1,1.0
tut_top5_train_0000978,train,2,0,0,1.0
tut_top5_train_0000979,train,2,0,0,1.0
tut_top5_train_0000980,train,2,0,0,1.0
tut_top5_train_0000981,train,2,1,1,1.0
tut_top5_train_0000982,train,2,1,1,1.0
tut_top5_train_0000983,train,2,1,1,1.0
tut_top5_train_0000984,train,2,0,0,1.0
tut_top5_train_0000985,train,2,0,0,1.0
tut_top5_train_0000986,train,2,0,0,1.0
tut_top5_train_0000987,train,2,1,1,1.0
tut_top5_train_0000988,train,2,0,0,1.0
tut_top5_train_0000989,train,2,0,0,1.0
tut_top5_train_0000990,train,2,1,1,1.0
tut_top5_train_0000991,train,2,0,0,1.0
tut_top5_train_0000992,train,2,1,1,1.0
tut_top5_train_0000993,train,2,1,1,1.0
tut_top5_train_0000994,train,2,0,0,1.0
tut_top5_train_0000995,train,2,0,0,1.0
tut_top5_train_0000996,train,2,1,1,1.0
tut_top5_train_0000997,train,2,1,1,1.0
tut_top5_train_0000998,train,2,0,0,1.0
tut_top5_train_0000999,train,2,0,0,1.0
tut_top5_train_0001000,train,2,0,0,1.0
tut_top5_train_0001001,train,2,1,1,1.0
tut_top5_train_0001002,train,2,1,1,1.0
tut_top5_train_0001003,train,2,0,0,1.0
tut_top5_train_0001004,train,2,0,0,1.0
tut_top5_train_0001005,train,2,0,0,1.0
tut_top5_train_0001006,train,2,1,1,1.0
tut_top5_train_0001007,train,2,1,1,1.0
tut_top5_train_0001008,train,2,1,1,1.0
tut_top5_train_0001009,train,2,1,1,1.0
tut_top5_train_0001010,train,2,0,0,1.0
tut_top5_train_0001011,train,2,0,0,1.0
tut_top5_train_0001012,train,2,0,0,1.0
tut_top5_train_0001013,train,2,1,1,1.0
tut_top5_train_0001014,train,2,1,1,1.0
tut_top5_train_0001015,train,2,1,1,1.0
tut_top5_train_0001016,train,2,0,0,1.0
tut_top5_train_0001017,train,2,0,0,1.0
tut_top5_train_0001018,train,2,0,0,1.0
tut_top5_train_0001019,train,2,0,0,1.0
tut_top5_train_0001020,train,2,0,0,1.0
tut_top5_train_0001021,train,2,1,1,1.0
tut_top5_train_0001022,train,2,0,0,1.0
tut_top5_train_0001023,train,2,0,0,1.0
tut_top5_train_0001024,train,2,0,0,1.0
tut_top5_train_0001025,train,2,1,1,1.0
tut_top5_train_0001026,train,2,0,0,1.0
tut_top5_train_0001027,train,2,0,0,1.0
tut_top5_train_0001028,train,2,0,0,1.0
tut_top5_train_0001029,train,2,0,0,1.0
tut_top5_train_0001030,train,2,0,0,1.0
tut_top5_train_0001031,train,2,0,0,1.0
tut_top5_train_0001032,train,2,0,0,1.0
tut_top5_train_0001033,train,2,1,1,1.0
tut_top5_train_0001034,train,2,1,1,1.0
tut_top5_train_0001035,train,2,1,1,1.0
tut_top5_train_0001036,train,2,1,1,1.0
tut_top5_train_0001037,train,2,0,0,1.0
tut_top5_train_0001038,train,2,1,1,1.0
tut_top5_train_0001039,train,2,1,1,1.0
tut_top5_train_0001040,train,2,1,1,1.0
tut_top5_train_0001041,train,2,1,1,1.0
tut_top5_train_0001042,train,2,0,0,1.0
tut_top5_train_0001043,train,2,0,0,1.0
tut_top5_train_0001044,train,2,0,0,1.0
tut_top5_train_0001045,train,2,0,0,1.0
tut_top5_train_0001046,train,2,1,1,1.0
tut_top5_train_0001047,train,2,0,0,1.0
tut_top5_train_0001048,train,2,0,0,1.0
tut_top5_train_0001049,train,2,0,0,1.0
tut_top5_train_0001050,train,2,0,0,1.0
tut_top5_train_0001051,train,2,0,0,1.0
tut_top5_train_0001052,train,2,1,1,1.0
tut_top5_train_0001053,train,2,1,1,1.0
tut_top5_train_0001054,train,2,0,0,1.0
tut_top5_train_0001055,train,2,1,1,1.0
tut_top5_train_0001056,train,2,1,1,1.0
tut_top5_train_0001057,train,2,0,0,1.0
tut_top5_train_0001058,train,2,1,1,1.0
tut_top5_train_0001059,train,2,0,0,1.0
tut_top5_train_0001060,train,2,0,0,1.0
tut_top5_train_0001061,train,2,1,1,1.0
tut_top5_train_0001062,train,2,0,0,1.0
tut_top5_train_0001063,train,2,0,0,1.0
tut_top5_train_0001064,train,2,1,1,1.0
tut_top5_train_0001065,train,2,0,0,1.0
tut_top5_train_0001066,train,2,0,0,1.0
tut_top5_train_0001067,train,2,0,0,1.0
tut_top5_train_0001068,train,2,0,0,1.0
tut_top5_train_0001069,train,2,0,0,1.0
tut_top5_train_0001070,train,2,0,0,1.0
tut_top5_train_0001071,train,2,1,1,1.0
tut_top5_train_0001072,train,2,0,0,1.0
tut_top5_train_0001073,train,2,1,1,1.0
tut_top5_train_0001074,train,2,1,1,1.0
tut_top5_train_0001075,train,2,0,0,1.0
tut_top5_train_0001076,train,2,1,1,1.0
tut_top5_train_0001077,train,2,1,1,1.0
tut_top5_train_0001078,train,2,1,1,1.0
tut_top5_train_0001079,train,2,1,1,1.0
tut_top5_train_0001080,train,2,1,1,1.0
tut_top5_train_0001081,train,2,1,1,1.0
tut_top5_train_0001082,train,2,0,0,1.0
tut_top5_train_0001083,train,2,1,1,1.0
tut_top5_train_0001084,train,2,0,0,1.0
tut_top5_train_0001085,train,2,1,1,1.0
tut_top5_train_0001086,train,2,1,1,1.0
tut_top5_train_0001087,train,2,0,0,1.0
tut_top5_train_0001088,train,2,0,0,1.0
tut_top5_train_0001089,train,2,0,0,1.0
tut_top5_train_0001090,train,2,1,1,1.0
tut_top5_train_0001091,train,2,1,1,1.0
tut_top5_train_0001092,train,2,0,0,1.0
tut_top5_train_0001093,train,2,0,0,1.0
tut_top5_train_0001094,train,2,1,1,1.0
tut_top5_train_0001095,train,2,1,1,1.0
tut_top5_train_0001096,train,2,1,1,1.0
tut_top5_train_0001097,train,2,0,0,1.0
tut_top5_train_0001098,train,2,1,1,1.0
tut_top5_train_0001099,train,2,0,0,1.0
tut_top5_train_0001100,train,2,1,1,1.0
tut_top5_train_0001101,train,2,1,1,1.0
tut_top5_train_0001102,train,2,0,0,1.0
tut_top5_train_0001103,train,2,1,1,1.0
tut_top5_train_0001104,train,2,1,1,1.0
tut_top5_train_0001105,train,2,1,1,1.0
tut_top5_train_0001106,train,2,0,0,1.0
tut_top5_train_0001107,train,2,0,0,1.0
tut_top5_train_0001108,train,2,0,0,1.0
tut_top5_train_0001109,train,2,1,1,1.0
tut_top5_train_0001110,train,2,1,1,1.0
tut_top5_train_0001111,train,2,1,1,1.0
tut_top5_train_0001112,train,2,1,1,1.0
tut_top5_train_0001113,train,2,1,1,1.0
tut_top5_train_0001114,train,2,1,1,1.0
tut_top5_train_0001115,train,2,0,0,1.0
tut_top5_train_0001116,train,2,1,1,1.0
tut_top5_train_0001117,train,2,1,1,1.0
tut_top5_train_0001118,train,2,1,1,1.0
tut_top5_train_0001119,train,2,1,1,1.0
tut_top5_train_0001120,train,2,1,1,1.0
tut_top5_train_0001121,train,2,0,0,1.0
tut_top5_train_0001122,train,2,0,0,1.0
tut_top5_train_0001123,train,2,0,0,1.0
tut_top5_train_0001124,train,2,0,0,1.0
tut_top5_train_0001125,train,2,1,1,1.0
tut_top5_train_0001126,train,2,1,1,1.0
tut_top5_train_0001127,train,2,0,0,1.0
tut_top5_train_0001128,train,2,1,1,1.0
tut_top5_train_0001129,train,2,1,1,1.0
tut_top5_train_0001130,train,2,0,0,1.0
tut_top5_train_0001131,train,2,0,0,1.0
tut_top5_train_0001132,train,2,1,1,1.0
tut_top5_train_0001133,train,2,0,0,1.0
tut_top5_train_0001134,train,2,0,0,1.0
tut_top5_train_0001135,train,2,0,0,1.0
tut_top5_train_0001136,train,2,1,1,1.0
tut_top5_train_0001137,train,2,0,0,1.0
tut_top5_train_0001138,train,2,0,0,1.0
tut_top5_train_0001139,train,2,1,1,1.0
tut_top5_train_0001140,train,2,0,0,1.0
tut_top5_train_0001141,train,2,0,0,1.0
tut_top5_train_0001142,train,2,1,1,1.0
tut_top5_train_0001143,train,2,1,1,1.0
tut_top5_train_0001144,train,2,0,0,1.0
tut_top5_train_0001145,train,2,0,0,1.0
tut_top5_train_0001146,train,2,0,0,1.0
tut_top5_train_0001147,train,2,0,0,1.0
tut_top5_train_0001148,train,2,0,0,1.0
tut_top5_train_0001149,train,2,1,1,1.0
tut_top5_train_0001150,train,2,0,0,1.0
tut_top5_train_0001151,train,2,0,0,1.0
tut_top5_train_0001152,train,2,0,0,1.0
tut_top5_train_0001153,train,2,0,0,1.0
tut_top5_train_0001154,train,2,1,1,1.0
tut_top5_train_0001155,train,2,1,1,1.0
tut_top5_train_0001156,train,2,1,1,1.0
tut_top5_train_0001157,train,2,1,1,1.0
tut_top5_train_0001158,train,2,0,0,1.0
tut_top5_train_0001159,train,2,0,0,1.0
tut_top5_train_0001160,train,2,0,0,1.0
tut_top5_train_0001161,train,2,1,1,1.0
tut_top5_train_0001162,train,2,0,0,1.0
tut_top5_train_0001163,train,2,1,1,1.0
tut_top5_train_0001164,train,2,0,0,1.0
tut_top5_train_0001165,train,2,1,1,1.0
tut_top5_train_0001166,train,2,1,1,1.0
tut_top5_train_0001167,train,2,1,1,1.0
tut_top5_train_0001168,train,2,1,1,1.0
tut_top5_train_0001169,train,2,1,1,1.0
tut_top5_train_0001170,train,2,1,1,1.0
tut_top5_train_0001171,train,2,0,0,1.0
tut_top5_train_0001172,train,2,1,1,1.0
tut_top5_train_0001173,train,2,0,0,1.0
tut_top5_train_0001174,train,2,0,0,1.0
tut_top5_train_0001175,train,2,0,0,1.0
tut_top5_train_0001176,train,2,1,1,1.0
tut_top5_train_0001177,train,2,1,1,1.0
tut_top5_train_0001178,train,2,1,1,1.0
tut_top5_train_0001179,train,2,1,1,1.0
tut_top5_train_0001180,train,2,1,1,1.0
tut_top5_train_0001181,train,2,1,1,1.0
tut_top5_train_0001182,train,2,1,1,1.0
tut_top5_train_0001183,train,2,1,1,1.0
tut_top5_train_0001184,train,2,1,1,1.0
tut_top5_train_0001185,train,2,0,0,1.0
tut_top5_train_0001186,train,2,0,0,1.0
tut_top5_train_0001187,train,2,1,1,1.0
tut_top5_train_0001188,train,2,1,1,1.0
tut_top5_train_0001189,train,2,0,0,1.0
tut_top5_train_0001190,train,2,1,1,1.0
tut_top5_train_0001191,train,2,1,1,1.0
tut_top5_train_0001192,train,2,1,1,1.0
tut_top5_train_0001193,train,2,0,0,1.0
tut_top5_train_0001194,train,2,0,0,1.0
tut_top5_train_0001195,train,2,1,1,1.0
tut_top5_train_0001196,train,2,0,0,1.0
tut_top5_train_0001197,train,2,0,0,1.0
tut_top5_train_0001198,train,2,1,1,1.0
tut_top5_train_0001199,train,2,0,0,1.0
tut_top5_train_0001200,train,2,1,1,1.0
tut_top5_train_0001201,train,2,1,1,1.0
tut_top5_train_0001202,train,2,0,0,1.0
tut_top5_train_0001203,train,2,0,0,1.0
tut_top5_train_0001204,train,2,1,1,1.0
tut_top5_train_0001205,train,2,1,1,1.0
tut_top5_train_0001206,train,2,1,1,1.0
tut_top5_train_0001207,train,2,1,1,1.0
tut_top5_train_0001208,train,2,1,1,1.0
tut_top5_train_0001209,train,2,1,1,1.0
tut_top5_train_0001210,train,2,1,1,1.0
tut_top5_train_0001211,train,2,0,0,1.0
tut_top5_train_0001212,train,2,0,0,1.0
tut_top5_train_0001213,train,2,1,1,1.0
tut_top5_train_0001214,train,2,0,0,1.0
tut_top5_train_0001215,train,2,0,0,1.0
tut_top5_train_0001216,train,2,1,1,1.0
tut_top5_train_0001217,train,2,1,1,1.0
tut_top5_train_0001218,train,2,1,1,1.0
tut_top5_train_0001219,train,2,0,0,1.0
tut_top5_train_0001220,train,2,0,0,1.0
tut_top5_train_0001221,train,2,1,1,1.0
tut_top5_train_0001222,train,2,0,0,1.0
tut_top5_train_0001223,train,2,1,1,1.0
tut_top5_train_0001224,train,2,0,0,1.0
tut_top5_train_0001225,train,2,0,0,1.0
tut_top5_train_0001226,train,2,0,0,1.0
tut_top5_train_0001227,train,2,1,1,1.0
tut_top5_train_0001228,train,2,0,0,1.0
tut_top5_train_0001229,train,2,1,1,1.0
tut_top5_train_0001230,train,2,0,0,1.0
tut_top5_train_0001231,train,2,1,1,1.0
tut_top5_train_0001232,train,2,0,0,1.0
tut_top5_train_0001233,train,2,1,1,1.0
tut_top5_train_0001234,train,2,1,1,1.0
tut_top5_train_0001235,train,2,1,1,1.0
tut_top5_train_0001236,train,2,1,1,1.0
tut_top5_train_0001237,train,2,0,0,1.0
tut_top5_train_0001238,train,2,0,0,1.0
tut_top5_train_0001239,train,2,1,1,1.0
tut_top5_train_0001240,train,2,0,0,1.0
tut_top5_train_0001241,train,2,0,0,1.0
tut_top5_train_0001242,train,2,0,0,1.0
tut_top5_train_0001243,train,2,0,0,1.0
tut_top5_train_0001244,train,2,1,1,1.0
tut_top5_train_0001245,train,2,1,1,1.0
tut_top5_train_0001246,train,2,0,0,1.0
tut_top5_train_0001247,train,2,0,0,1.0
tut_top5_train_0001248,train,2,1,1,1.0
tut_top5_train_0001249,train,2,0,0,1.0
tut_top5_train_0001250,train,2,0,0,1.0
tut_top5_train_0001251,train,2,0,0,1.0
tut_top5_train_0001252,train,2,1,1,1.0
tut_top5_train_0001253,train,2,1,1,1.0
tut_top5_train_0001254,train,2,1,1,1.0
tut_top5_train_0001255,train,2,1,1,1.0
tut_top5_train_0001256,train,2,1,1,1.0
tut_top5_train_0001257,train,2,0,0,1.0
tut_top5_train_0001258,train,2,1,1,1.0
tut_top5_train_0001259,train,2,1,1,1.0
tut_top5_train_0001260,train,2,1,1,1.0
tut_top5_train_0001261,train,2,1,1,1.0
tut_top5_train_0001262,train,2,0,0,1.0
tut_top5_train_0001263,train,2,0,0,1.0
tut_top5_train_0001264,train,2,0,0,1.0
tut_top5_train_0001265,train,2,0,0,1.0
tut_top5_train_0001266,train,2,0,0,1.0
tut_top5_train_0001267,train,2,0,0,1.0
tut_top5_train_0001268,train,2,1,1,1.0
tut_top5_train_0001269,train,2,1,1,1.0
tut_top5_train_0001270,train,2,1,1,1.0
tut_top5_train_0001271,train,2,0,0,1.0
tut_top5_train_0001272,train,2,1,1,1.0
tut_top5_train_0001273,train,2,0,0,1.0
tut_top5_train_0001274,train,2,1,1,1.0
tut_top5_train_0001275,train,2,0,0,1.0
tut_top5_train_0001276,train,2,0,0,1.0
tut_top5_train_0001277,train,2,1,1,1.0
tut_top5_train_0001278,train,2,1,1,1.0
tut_top5_train_0001279,train,2,0,0,1.0
tut_top5_train_0001280,train,2,0,0,1.0
tut_top5_train_0001281,train,2,0,0,1.0
tut_top5_train_0001282,train,2,1,1,1.0
tut_top5_train_0001283,train,2,1,1,1.0
tut_top5_train_0001284,train,2,0,0,1.0
tut_top5_train_0001285,train,2,0,0,1.0
tut_top5_train_0001286,train,2,1,1,1.0
tut_top5_train_0001287,train,2,0,0,1.0
tut_top5_train_0001288,train,2,0,0,1.0
tut_top5_train_0001289,train,2,1,1,1.0
tut_top5_train_0001290,train,2,0,0,1.0
tut_top5_train_0001291,train,2,1,1,1.0
tut_top5_train_0001292,train,2,0,0,1.0
tut_top5_train_0001293,train,2,0,0,1.0
tut_top5_train_0001294,train,2,0,0,1.0
tut_top5_train_0001295,train,2,1,1,1.0
tut_top5_train_0001296,train,2,1,1,1.0
tut_top5_train_0001297,train,2,0,0,1.0
tut_top5_train_0001298,train,2,0,0,1.0
tut_top5_train_0001299,train,2,1,1,1.0
tut_top5_train_0001300,train,2,0,0,1.0
tut_top5_train_0001301,train,2,1,1,1.0
tut_top5_train_0001302,train,2,0,0,1.0
tut_top5_train_0001303,train,2,1,1,1.0
tut_top5_train_0001304,train,2,1,1,1.0
tut_top5_train_0001305,train,2,1,1,1.0
tut_top5_train_0001306,train,2,1,1,1.0
tut_top5_train_0001307,train,2,1,1,1.0
tut_top5_train_0001308,train,2,0,0,1.0
tut_top5_train_0001309,train,2,1,1,1.0
tut_top5_train_0001310,train,2,0,0,1.0
tut_top5_train_0001311,train,2,0,0,1.0
tut_top5_train_0001312,train,2,0,0,1.0
tut_top5_train_0001313,train,2,0,0,1.0
tut_top5_train_0001314,train,2,0,0,1.0
tut_top5_train_0001315,train,2,0,0,1.0
tut_top5_train_0001316,train,2,0,0,1.0
tut_top5_train_0001317,train,2,0,0,1.0
tut_top5_train_0001318,train,2,0,0,1.0
tut_top5_train_0001319,train,2,1,1,1.0
tut_top5_train_0001320,train,2,0,0,1.0
tut_top5_train_0001321,train,2,1,1,1.0
tut_top5_train_0001322,train,2,1,1,1.0
tut_top5_train_0001323,train,2,1,1,1.0
tut_top5_train_0001324,train,2,1,1,1.0
tut_top5_train_0001325,train,2,0,0,1.0
tut_top5_train_0001326,train,2,1,1,1.0
tut_top5_train_0001327,train,2,1,1,1.0
tut_top5_train_0001328,train,2,0,0,1.0
tut_top5_train_0001329,train,2,0,0,1.0
tut_top5_train_0001330,train,2,0,0,1.0
tut_top5_train_0001331,train,2,1,1,1.0
tut_top5_train_0001332,train,2,1,1,1.0
tut_top5_train_0001333,train,2,1,1,1.0
tut_top5_train_0001334,train,2,0,0,1.0
tut_top5_train_0001335,train,2,0,0,1.0
tut_top5_train_0001336,train,2,1,1,1.0
tut_top5_train_0001337,train,2,1,1,1.0
tut_top5_train_0001338,train,2,1,1,1.0
tut_top5_train_0001339,train,2,0,0,1.0
tut_top5_train_0001340,train,2,1,1,1.0
tut_top5_train_0001341,train,2,1,1,1.0
tut_top5_train_0001342,train,2,0,0,1.0
tut_top5_train_0001343,train,2,1,1,1.0
tut_top5_train_0001344,train,2,1,1,1.0
tut_top5_train_0001345,train,2,1,1,1.0
tut_top5_train_0001346,train,2,0,0,1.0
tut_top5_train_0001347,train,2,0,0,1.0
tut_top5_train_0001348,train,2,0,0,1.0
tut_top5_train_0001349,train,2,1,1,1.0
tut_top5_train_0001350,train,2,0,0,1.0
tut_top5_train_0001351,train,2,1,1,1.0
tut_top5_train_0001352,train,2,0,0,1.0
tut_top5_train_0001353,train,2,1,1,1.0
tut_top5_train_0001354,train,2,0,0,1.0
tut_top5_train_0001355,train,2,0,0,1.0
tut_top5_train_0001356,train,2,1,1,1.0
tut_top5_train_0001357,train,2,1,1,1.0
tut_top5_train_0001358,train,2,1,1,1.0
tut_top5_train_0001359,train,2,0,0,1.0
tut_top5_train_0001360,train,2,1,1,1.0
tut_top5_train_0001361,train,2,0,0,1.0
tut_top5_train_0001362,train,2,0,0,1.0
tut_top5_train_0001363,train,2,1,1,1.0
tut_top5_train_0001364,train,2,0,0,1.0
tut_top5_train_0001365,train,2,0,0,1.0
tut_top5_train_0001366,train,2,1,1,1.0
tut_top5_train_0001367,train,2,0,0,1.0
tut_top5_train_0001368,train,2,0,0,1.0
tut_top5_train_0001369,train,2,1,1,1.0
tut_top5_train_0001370,train,2,1,1,1.0
tut_top5_train_0001371,train,2,0,0,1.0
tut_top5_train_0001372,train,2,1,1,1.0
tut_top5_train_0001373,train,2,1,1,1.0
tut_top5_train_0001374,train,2,1,1,1.0
tut_top5_train_0001375,train,2,0,0,1.0
tut_top5_train_0001376,train,2,0,0,1.0
tut_top5_train_0001377,train,2,1,1,1.0
tut_top5_train_0001378,train,2,1,1,1.0
tut_top5_train_0001379,train,2,1,1,1.0
tut_top5_train_0001380,train,2,0,0,1.0
tut_top5_train_0001381,train,2,0,0,1.0
tut_top5_train_0001382,train,2,0,0,1.0
tut_top5_train_0001383,train,2,1,1,1.0
tut_top5_train_0001384,train,2,1,1,1.0
tut_top5_train_0001385,train,2,0,0,1.0
tut_top5_train_0001386,train,2,0,0,1.0
tut_top5_train_0001387,train,2,1,1,1.0
tut_top5_train_0001388,train,2,1,1,1.0
tut_top5_train_0001389,train,2,1,1,1.0
tut_top5_train_0001390,train,2,1,1,1.0
tut_top5_train_0001391,train,2,0,0,1.0
tut_top5_train_0001392,train,2,0,0,1.0
tut_top5_train_0001393,train,2,1,1,1.0
tut_top5_train_0001394,train,2,1,1,1.0
tut_top5_train_0001395,train,2,0,0,1.0
tut_top5_train_0001396,train,2,1,1,1.0
tut_top5_train_0001397,train,2,1,1,1.0
tut_top5_train_0001398,train,2,0,0,1.0
tut_top5_train_0001399,train,2,0,0,1.0
tut_top5_train_0001400,train,2,0,0,1.0
tut_top5_train_0001401,train,2,1,1,1.0
tut_top5_train_0001402,train,2,1,1,1.0
tut_top5_train_0001403,train,2,0,0,1.0
tut_top5_train_0001404,train,2,0,0,1.0
tut_top5_train_0001405,train,2,0,0,1.0
tut_top5_train_0001406,train,2,1,1,1.0
tut_top5_train_0001407,train,2,0,0,1.0
tut_top5_train_0001408,train,2,0,0,1.0
tut_top5_train_0001409,train,2,0,0,1.0
tut_top5_train_0001410,train,2,0,0,1.0
tut_top5_train_0001411,train,2,1,1,1.0
tut_top5_train_0001412,train,2,0,0,1.0
tut_top5_train_0001413,train,2,0,0,1.0
tut_top5_train_0001414,train,2,1,1,1.0
tut_top5_train_0001415,train,2,0,0,1.0
tut_top5_train_0001416,train,2,0,0,1.0
tut_top5_train_0001417,train,2,1,1,1.0
tut_top5_train_0001418,train,2,0,0,1.0
tut_top5_train_0001419,train,2,0,0,1.0
tut_top5_train_0001420,train,2,0,0,1.0
tut_top5_train_0001421,train,2,1,1,1.0
tut_top5_train_0001422,train,2,0,0,1.0
tut_top5_train_0001423,train,2,1,1,1.0
tut_top5_train_0001424,train,2,1,1,1.0
tut_top5_train_0001425,train,2,0,0,1.0
tut_top5_train_0001426,train,2,1,1,1.0
tut_top5_train_0001427,train,2,0,0,1.0
tut_top5_train_0001428,train,2,0,0,1.0
tut_top5_train_0001429,train,2,1,1,1.0
tut_top5_train_0001430,train,2,1,1,1.0
tut_top5_train_0001431,train,2,1,1,1.0
tut_top5_train_0001432,train,2,0,0,1.0
tut_top5_train_0001433,train,2,1,1,1.0
tut_top5_train_0001434,train,2,1,1,1.0
tut_top5_train_0001435,train,2,0,0,1.0
tut_top5_train_0001436,train,2,1,1,1.0
tut_top5_train_0001437,train,2,1,1,1.0
tut_top5_train_0001438,train,2,1,1,1.0
tut_top5_train_0001439,train,2,0,0,1.0
tut_top5_train_0001440,train,2,1,1,1.0
tut_top5_train_0001441,train,2,0,0,1.0
tut_top5_train_0001442,train,2,1,1,1.0
tut_top5_train_0001443,train,2,0,0,1.0
tut_top5_train_0001444,train,2,1,1,1.0
tut_top5_train_0001445,train,2,1,1,1.0
tut_top5_train_0001446,train,2,1,1,1.0
tut_top5_train_0001447,train,2,1,1,1.0
tut_top5_train_0001448,train,2,0,0,1.0
tut_top5_train_0001449,train,2,0,0,1.0
tut_top5_train_0001450,train,2,0,0,1.0
tut_top5_train_0001451,train,2,1,1,1.0
tut_top5_train_0001452,train,2,1,1,1.0
tut_top5_train_0001453,train,2,1,1,1.0
tut_top5_train_0001454,train,2,1,1,1.0
tut_top5_train_0001455,train,2,0,0,1.0
tut_top5_train_0001456,train,2,0,0,1.0
tut_top5_train_0001457,train,2,1,1,1.0
tut_top5_train_0001458,train,2,1,1,1.0
tut_top5_train_0001459,train,2,0,0,1.0
tut_top5_train_0001460,train,2,0,0,1.0
tut_top5_train_0001461,train,2,0,0,1.0
tut_top5_train_0001462,train,2,0,0,1.0
tut_top5_train_0001463,train,2,1,1,1.0
tut_top5_train_0001464,train,2,1,1,1.0
tut_top5_train_0001465,train,2,1,1,1.0
tut_top5_train_0001466,train,2,1,1,1.0
tut_top5_train_0001467,train,2,0,0,1.0
tut_top5_train_0001468,train,2,1,1,1.0
tut_top5_train_0001469,train,2,1,1,1.0
tut_top5_train_0001470,train,2,0,0,1.0
tut_top5_train_0001471,train,2,1,1,1.0
tut_top5_train_0001472,train,2,0,0,1.0
tut_top5_train_0001473,train,2,0,0,1.0
tut_top5_train_0001474,train,2,0,0,1.0
tut_top5_train_0001475,train,2,1,1,1.0
tut_top5_train_0001476,train,2,1,1,1.0
tut_top5_train_0001477,train,2,1,1,1.0
tut_top5_train_0001478,train,2,0,0,1.0
tut_top5_train_0001479,train,2,1,1,1.0
tut_top5_train_0001480,train,2,0,0,1.0
tut_top5_train_0001481,train,2,1,1,1.0
tut_top5_train_0001482,train,2,0,0,1.0
tut_top5_train_0001483,train,2,0,0,1.0
tut_top5_train_0001484,train,2,1,1,1.0
tut_top5_train_0001485,train,2,1,1,1.0
tut_top5_train_0001486,train,2,1,1,1.0
tut_top5_train_0001487,train,2,0,0,1.0
tut_top5_train_0001488,train,2,1,1,1.0
tut_top5_train_0001489,train,2,0,0,1.0
tut_top5_train_0001490,train,2,0,0,1.0
tut_top5_train_0001491,train,2,0,0,1.0
tut_top5_train_0001492,train,2,0,0,1.0
tut_top5_train_0001493,train,2,0,0,1.0
tut_top5_train_0001494,train,2,1,1,1.0
tut_top5_train_0001495,train,2,0,0,1.0
tut_top5_train_0001496,train,2,0,0,1.0
tut_top5_train_0001497,train,2,1,1,1.0
tut_top5_train_0001498,train,2,0,0,1.0
tut_top5_train_0001499,train,2,0,0,1.0
tut_top5_train_0001500,train,2,1,1,1.0
tut_top5_train_0001501,train,2,0,0,1.0
tut_top5_train_0001502,train,2,0,0,1.0
tut_top5_train_0001503,train,2,0,0,1.0
tut_top5_train_0001504,train,2,1,1,1.0
tut_top5_train_0001505,train,2,1,1,1.0
tut_top5_train_0001506,train,2,0,0,1.0
tut_top5_train_0001507,train,2,1,1,1.0
tut_top5_train_0001508,train,2,1,1,1.0
tut_top5_train_0001509,train,2,0,0,1.0
tut_top5_train_0001510,train,2,0,0,1.0
tut_top5_train_0001511,train,2,0,0,1.0
tut_top5_train_0001512,train,2,1,1,1.0
tut_top5_train_0001513,train,2,1,1,1.0
tut_top5_train_0001514,train,2,1,1,1.0
tut_top5_train_0001515,train,2,0,0,1.0
tut_top5_train_0001516,train,2,1,1,1.0
tut_top5_train_0001517,train,2,0,0,1.0
tut_top5_train_0001518,train,2,0,0,1.0
tut_top5_train_0001519,train,2,1,1,1.0
tut_top5_train_0001520,train,2,1,1,1.0
tut_top5_train_0001521,train,2,1,1,1.0
tut_top5_train_0001522,train,2,1,1,1.0
tut_top5_train_0001523,train,2,1,1,1.0
tut_top5_train_0001524,train,2,0,0,1.0
tut_top5_train_0001525,train,2,0,0,1.0
tut_top5_train_0001526,train,2,0,0,1.0
tut_top5_train_0001527,train,2,1,1,1.0
tut_top5_train_0001528,train,2,1,1,1.0
tut_top5_train_0001529,train,2,1,1,1.0
tut_top5_train_0001530,train,2,0,0,1.0
tut_top5_train_0001531,train,2,1,1,1.0
tut_top5_train_0001532,train,2,1,1,1.0
tut_top5_train_0001533,train,2,0,0,1.0
tut_top5_train_0001534,train,2,1,1,1.0
tut_top5_train_0001535,train,2,1,1,1.0
tut_top5_train_0001536,train,2,1,1,1.0
tut_top5_train_0001537,train,2,0,0,1.0
tut_top5_train_0001538,train,2,0,0,1.0
tut_top5_train_0001539,train,2,1,1,1.0
tut_top5_train_0001540,train,2,0,0,1.0
tut_top5_train_0001541,train,2,0,0,1.0
tut_top5_train_0001542,train,2,0,0,1.0
tut_top5_train_0001543,train,2,1,1,1.0
tut_top5_train_0001544,train,2,1,1,1.0
tut_top5_train_0001545,train,2,0,0,1.0
tut_top5_train_0001546,train,2,0,0,1.0
tut_top5_train_0001547,train,2,0,0,1.0
tut_top5_train_0001548,train,2,0,0,1.0
tut_top5_train_0001549,train,2,1,1,1.0
tut_top5_train_0001550,train,2,0,0,1.0
tut_top5_train_0001551,train,2,0,0,1.0
tut_top5_train_0001552,train,2,0,0,1.0
tut_top5_train_0001553,train,2,1,1,1.0
tut_top5_train_0001554,train,2,0,0,1.0
tut_top5_train_0001555,train,2,1,1,1.0
tut_top5_train_0001556,train,2,0,0,1.0
tut_top5_train_0001557,train,2,0,0,1.0
tut_top5_train_0001558,train,2,0,0,1.0
tut_top5_train_0001559,train,2,0,0,1.0
tut_top5_train_0001560,train,2,1,1,1.0
tut_top5_train_0001561,train,2,1,1,1.0
tut_top5_train_0001562,train,2,0,0,1.0
tut_top5_train_0001563,train,2,1,1,1.0
tut_top5_train_0001564,train,2,1,1,1.0
tut_top5_train_0001565,train,2,1,1,1.0
tut_top5_train_0001566,train,2,0,0,1.0
tut_top5_train_0001567,train,2,1,1,1.0
tut_top5_train_0001568,train,2,0,0,1.0
tut_top5_train_0001569,train,2,0,0,1.0
tut_top5_train_0001570,train,2,1,1,1.0
tut_top5_train_0001571,train,2,0,0,1.0
tut_top5_train_0001572,train,2,0,0,1.0
tut_top5_train_0001573,train,2,1,1,1.0
tut_top5_train_0001574,train,2,0,0,1.0
tut_top5_train_0001575,train,2,0,0,1.0
tut_top5_train_0001576,train,2,1,1,1.0
tut_top5_train_0001577,train,2,1,1,1.0
tut_top5_train_0001578,train,2,1,1,1.0
tut_top5_train_0001579,train,2,1,1,1.0
tut_top5_train_0001580,train,2,0,0,1.0
tut_top5_train_0001581,train,2,0,0,1.0
tut_top5_train_0001582,train,2,1,1,1.0
tut_top5_train_0001583,train,2,0,0,1.0
tut_top5_train_0001584,train,2,0,0,1.0
tut_top5_train_0001585,train,2,1,1,1.0
tut_top5_train_0001586,train,2,0,0,1.0
tut_top5_train_0001587,train,2,0,0,1.0
tut_top5_train_0001588,train,2,0,0,1.0
tut_top5_train_0001589,train,2,1,1,1.0
tut_top5_train_0001590,train,2,0,0,1.0
tut_top5_train_0001591,train,2,0,0,1.0
tut_top5_train_0001592,train,2,0,0,1.0
tut_top5_train_0001593,train,2,0,0,1.0
tut_top5_train_0001594,train,2,0,0,1.0
tut_top5_train_0001595,train,2,1,1,1.0
tut_top5_train_0001596,train,2,0,0,1.0
tut_top5_train_0001597,train,2,1,1,1.0
tut_top5_train_0001598,train,2,0,0,1.0
tut_top5_train_0001599,train,2,1,1,1.0
tut_top5_train_0001600,train,2,0,0,1.0
tut_top5_train_0001601,train,2,0,0,1.0
tut_top5_train_0001602,train,2,0,0,1.0
tut_top5_train_0001603,train,2,1,1,1.0
tut_top5_train_0001604,train,2,0,0,1.0
tut_top5_train_0001605,train,2,1,1,1.0
tut_top5_train_0001606,train,2,1,1,1.0
tut_top5_train_0001607,train,2,1,1,1.0
tut_top5_train_0001608,train,2,1,1,1.0
tut_top5_train_0001609,train,2,0,0,1.0
tut_top5_train_0001610,train,2,0,0,1.0
tut_top5_train_0001611,train,2,1,1,1.0
tut_top5_train_0001612,train,2,0,0,1.0
tut_top5_train_0001613,train,2,0,0,1.0
tut_top5_train_0001614,train,2,1,1,1.0
tut_top5_train_0001615,train,2,0,0,1.0
tut_top5_train_0001616,train,2,1,1,1.0
tut_top5_train_0001617,train,2,0,0,1.0
tut_top5_train_0001618,train,2,0,0,1.0
tut_top5_train_0001619,train,2,1,1,1.0
tut_top5_train_0001620,train,2,1,1,1.0
tut_top5_train_0001621,train,2,0,0,1.0
tut_top5_train_0001622,train,2,1,1,1.0
tut_top5_train_0001623,train,2,0,0,1.0
tut_top5_train_0001624,train,2,0,0,1.0
tut_top5_train_0001625,train,2,0,0,1.0
tut_top5_train_0001626,train,2,1,1,1.0
tut_top5_train_0001627,train,2,1,1,1.0
tut_top5_train_0001628,train,2,0,0,1.0
tut_top5_train_0001629,train,2,0,0,1.0
tut_top5_train_0001630,train,2,0,0,1.0
tut_top5_train_0001631,train,2,0,0,1.0
tut_top5_train_0001632,train,2,0,0,1.0
tut_top5_train_0001633,train,2,0,0,1.0
tut_top5_train_0001634,train,2,0,0,1.0
tut_top5_train_0001635,train,2,1,1,1.0
tut_top5_train_0001636,train,2,1,1,1.0
tut_top5_train_0001637,train,2,0,0,1.0
tut_top5_train_0001638,train,2,1,1,1.0
tut_top5_train_0001639,train,2,1,1,1.0
tut_top5_train_0001640,train,2,1,1,1.0
tut_top5_train_0001641,train,2,0,0,1.0
tut_top5_train_0001642,train,2,1,1,1.0
tut_top5_train_0001643,train,2,0,0,1.0
tut_top5_train_0001644,train,2,1,1,1.0
tut_top5_train_0001645,train,2,0,0,1.0
tut_top5_train_0001646,train,2,1,1,1.0
tut_top5_train_0001647,train,2,1,1,1.0
tut_top5_train_0001648,train,2,1,1,1.0
tut_top5_train_0001649,train,2,0,0,1.0
tut_top5_train_0001650,train,2,1,1,1.0
tut_top5_train_0001651,train,2,1,1,1.0
tut_top5_train_0001652,train,2,0,0,1.0
tut_top5_train_0001653,train,2,0,0,1.0
tut_top5_train_0001654,train,2,1,1,1.0
tut_top5_train_0001655,train,2,0,0,1.0
tut_top5_train_0001656,train,2,1,1,1.0
tut_top5_train_0001657,train,2,1,1,1.0
tut_top5_train_0001658,train,2,0,0,1.0
tut_top5_train_0001659,train,2,0,0,1.0
tut_top5_train_0001660,train,2,0,0,1.0
tut_top5_train_0001661,train,2,0,0,1.0
tut_top5_train_0001662,train,2,0,0,1.0
tut_top5_train_0001663,train,2,1,1,1.0
tut_top5_train_0001664,train,2,1,1,1.0
tut_top5_train_0001665,train,2,0,0,1.0
tut_top5_train_0001666,train,2,1,1,1.0
tut_top5_train_0001667,train,2,0,0,1.0
tut_top5_train_0001668,train,2,1,1,1.0
tut_top5_train_0001669,train,2,1,1,1.0
tut_top5_train_0001670,train,2,1,1,1.0
tut_top5_train_0001671,train,2,0,0,1.0
tut_top5_train_0001672,train,2,1,1,1.0
tut_top5_train_0001673,train,2,1,1,1.0
tut_top5_train_0001674,train,2,0,0,1.0
tut_top5_train_0001675,train,2,1,1,1.0
tut_top5_train_0001676,train,2,0,0,1.0
tut_top5_train_0001677,train,2,1,1,1.0
tut_top5_train_0001678,train,2,1,1,1.0
tut_top5_train_0001679,train,2,0,0,1.0
tut_top5_train_0001680,train,2,0,0,1.0
tut_top5_train_0001681,train,2,1,1,1.0
tut_top5_train_0001682,train,2,0,0,1.0
tut_top5_train_0001683,train,2,0,0,1.0
tut_top5_train_0001684,train,2,1,1,1.0
tut_top5_train_0001685,train,2,0,0,1.0
tut_top5_train_0001686,train,2,1,1,1.0
tut_top5_train_0001687,train,2,0,0,1.0
tut_top5_train_0001688,train,2,1,1,1.0
tut_top5_train_0001689,train,2,0,0,1.0
tut_top5_train_0001690,train,2,0,0,1.0
tut_top5_train_0001691,train,2,0,0,1.0
tut_top5_train_0001692,train,2,0,0,1.0
tut_top5_train_0001693,train,2,1,1,1.0
tut_top5_train_0001694,train,2,1,1,1.0
tut_top5_train_0001695,train,2,0,0,1.0
tut_top5_train_0001696,train,2,1,1,1.0
tut_top5_train_0001697,train,2,0,0,1.0
tut_top5_train_0001698,train,2,1,1,1.0
tut_top5_train_0001699,train,2,1,1,1.0
tut_top5_train_0001700,train,2,0,0,1.0
tut_top5_train_0001701,train,2,0,0,1.0
tut_top5_train_0001702,train,2,0,0,1.0
tut_top5_train_0001703,train,2,1,1,1.0
tut_top5_train_0001704,train,2,1,1,1.0
tut_top5_train_0001705,train,2,1,1,1.0
tut_top5_train_0001706,train,2,1,1,1.0
tut_top5_train_0001707,train,2,0,0,1.0
tut_top5_train_0001708,train,2,0,0,1.0
tut_top5_train_0001709,train,2,1,1,1.0
tut_top5_train_0001710,train,2,0,0,1.0
tut_top5_train_0001711,train,2,1,1,1.0
tut_top5_train_0001712,train,2,0,0,1.0
tut_top5_train_0001713,train,2,0,0,1.0
tut_top5_train_0001714,train,2,0,0,1.0
tut_top5_train_0001715,train,2,1,1,1.0
tut_top5_train_0001716,train,2,1,1,1.0
tut_top5_train_0001717,train,2,1,1,1.0
tut_top5_train_0001718,train,2,1,1,1.0
tut_top5_train_0001719,train,2,1,1,1.0
tut_top5_train_0001720,train,2,1,1,1.0
tut_top5_train_0001721,train,2,1,1,1.0
tut_top5_train_0001722,train,2,0,0,1.0
tut_top5_train_0001723,train,2,1,1,1.0
tut_top5_train_0001724,train,2,1,1,1.0
tut_top5_train_0001725,train,2,0,0,1.0
tut_top5_train_0001726,train,2,0,0,1.0
tut_top5_train_0001727,train,2,1,1,1.0
tut_top5_train_0001728,train,2,1,1,1.0
tut_top5_train_0001729,train,2,1,1,1.0
tut_top5_train_0001730,train,2,0,0,1.0
tut_top5_train_0001731,train,2,1,1,1.0
tut_top5_train_0001732,train,2,0,0,1.0
tut_top5_train_0001733,train,2,0,0,1.0
tut_top5_train_0001734,train,2,0,0,1.0
tut_top5_train_0001735,train,2,1,1,1.0
tut_top5_train_0001736,train,2,0,0,1.0
tut_top5_train_0001737,train,2,1,1,1.0
tut_top5_train_0001738,train,2,1,1,1.0
tut_top5_train_0001739,train,2,1,1,1.0
tut_top5_train_0001740,train,2,0,0,1.0
tut_top5_train_0001741,train,2,0,0,1.0
tut_top5_train_0001742,train,2,1,1,1.0
tut_top5_train_0001743,train,2,0,0,1.0
tut_top5_train_0001744,train,2,0,0,1.0
tut_top5_train_0001745,train,2,1,1,1.0
tut_top5_train_0001746,train,2,0,0,1.0
tut_top5_train_0001747,train,2,1,1,1.0
tut_top5_train_0001748,train,2,0,0,1.0
tut_top5_train_0001749,train,2,0,0,1.0
tut_top5_train_0001750,train,2,0,0,1.0
tut_top5_train_0001751,train,2,0,0,1.0
tut_top5_train_0001752,train,2,1,1,1.0
tut_top5_train_0001753,train,2,0,0,1.0
tut_top5_train_0001754,train,2,0,0,1.0
tut_top5_train_0001755,train,2,0,0,1.0
tut_top5_train_0001756,train,2,1,1,1.0
tut_top5_train_0001757,train,2,0,0,1.0
tut_top5_train_0001758,train,2,1,1,1.0
tut_top5_train_0001759,train,2,1,1,1.0
tut_top5_train_0001760,train,2,0,0,1.0
tut_top5_train_0001761,train,2,0,0,1.0
tut_top5_train_0001762,train,2,0,0,1.0
tut_top5_train_0001763,train,2,0,0,1.0
tut_top5_train_0001764,train,2,1,1,1.0
tut_top5_train_0001765,train,2,0,0,1.0
tut_top5_train_0001766,train,2,1,1,1.0
tut_top5_train_0001767,train,2,1,1,1.0
tut_top5_train_0001768,train,2,0,0,1.0
tut_top5_train_0001769,train,2,0,0,1.0
tut_top5_train_0001770,train,2,1,1,1.0
tut_top5_train_0001771,train,2,0,0,1.0
tut_top5_train_0001772,train,2,0,0,1.0
tut_top5_train_0001773,train,2,1,1,1.0
tut_top5_train_0001774,train,2,0,0,1.0
tut_top5_train_0001775,train,2,0,0,1.0
tut_top5_train_0001776,train,2,1,1,1.0
tut_top5_train_0001777,train,2,0,0,1.0
tut_top5_train_0001778,train,2,0,0,1.0
tut_top5_train_0001779,train,2,1,1,1.0
tut_top5_train_0001780,train,2,1,1,1.0
tut_top5_train_0001781,train,2,0,0,1.0
tut_top5_train_0001782,train,2,0,0,1.0
tut_top5_train_0001783,train,2,0,0,1.0
tut_top5_train_0001784,train,2,1,1,1.0
tut_top5_train_0001785,train,2,0,0,1.0
tut_top5_train_0001786,train,2,1,1,1.0
tut_top5_train_0001787,train,2,0,0,1.0
tut_top5_train_0001788,train,2,1,1,1.0
tut_top5_train_0001789,train,2,0,0,1.0
tut_top5_train_0001790,train,2,0,0,1.0
tut_top5_train_0001791,train,2,1,1,1.0
tut_top5_train_0001792,train,2,1,1,1.0
tut_top5_train_0001793,train,2,1,1,1.0
tut_top5_train_0001794,train,2,1,1,1.0
tut_top5_train_0001795,train,2,1,1,1.0
tut_top5_train_0001796,train,2,1,1,1.0
tut_top5_train_0001797,train,2,1,1,1.0
tut_top5_train_0001798,train,2,0,0,1.0
tut_top5_train_0001799,train,2,1,1,1.0
tut_top5_train_0001800,train,2,0,0,1.0
tut_top5_train_0001801,train,2,0,0,1.0
tut_top5_train_0001802,train,2,1,1,1.0
tut_top5_train_0001803,train,2,0,0,1.0
tut_top5_train_0001804,train,2,1,1,1.0
tut_top5_train_0001805,train,2,1,1,1.0
tut_top5_train_0001806,train,2,1,1,1.0
tut_top5_train_0001807,train,2,0,0,1.0
tut_top5_train_0001808,train,2,0,0,1.0
tut_top5_train_0001809,train,2,0,0,1.0
tut_top5_train_0001810,train,2,1,1,1.0
tut_top5_train_0001811,train,2,0,0,1.0
tut_top5_train_0001812,train,2,1,1,1.0
tut_top5_train_0001813,train,2,0,0,1.0
tut_top5_train_0001814,train,2,1,1,1.0
tut_top5_train_0001815,train,2,1,1,1.0
tut_top5_train_0001816,train,2,0,0,1.0
tut_top5_train_0001817,train,2,0,0,1.0
tut_top5_train_0001818,train,2,0,0,1.0
tut_top5_train_0001819,train,2,0,0,1.0
tut_top5_train_0001820,train,2,1,1,1.0
tut_top5_train_0001821,train,2,0,0,1.0
tut_top5_train_0001822,train,2,1,1,1.0
tut_top5_train_0001823,train,2,0,0,1.0
tut_top5_train_0001824,train,2,0,0,1.0
tut_top5_train_0001825,train,2,1,1,1.0
tut_top5_train_0001826,train,2,0,0,1.0
tut_top5_train_0001827,train,2,0,0,1.0
tut_top5_train_0001828,train,2,0,0,1.0
tut_top5_train_0001829,train,2,1,1,1.0
tut_top5_train_0001830,train,2,1,1,1.0
tut_top5_train_0001831,train,2,0,0,1.0
tut_top5_train_0001832,train,2,1,1,1.0
tut_top5_train_0001833,train,2,1,1,1.0
tut_top5_train_0001834,train,2,0,0,1.0
tut_top5_train_0001835,train,2,0,0,1.0
tut_top5_train_0001836,train,2,0,0,1.0
tut_top5_train_0001837,train,2,0,0,1.0
tut_top5_train_0001838,train,2,1,1,1.0
tut_top5_train_0001839,train,2,0,0,1.0
tut_top5_train_0001840,train,2,1,1,1.0
tut_top5_train_0001841,train,2,1,1,1.0
tut_top5_train_0001842,train,2,0,0,1.0
tut_top5_train_0001843,train,2,1,1,1.0
tut_top5_train_0001844,train,2,0,0,1.0
tut_top5_train_0001845,train,2,0,0,1.0
tut_top5_train_0001846,train,2,1,1,1.0
tut_top5_train_0001847,train,2,0,0,1.0
tut_top5_train_0001848,train,2,1,1,1.0
tut_top5_train_0001849,train,2,0,0,1.0
tut_top5_train_0001850,train,2,1,1,1.0
tut_top5_train_0001851,train,2,1,1,1.0
tut_top5_train_0001852,train,2,1,1,1.0
tut_top5_train_0001853,train,2,1,1,1.0
tut_top5_train_0001854,train,2,1,1,1.0
tut_top5_train_0001855,train,2,0,0,1.0
tut_top5_train_0001856,train,2,0,0,1.0
tut_top5_train_0001857,train,2,0,0,1.0
tut_top5_train_0001858,train,2,1,1,1.0
tut_top5_train_0001859,train,2,1,1,1.0
tut_top5_train_0001860,train,2,1,1,1.0
tut_top5_train_0001861,train,2,1,1,1.0
tut_top5_train_0001862,train,2,0,0,1.0
tut_top5_train_0001863,train,2,0,0,1.0
tut_top5_train_0001864,train,2,0,0,1.0
tut_top5_train_0001865,train,2,0,0,1.0
tut_top5_train_0001866,train,2,1,1,1.0
tut_top5_train_0001867,train,2,1,1,1.0
tut_top5_val_0000000,val,2,0,0,0.72234575235194
tut_top5_val_0000001,val,2,0,0,0.9927680113075905
tut_top5_val_0000002,val,2,1,1,0.9548777088073587
tut_top5_val_0000003,val,2,1,1,0.9104547077556553
tut_top5_val_0000004,val,2,1,1,0.9020375578776115
tut_top5_val_0000005,val,2,0,0,0.983143430412979
tut_top5_val_0000006,val,2,1,1,0.9517588792465618
tut_top5_val_0000007,val,2,0,0,0.9979989695472843
tut_top5_val_0000008,val,2,1,1,0.5609714249149875
tut_top5_val_0000009,val,2,1,1,0.872082434945991
tut_top5_val_0000010,val,2,0,0,0.9777945742836626
tut_top5_val_0000011,val,2,0,0,0.9777690455142717
tut_top5_val_0000012,val,2,1,1,0.9557976924041185
tut_top5_val_0000013,val,2,0,0,0.9741302866608373
tut_top5_val_0000014,val,2,1,1,0.9874388498457469
tut_top5_val_0000015,val,2,1,1,0.6466660945176254
tut_top5_val_0000016,val,2,0,0,0.9755684933695299
tut_top5_val_0000017,val,2,1,1,0.9754716832581163
tut_top5_val_0000018,val,2,1,1,0.6157908444388317
tut_top5_val_0000019,val,2,1,1,0.9746916640505718
tut_top5_val_0000020,val,2,0,0,0.6538583261658809
tut_top5_val_0000021,val,2,0,0,0.9938920866226644
tut_top5_val_0000022,val,2,1,1,0.9825169692281807
tut_top5_val_0000023,val,2,0,0,0.9745512335478328
tut_top5_val_0000024,val,2,0,0,1.0
tut_top5_val_0000025,val,2,1,1,0.9832546169794197
tut_top5_val_0000026,val,2,1,1,0.7374673192134991
tut_top5_val_0000027,val,2,0,0,0.9387862261400093
tut_top5_val_0000028,val,2,1,1,1.0
tut_top5_val_0000029,val,2,1,1,0.9646319230852921
tut_top5_val_0000030,val,2,1,1,0.9932815913593565
tut_top5_val_0000031,val,2,1,1,0.989600899570028
tut_top5_val_0000032,val,2,0,0,0.9942759784291172
tut_top5_val_0000033,val,2,0,0,1.0
tut_top5_val_0000034,val,2,1,1,0.9766541402156467
tut_top5_val_0000035,val,2,0,0,0.9890457857096311
tut_top5_val_0000036,val,2,1,1,0.9935411380935122
tut_top5_val_0000037,val,2,0,0,0.9998343450100038
tut_top5_val_0000038,val,2,0,0,0.9827945742836626
tut_top5_val_0000039,val,2,1,1,0.9966867779600764
tut_top5_val_0000040,val,2,1,1,0.9204689254980295
tut_top5_val_0000041,val,2,1,1,0.9785991022892685
tut_top5_val_0000042,val,2,0,0,0.9265520235571837
tut_top5_val_0000043,val,2,0,0,0.900537215656493
tut_top5_val_0000044,val,2,1,1,0.9550251860261758
tut_top5_val_0000045,val,2,0,0,0.957332925504538
tut_top5_val_0000046,val,2,1,1,0.9715809534878717
tut_top5_val_0000047,val,2,0,0,1.0
tut_top5_val_0000048,val,2,1,1,1.0
tut_top5_val_0000049,val,2,1,1,0.9645065382699147
tut_top5_val_0000050,val,2,0,0,0.6292376906576826
tut_top5_val_0000051,val,2,0,0,0.9094500930369847
tut_top5_val_0000052,val,2,0,0,0.8048705586154067
tut_top5_val_0000053,val,2,1,1,0.8618572920072174
tut_top5_val_0000054,val,2,1,1,0.9840645726252946
tut_top5_val_0000055,val,2,1,1,0.9937524875487178
tut_top5_val_0000056,val,2,0,0,0.8710389336009088
tut_top5_val_0000057,val,2,0,0,0.996336433178341
tut_top5_val_0000058,val,2,1,1,0.986920060576589
tut_top5_val_0000059,val,2,1,1,0.998948147784511
tut_top5_val_0000060,val,2,1,1,0.7221878676165102
tut_top5_val_0000061,val,2,0,0,0.9034108961386751
tut_top5_val_0000062,val,2,1,1,0.9464884919649701
tut_top5_val_0000063,val,2,1,1,0.7651514498629659
tut_top5_val_0000064,val,2,1,1,1.0
tut_top5_val_0000065,val,2,1,1,0.9929562449974014
tut_top5_val_0000066,val,2,0,0,0.9856143345935009
tut_top5_val_0000067,val,2,1,1,0.9578444445742059
tut_top5_val_0000068,val,2,0,0,0.8588658897396209
tut_top5_val_0000069,val,2,0,0,0.6130514287850404
tut_top5_val_0000070,val,2,0,0,0.9937459880188938
tut_top5_val_0000071,val,2,0,0,0.9953386244009349
tut_top5_val_0000072,val,2,0,0,0.9958153205497059
tut_top5_val_0000073,val,2,1,1,0.9888868795360838
tut_top5_val_0000074,val,2,1,1,0.9984340949033392
tut_top5_val_0000075,val,2,1,1,0.938509025976039
tut_top5_val_0000076,val,2,0,0,0.7452850286336803
tut_top5_val_0000077,val,2,1,1,0.993874008119259
tut_top5_val_0000078,val,2,1,1,0.8216671101889991
tut_top5_val_0000079,val,2,0,0,0.9936550579036257
tut_top5_val_0000080,val,2,1,1,0.9984340949033392
tut_top5_val_0000081,val,2,1,1,0.9824607236548059
tut_top5_val_0000082,val,2,1,1,0.9928936826352088
tut_top5_val_0000083,val,2,0,0,0.8680121863996528
tut_top5_val_0000084,val,2,0,0,0.9904580919520797
tut_top5_val_0000085,val,2,1,1,0.6127802662095354
tut_top5_val_0000086,val,2,1,1,0.9878452890792292
tut_top5_val_0000087,val,2,0,0,0.9956143345935008
tut_top5_val_0000088,val,2,0,0,0.9935862946221229
tut_top5_val_0000089,val,2,1,1,0.9614539202978578
tut_top5_val_0000090,val,2,0,0,0.6626104374634494
tut_top5_val_0000091,val,2,0,0,0.6463567699964287
tut_top5_val_0000092,val,2,1,1,0.8192654738260746
tut_top5_val_0000093,val,2,0,0,0.6176693060586192
tut_top5_val_0000094,val,2,1,1,0.5443111964185829
tut_top5_val_0000095,val,2,0,0,0.8629755313733355
tut_top5_val_0000096,val,2,0,0,1.0
tut_top5_val_0000097,val,2,0,1,0.7483331943702405
tut_top5_val_0000098,val,2,0,0,0.8055311363758222
tut_top5_val_0000099,val,2,0,0,0.9980158407798538
tut_top5_val_0000100,val,2,0,0,0.9973849036402569
tut_top5_val_0000101,val,2,0,0,0.9982294309532439
tut_top5_val_0000102,val,2,0,0,0.9570381647313393
tut_top5_val_0000103,val,2,0,0,0.9542897837242635
tut_top5_val_0000104,val,2,1,1,0.9535901307923754
tut_top5_val_0000105,val,2,0,0,0.7704574328079451
tut_top5_val_0000106,val,2,0,0,0.9870731964999887
tut_top5_val_0000107,val,2,1,1,0.8915287816505787
tut_top5_val_0000108,val,2,1,1,0.9988820647068712
tut_top5_val_0000109,val,2,1,1,0.9959992740329057
tut_top5_val_0000110,val,2,1,1,1.0
tut_top5_val_0000111,val,2,0,0,0.6347008210743944
tut_top5_val_0000112,val,2,0,0,0.8941999395429948
tut_top5_val_0000113,val,2,0,0,0.9996793146458347
tut_top5_val_0000114,val,2,1,1,1.0
tut_top5_val_0000115,val,2,0,0,0.9942759784291172
tut_top5_val_0000116,val,2,0,0,0.9975835616484529
tut_top5_val_0000117,val,2,1,1,0.9628233924667269
tut_top5_val_0000118,val,2,1,1,0.9612128295753775
tut_top5_val_0000119,val,2,0,0,0.9386702536443495
tut_top5_val_0000120,val,2,0,0,0.9938437655467447
tut_top5_val_0000121,val,2,1,1,1.0
tut_top5_val_0000122,val,2,1,1,1.0
tut_top5_val_0000123,val,2,1,1,0.7766443839859594
tut_top5_val_0000124,val,2,0,0,0.9904331436579531
tut_top5_val_0000125,val,2,0,0,0.992408918736256
tut_top5_val_0000126,val,2,0,0,0.9807786187832782
tut_top5_val_0000127,val,2,1,1,0.9060282609586175
tut_top5_val_0000128,val,2,1,1,0.9824736270267371
tut_top5_val_0000129,val,2,1,1,0.9997819489990701
tut_top5_val_0000130,val,2,0,0,1.0
tut_top5_val_0000131,val,2,0,0,0.9832294309532439
tut_top5_val_0000132,val,2,1,1,0.9701043782474404
tut_top5_val_0000133,val,2,0,0,0.9994081816758574
tut_top5_val_0000134,val,2,1,1,1.0
tut_top5_val_0000135,val,2,0,0,0.9982294309532439
tut_top5_val_0000136,val,2,0,0,0.9928999988172937
tut_top5_val_0000137,val,2,1,1,0.9944832861664216
tut_top5_val_0000138,val,2,1,1,0.7647446121579136
tut_top5_val_0000139,val,2,1,1,1.0
tut_top5_val_0000140,val,2,1,1,0.9702261908435432
tut_top5_val_0000141,val,2,1,1,0.9185262368917408
tut_top5_val_0000142,val,2,1,1,0.7744762768175716
tut_top5_val_0000143,val,2,1,1,0.9198236701011215
tut_top5_val_0000144,val,2,1,0,0.6232772578216502
tut_top5_val_0000145,val,2,0,0,1.0
tut_top5_val_0000146,val,2,0,0,0.8400104835541665
tut_top5_val_0000147,val,2,0,0,0.9086462868541149
tut_top5_val_0000148,val,2,0,0,0.9645479941630424
tut_top5_val_0000149,val,2,0,0,0.9997518793173507
tut_top5_val_0000150,val,2,1,1,1.0
tut_top5_val_0000151,val,2,0,0,0.9997366098253373
tut_top5_val_0000152,val,2,0,0,0.800876202364222
tut_top5_val_0000153,val,2,0,0,0.9840713144790222
tut_top5_val_0000154,val,2,1,1,1.0
tut_top5_val_0000155,val,2,0,0,0.9691020527770675
tut_top5_val_0000156,val,2,0,0,0.9855115727700793
tut_top5_val_0000157,val,2,1,1,1.0
tut_top5_val_0000158,val,2,0,0,0.7448297462346615
tut_top5_val_0000159,val,2,1,1,0.9886175208388724
tut_top5_val_0000160,val,2,1,1,0.9942610636821786
tut_top5_val_0000161,val,2,1,1,0.742775089669824
tut_top5_val_0000162,val,2,0,0,0.9980158407798538
tut_top5_val_0000163,val,2,1,1,0.9081124543097749
tut_top5_val_0000164,val,2,1,1,1.0
tut_top5_val_0000165,val,2,0,0,0.6921500520127908
tut_top5_val_0000166,val,2,0,0,0.9607948158847844
tut_top5_val_0000167,val,2,0,0,0.9668317295875717
tut_top5_val_0000168,val,2,1,1,0.7927682533851261
tut_top5_val_0000169,val,2,0,0,0.9504246201015465
tut_top5_val_0000170,val,2,0,0,0.9933927214686363
tut_top5_val_0000171,val,2,1,1,0.9998812902194332
tut_top5_val_0000172,val,2,0,0,0.9657908614854946
tut_top5_val_0000173,val,2,0,0,0.9260404014305895
tut_top5_val_0000174,val,2,0,0,0.6018893448468472
tut_top5_val_0000175,val,2,1,1,0.729718504061207
tut_top5_val_0000176,val,2,0,0,1.0
tut_top5_val_0000177,val,2,0,0,0.7767892120254325
tut_top5_val_0000178,val,2,0,0,0.995798426793224
tut_top5_val_0000179,val,2,0,0,0.9950493479869307
tut_top5_val_0000180,val,2,0,0,0.8042390984382116
tut_top5_val_0000181,val,2,1,1,0.9844832861664214
tut_top5_val_0000182,val,2,1,1,0.9974838804408411
tut_top5_val_0000183,val,2,1,1,0.9344211168025681
tut_top5_val_0000184,val,2,0,0,0.9945708543836261
tut_top5_val_0000185,val,2,1,1,0.995
tut_top5_val_0000186,val,2,0,0,0.9696446965493892
tut_top5_val_0000187,val,2,1,1,0.9544540798179695
tut_top5_val_0000188,val,2,1,1,0.971436522999002
tut_top5_val_0000189,val,2,0,0,1.0
tut_top5_val_0000190,val,2,0,0,0.9938437655467447
tut_top5_val_0000191,val,2,0,1,0.5406039343704502
tut_top5_val_0000192,val,2,1,1,0.90788786580723
tut_top5_val_0000193,val,2,1,1,0.9782546169794198
tut_top5_val_0000194,val,2,0,0,0.8441872212815994
tut_top5_val_0000195,val,2,0,0,0.9469828284933807
tut_top5_val_0000196,val,2,0,0,0.9027585837277364
tut_top5_val_0000197,val,2,0,0,0.9086769242574352
tut_top5_val_0000198,val,2,1,1,0.6332691645867248
tut_top5_val_0000199,val,2,1,1,0.9984340949033392
tut_top5_val_0000200,val,2,0,0,1.0
tut_top5_val_0000201,val,2,1,1,0.9976150963597431
tut_top5_val_0000202,val,2,1,1,0.9908351416720507
tut_top5_val_0000203,val,2,0,0,0.9727649398481557
tut_top5_val_0000204,val,2,0,0,0.9956862855977735
tut_top5_val_0000205,val,2,1,1,0.880444326172014
tut_top5_val_0000206,val,2,1,1,0.9811130379212826
tut_top5_val_0000207,val,2,1,1,0.9733274188344778
tut_top5_val_0000208,val,2,1,1,0.9202059571486852
tut_top5_val_0000209,val,2,0,0,0.9611112273047349
tut_top5_val_0000210,val,2,1,1,0.9748764067751823
tut_top5_val_0000211,val,2,0,0,0.8985089299672784
tut_top5_val_0000212,val,2,0,0,0.9770705527127796
tut_top5_val_0000213,val,2,0,0,0.8532522444956555
tut_top5_val_0000214,val,2,0,0,0.9955763260025873
tut_top5_val_0000215,val,2,0,0,0.9059491106959768
tut_top5_val_0000216,val,2,0,0,0.9875633473574951
tut_top5_val_0000217,val,2,1,1,0.7583527027516618
tut_top5_val_0000218,val,2,0,0,0.9389701735861021
tut_top5_val_0000219,val,2,1,1,0.9654780235090744
tut_top5_val_0000220,val,2,1,1,0.9938441326680563
tut_top5_val_0000221,val,2,1,1,0.9648449385632736
tut_top5_val_0000222,val,2,1,1,0.9958895568336611
tut_top5_val_0000223,val,2,0,0,0.9997518793173507
tut_top5_val_0000224,val,2,0,0,0.9727545204381904
tut_top5_val_0000225,val,2,1,1,0.9855896033895
tut_top5_val_0000226,val,2,1,1,0.9754391454378647
tut_top5_val_0000227,val,2,0,0,0.9820506257200589
tut_top5_val_0000228,val,2,0,0,0.7662404527235169
tut_top5_val_0000229,val,2,0,0,0.9502976558474451
tut_top5_val_0000230,val,2,1,1,0.9878024481059271
tut_top5_val_0000231,val,2,1,1,0.7590290805228745
tut_top5_val_0000232,val,2,1,1,0.9953395672359265
tut_top5_val_0000233,val,2,0,0,1.0
tut_top5_val_0000234,val,2,0,0,0.8714638328994146
tut_top5_val_0000235,val,2,0,0,0.7874172474648842
tut_top5_val_0000236,val,2,1,1,0.9608265217613785
tut_top5_val_0000237,val,2,1,1,0.8983793232990486
tut_top5_val_0000238,val,2,1,1,0.936944090628421
tut_top5_val_0000239,val,2,1,1,0.9942079295223826
tut_top5_val_0000240,val,2,0,0,0.974648482999129
tut_top5_val_0000241,val,2,0,0,1.0
tut_top5_val_0000242,val,2,1,1,0.9547457651428165
tut_top5_val_0000243,val,2,1,1,0.9567324744495735
tut_top5_val_0000244,val,2,1,1,0.9926150963597431
tut_top5_val_0000245,val,2,0,0,0.645102948317562
tut_top5_val_0000246,val,2,1,1,0.996278663181402
tut_top5_val_0000247,val,2,0,0,0.9822737494095343
tut_top5_val_0000248,val,2,1,1,0.9937335091178352
tut_top5_val_0000249,val,2,1,1,0.99
tut_top5_val_0000250,val,2,1,1,0.7934588754955674
tut_top5_val_0000251,val,2,0,0,1.0
tut_top5_val_0000252,val,2,0,0,0.9189530319503807
tut_top5_val_0000253,val,2,0,0,0.9744877831500447
tut_top5_val_0000254,val,2,0,0,0.9912219559043176
tut_top5_val_0000255,val,2,1,1,0.9816213910131069
tut_top5_val_0000256,val,2,0,0,1.0
tut_top5_val_0000257,val,2,1,1,0.7795376536535383
tut_top5_val_0000258,val,2,1,1,0.9965983988206414
tut_top5_val_0000259,val,2,0,0,0.9908163547563873
tut_top5_val_0000260,val,2,1,1,0.9402486059311754
tut_top5_val_0000261,val,2,1,1,0.979519760934535
tut_top5_val_0000262,val,2,1,1,0.9988343799058085
tut_top5_val_0000263,val,2,0,0,1.0
tut_top5_val_0000264,val,2,1,1,0.9902301927194861
tut_top5_val_0000265,val,2,0,0,0.9998343450100038
tut_top5_val_0000266,val,2,0,0,0.9654273698444801
tut_top5_val_0000267,val,2,0,0,0.9898541944609629
tut_top5_val_0000268,val,2,0,0,0.9965659050966608
tut_top5_val_0000269,val,2,0,0,0.9869500469706755
tut_top5_val_0000270,val,2,1,1,0.9777585952239647
tut_top5_val_0000271,val,2,0,0,1.0
tut_top5_val_0000272,val,2,0,0,0.6534312641857195
tut_top5_val_0000273,val,2,1,1,0.9976150963597431
tut_top5_val_0000274,val,2,0,0,0.9977427626475585
tut_top5_val_0000275,val,2,1,1,0.9952659075181438
tut_top5_val_0000276,val,2,1,1,0.9896695220996488
tut_top5_val_0000277,val,2,1,0,0.5886357895436042
tut_top5_val_0000278,val,2,0,0,0.660283139952948
tut_top5_val_0000279,val,2,0,0,0.9036675299324145
tut_top5_val_0000280,val,2,1,1,1.0
tut_top5_val_0000281,val,2,1,1,0.9804306147386402
tut_top5_val_0000282,val,2,1,1,0.6177423965034543
tut_top5_val_0000283,val,2,0,0,0.9742431064052799
tut_top5_val_0000284,val,2,0,0,0.9859984764675156
tut_top5_val_0000285,val,2,0,0,0.9801539491545286
tut_top5_val_0000286,val,2,1,1,0.9967705690467561
tut_top5_val_0000287,val,2,0,0,0.8403545558461283
tut_top5_val_0000288,val,2,1,1,0.9998169604338716
tut_top5_val_0000289,val,2,0,0,0.9989339113480687
tut_top5_val_0000290,val,2,1,1,0.9632345491206248
tut_top5_val_0000291,val,2,0,0,0.7809019455205959
tut_top5_val_0000292,val,2,1,1,0.680014503178104
tut_top5_val_0000293,val,2,0,0,1.0
tut_top5_val_0000294,val,2,1,1,1.0
tut_top5_val_0000295,val,2,0,0,0.6538163983539672
tut_top5_val_0000296,val,2,0,0,0.9973849036402569
tut_top5_val_0000297,val,2,0,0,0.9939508087369177
tut_top5_val_0000298,val,2,1,1,0.9978092003437335
tut_top5_val_0000299,val,2,1,1,0.937899252175166
tut_top5_val_0000300,val,2,1,1,0.983923760896969
tut_top5_val_0000301,val,2,1,1,0.9135534975324494
tut_top5_val_0000302,val,2,0,1,0.5678710296376545
tut_top5_val_0000303,val,2,1,1,0.9960346216714124
tut_top5_val_0000304,val,2,0,0,0.9838269394045279
tut_top5_val_0000305,val,2,1,1,0.9895282296274124
tut_top5_val_0000306,val,2,1,1,0.9941364320821539
tut_top5_val_0000307,val,2,1,1,0.9589340218668647
tut_top5_val_0000308,val,2,1,1,1.0
tut_top5_val_0000309,val,2,0,0,0.9947953360499047
tut_top5_val_0000310,val,2,0,0,0.9759158726395085
tut_top5_val_0000311,val,2,1,1,0.9589643261814588
tut_top5_val_0000312,val,2,1,1,0.9638035908545962
tut_top5_val_0000313,val,2,1,1,0.9784979415615395
tut_top5_val_0000314,val,2,0,0,0.8958190659839927
tut_top5_val_0000315,val,2,0,0,0.8293587425916573
tut_top5_val_0000316,val,2,1,1,0.8424690792090722
tut_top5_val_0000317,val,2,0,0,0.9658570796593472
tut_top5_val_0000318,val,2,0,0,0.9487732180148499
tut_top5_val_0000319,val,2,1,1,1.0
tut_top5_val_0000320,val,2,0,0,0.9234393747504233
tut_top5_val_0000321,val,2,0,0,1.0
tut_top5_val_0000322,val,2,1,1,0.9863563625034021
tut_top5_val_0000323,val,2,0,0,0.9997366098253373
tut_top5_val_0000324,val,2,0,0,0.9007135244662707
tut_top5_val_0000325,val,2,0,0,0.9915366983333799
tut_top5_val_0000326,val,2,1,1,0.9501748985315612
tut_top5_val_0000327,val,2,0,0,0.8724652926730952
tut_top5_val_0000328,val,2,1,1,0.98221925538958
tut_top5_val_0000329,val,2,0,0,0.9566038617683593
tut_top5_val_0000330,val,2,0,0,0.9982294309532439
tut_top5_val_0000331,val,2,0,0,0.9983846131703774
tut_top5_val_0000332,val,2,0,0,0.9953386244009349
tut_top5_val_0000333,val,2,0,0,0.8620278395059404
tut_top5_val_0000334,val,2,1,1,0.9975861410541897
tut_top5_val_0000335,val,2,0,0,0.8188387436322554
tut_top5_val_0000336,val,2,0,0,0.9929444281033536
tut_top5_val_0000337,val,2,0,0,0.872338641865176
tut_top5_val_0000338,val,2,0,0,0.9818524262107533
tut_top5_val_0000339,val,2,0,0,0.9622889270926147
tut_top5_val_0000340,val,2,1,1,0.9939552527692241
tut_top5_val_0000341,val,2,0,1,0.8130791674468337
tut_top5_val_0000342,val,2,0,0,0.9933442313830659
tut_top5_val_0000343,val,2,1,1,0.9798835711688906
tut_top5_val_0000344,val,2,0,0,0.9482568197374028
tut_top5_val_0000345,val,2,0,0,0.8834651122970761
tut_top5_val_0000346,val,2,1,1,0.9981768527706606
tut_top5_val_0000347,val,2,0,0,0.9880478824434772
tut_top5_val_0000348,val,2,0,0,1.0
tut_top5_val_0000349,val,2,1,0,0.5030550355114831
tut_top5_val_0000350,val,2,1,1,0.55446387614362
tut_top5_val_0000351,val,2,0,0,0.9844546911492889
tut_top5_val_0000352,val,2,1,1,1.0
tut_top5_val_0000353,val,2,0,0,0.9250085233488115
tut_top5_val_0000354,val,2,0,0,0.9918489786985795
tut_top5_val_0000355,val,2,1,1,0.981382508536687
tut_top5_val_0000356,val,2,1,1,0.739542941998898
tut_top5_val_0000357,val,2,0,0,0.9843052625218117
tut_top5_val_0000358,val,2,1,1,0.9918308310644788
tut_top5_val_0000359,val,2,0,0,0.8840479051373675
tut_top5_val_0000360,val,2,1,0,0.7424264164066746
tut_top5_val_0000361,val,2,0,0,1.0
tut_top5_val_0000362,val,2,1,1,0.9894013338764021
tut_top5_val_0000363,val,2,1,1,0.987888109504115
tut_top5_val_0000364,val,2,0,0,0.8613499813729534
tut_top5_val_0000365,val,2,0,0,0.9822752166628752
tut_top5_val_0000366,val,2,0,1,0.6778993564221758
tut_top5_val_0000367,val,2,0,0,0.8977574287478873
tut_top5_val_0000368,val,2,0,0,0.9947698072805139
tut_top5_val_0000369,val,2,0,0,0.8996376827587131
tut_top5_val_0000370,val,2,0,0,0.7265422252071356
tut_top5_val_0000371,val,2,1,1,0.9535144738754631
tut_top5_val_0000372,val,2,0,0,0.9991006995581738
tut_top5_val_0000373,val,2,0,0,0.964161036759887
tut_top5_val_0000374,val,2,1,1,0.9663758571368487
tut_top5_val_0000375,val,2,1,1,0.822215307961513
tut_top5_val_0000376,val,2,0,0,0.9829955602398676
tut_top5_val_0000377,val,2,1,1,0.9759873401629084
tut_top5_val_0000378,val,2,0,0,0.983002471261189
tut_top5_val_0000379,val,2,1,1,0.9974834773767158
tut_top5_val_0000380,val,2,0,0,0.9041045530421944
tut_top5_val_0000381,val,2,1,1,0.9997070294519677
tut_top5_val_0000382,val,2,1,1,0.9804306147386402
tut_top5_val_0000383,val,2,0,0,0.9347848613974246
tut_top5_val_0000384,val,2,0,0,0.9884314511161303
tut_top5_val_0000385,val,2,1,1,0.7623734597153227
tut_top5_val_0000386,val,2,0,0,0.9376436422921697
tut_top5_val_0000387,val,2,0,0,0.881152376605672
tut_top5_val_0000388,val,2,0,0,0.9774657265975726
tut_top5_val_0000389,val,2,0,0,0.9270633949712294
tut_top5_val_0000390,val,2,0,1,0.640847091917751
tut_top5_val_0000391,val,2,0,0,0.9761783313198703
tut_top5_val_0000392,val,2,1,1,0.9984340949033392
tut_top5_val_0000393,val,2,0,0,0.9456593597769001
tut_top5_val_0000394,val,2,0,0,0.9312539226535742
tut_top5_val_0000395,val,2,0,0,0.9975268063918652
tut_top5_val_0000396,val,2,1,1,0.9811445353571071
tut_top5_val_0000397,val,2,1,0,0.6209225740852861
tut_top5_val_0000398,val,2,0,0,0.670613396564402
tut_top5_val_0000399,val,2,1,1,0.9065370904053267
tut_top5_val_0000400,val,2,0,0,0.8791702259115517
tut_top5_val_0000401,val,2,1,1,0.987969908164342
tut_top5_val_0000402,val,2,0,0,0.9999022648153335
tut_top5_val_0000403,val,2,1,1,0.9312122289117741
tut_top5_val_0000404,val,2,1,1,0.9665014444647007
tut_top5_val_0000405,val,2,0,0,0.5603046705625548
tut_top5_val_0000406,val,2,0,0,0.5224438219662605
tut_top5_val_0000407,val,2,0,0,0.9649492852044332
tut_top5_val_0000408,val,2,1,1,0.6030217285359563
tut_top5_test_0000000,test,2,1,1,0.8520259343444644
tut_top5_test_0000001,test,2,1,1,0.9809150486474867
tut_top5_test_0000002,test,2,0,0,0.9998343450100038
tut_top5_test_0000003,test,2,1,1,0.961400256845984
tut_top5_test_0000004,test,2,1,1,0.9073447655870187
tut_top5_test_0000005,test,2,0,0,0.9483782048682151
tut_top5_test_0000006,test,2,1,1,0.8406991379331674
tut_top5_test_0000007,test,2,0,0,0.9984451253997567
tut_top5_test_0000008,test,2,1,1,0.9489057312460742
tut_top5_test_0000009,test,2,1,1,0.8804834396695956
tut_top5_test_0000010,test,2,0,0,0.9836616438356165
tut_top5_test_0000011,test,2,1,1,0.9798835711688906
tut_top5_test_0000012,test,2,1,0,0.7467097959069576
tut_top5_test_0000013,test,2,1,1,0.9956049489525646
tut_top5_test_0000014,test,2,0,0,0.9916864108387651
tut_top5_test_0000015,test,2,0,0,0.91806561721551
tut_top5_test_0000016,test,2,1,1,0.9918681898066786
tut_top5_test_0000017,test,2,0,0,0.9434575009446071
tut_top5_test_0000018,test,2,0,0,0.9821688001918829
tut_top5_test_0000019,test,2,0,0,0.8445097740912942
tut_top5_test_0000020,test,2,1,1,0.9928197603098384
tut_top5_test_0000021,test,2,0,0,0.9543311922443063
tut_top5_test_0000022,test,2,1,1,1.0
tut_top5_test_0000023,test,2,1,1,0.9164299962228855
tut_top5_test_0000024,test,2,1,1,0.9984340949033392
tut_top5_test_0000025,test,2,1,1,0.9998169604338716
tut_top5_test_0000026,test,2,0,0,0.8408783788987662
tut_top5_test_0000027,test,2,1,1,1.0
tut_top5_test_0000028,test,2,0,0,0.8925123057765008
tut_top5_test_0000029,test,2,0,0,0.9989242457608456
tut_top5_test_0000030,test,2,1,1,1.0
tut_top5_test_0000031,test,2,1,1,0.992096592935603
tut_top5_test_0000032,test,2,1,1,0.6396333636153476
tut_top5_test_0000033,test,2,1,1,0.9442878348103215
tut_top5_test_0000034,test,2,1,1,0.9172025872063044
tut_top5_test_0000035,test,2,0,0,1.0
tut_top5_test_0000036,test,2,1,1,0.9805136750627103
tut_top5_test_0000037,test,2,1,0,0.9367590504553986
tut_top5_test_0000038,test,2,1,1,0.9987574534946387
tut_top5_test_0000039,test,2,1,1,0.9974838804408411
tut_top5_test_0000040,test,2,1,1,1.0
tut_top5_test_0000041,test,2,0,0,0.813869463720708
tut_top5_test_0000042,test,2,0,0,0.9482493290462797
tut_top5_test_0000043,test,2,1,1,0.9889910107000187
tut_top5_test_0000044,test,2,1,1,0.9664345834473482
tut_top5_test_0000045,test,2,1,1,0.9964815602830229
tut_top5_test_0000046,test,2,1,1,0.9917224807453128
tut_top5_test_0000047,test,2,0,0,0.9481335467285326
tut_top5_test_0000048,test,2,1,1,0.8126349531355452
tut_top5_test_0000049,test,2,0,0,0.5196329923502678
tut_top5_test_0000050,test,2,1,1,1.0
tut_top5_test_0000051,test,2,0,0,0.9970394898648679
tut_top5_test_0000052,test,2,0,0,0.9985166240293458
tut_top5_test_0000053,test,2,1,1,0.9918246357413015
tut_top5_test_0000054,test,2,1,1,0.8701502749594826
tut_top5_test_0000055,test,2,0,0,0.997280597123521
tut_top5_test_0000056,test,2,0,0,0.9982294309532439
tut_top5_test_0000057,test,2,0,1,0.8807457755743309
tut_top5_test_0000058,test,2,0,0,0.8360814943771466
tut_top5_test_0000059,test,2,1,1,0.9951745363152895
tut_top5_test_0000060,test,2,1,1,0.9871499470137958
tut_top5_test_0000061,test,2,0,0,0.9916608820693743
tut_top5_test_0000062,test,2,1,1,0.9998169604338716
tut_top5_test_0000063,test,2,1,1,1.0
tut_top5_test_0000064,test,2,0,0,1.0
tut_top5_test_0000065,test,2,0,0,0.9712004966304021
tut_top5_test_0000066,test,2,1,1,0.9943938513769427
tut_top5_test_0000067,test,2,1,1,0.9828147767064057
tut_top5_test_0000068,test,2,0,0,0.8840795588727233
tut_top5_test_0000069,test,2,0,0,0.9623341888446901
tut_top5_test_0000070,test,2,1,0,0.511073687275432
tut_top5_test_0000071,test,2,0,0,0.8112980703828627
tut_top5_test_0000072,test,2,0,0,0.9706608591159904
tut_top5_test_0000073,test,2,0,0,0.6474753446970261
tut_top5_test_0000074,test,2,1,1,1.0
tut_top5_test_0000075,test,2,0,0,0.6042907015028258
tut_top5_test_0000076,test,2,0,0,0.9991006995581738
tut_top5_test_0000077,test,2,0,0,0.9899674103322629
tut_top5_test_0000078,test,2,0,0,0.9801582960994163
tut_top5_test_0000079,test,2,0,0,0.9939242457608457
tut_top5_test_0000080,test,2,1,1,0.9883509184226581
tut_top5_test_0000081,test,2,0,1,0.7619105776080459
tut_top5_test_0000082,test,2,0,0,0.7972453357105057
tut_top5_test_0000083,test,2,0,0,1.0
tut_top5_test_0000084,test,2,0,0,0.9031704566337423
tut_top5_test_0000085,test,2,1,1,0.9924488081218727
tut_top5_test_0000086,test,2,1,1,0.974126903393673
tut_top5_test_0000087,test,2,0,0,0.950673277734157
tut_top5_test_0000088,test,2,0,0,0.9974458184099763
tut_top5_test_0000089,test,2,0,0,0.8756385226759796
tut_top5_test_0000090,test,2,0,0,0.9963091494011026
tut_top5_test_0000091,test,2,0,0,0.9981368637230453
tut_top5_test_0000092,test,2,0,0,0.9909726536876239
tut_top5_test_0000093,test,2,0,0,0.9950188769784104
tut_top5_test_0000094,test,2,1,1,0.9735723189782908
tut_top5_test_0000095,test,2,0,0,0.9964588619064878
tut_top5_test_0000096,test,2,1,1,1.0
tut_top5_test_0000097,test,2,0,0,0.9982294309532439
tut_top5_test_0000098,test,2,0,0,0.9688629201004223
tut_top5_test_0000099,test,2,0,0,0.8097592448539034
tut_top5_test_0000100,test,2,1,1,0.9723965719226859
tut_top5_test_0000101,test,2,1,1,0.6426663442645812
tut_top5_test_0000102,test,2,0,0,0.5133416958784887
tut_top5_test_0000103,test,2,0,0,0.9727816289115847
tut_top5_test_0000104,test,2,0,0,0.8419815648553427
tut_top5_test_0000105,test,2,0,0,0.9848337665061121
tut_top5_test_0000106,test,2,0,0,0.6821292124962988
tut_top5_test_0000107,test,2,0,0,0.9412475127893184
tut_top5_test_0000108,test,2,1,1,0.9134100527656419
tut_top5_test_0000109,test,2,1,1,0.9929562449974014
tut_top5_test_0000110,test,2,1,1,0.5850239268722208
tut_top5_test_0000111,test,2,0,0,0.9872487309213007
tut_top5_test_0000112,test,2,1,1,1.0
tut_top5_test_0000113,test,2,0,1,0.7780584155289572
tut_top5_test_0000114,test,2,1,1,0.9663575135535207
tut_top5_test_0000115,test,2,1,1,0.8545294149437693
tut_top5_test_0000116,test,2,1,1,0.9836642876228252
tut_top5_test_0000117,test,2,0,0,0.8550826122452237
tut_top5_test_0000118,test,2,0,0,0.9945674711996623
tut_top5_test_0000119,test,2,1,1,0.9991659222006112
tut_top5_test_0000120,test,2,0,0,0.9895754578989792
tut_top5_test_0000121,test,2,1,1,0.9839769377727616
tut_top5_test_0000122,test,2,1,1,0.8048804790482038
tut_top5_test_0000123,test,2,0,0,0.9821980369093837
tut_top5_test_0000124,test,2,0,0,0.8970349804065499
tut_top5_test_0000125,test,2,1,1,0.7688632086915093
tut_top5_test_0000126,test,2,0,0,0.967908103753488
tut_top5_test_0000127,test,2,0,0,0.7558289479079795
tut_top5_test_0000128,test,2,0,0,0.9921547109207708
tut_top5_test_0000129,test,2,1,1,0.9336718957239958
tut_top5_test_0000130,test,2,0,0,0.9953386244009349
tut_top5_test_0000131,test,2,1,1,0.957670568593131
tut_top5_test_0000132,test,2,1,1,0.9922991241128762
tut_top5_test_0000133,test,2,1,1,0.8584144487524632
tut_top5_test_0000134,test,2,0,0,0.9982294309532439
tut_top5_test_0000135,test,2,1,1,0.9968318557469417
tut_top5_test_0000136,test,2,1,1,0.9951462772662046
tut_top5_test_0000137,test,2,1,1,0.9938919079544831
tut_top5_test_0000138,test,2,1,1,0.9967705690467561
tut_top5_test_0000139,test,2,0,0,0.8168764490815671
tut_top5_test_0000140,test,2,1,1,0.9975221051609506
tut_top5_test_0000141,test,2,0,0,0.9984015052356021
tut_top5_test_0000142,test,2,1,1,0.9870219827021098
tut_top5_test_0000143,test,2,0,0,0.9840274547615997
tut_top5_test_0000144,test,2,0,0,0.8421546850699377
tut_top5_test_0000145,test,2,1,1,0.999723762250092
tut_top5_test_0000146,test,2,0,0,0.9933129030156764
tut_top5_test_0000147,test,2,0,0,0.97658644543355
tut_top5_test_0000148,test,2,1,1,0.9548172625904929
tut_top5_test_0000149,test,2,0,0,0.9989786550665544
tut_top5_test_0000150,test,2,0,0,0.9998343450100038
tut_top5_test_0000151,test,2,0,0,0.9253695894502456
tut_top5_test_0000152,test,2,1,1,0.9997709982522874
tut_top5_test_0000153,test,2,0,0,0.9924784666970339
tut_top5_test_0000154,test,2,0,0,0.9999022648153335
tut_top5_test_0000155,test,2,1,1,0.9973297355035546
tut_top5_test_0000156,test,2,1,1,0.912987501359972
tut_top5_test_0000157,test,2,1,1,1.0
tut_top5_test_0000158,test,2,1,1,0.9605764816425224
tut_top5_test_0000159,test,2,1,1,0.9888868795360838
tut_top5_test_0000160,test,2,0,0,0.997413022851145
tut_top5_test_0000161,test,2,0,0,0.9982294309532439
tut_top5_test_0000162,test,2,0,0,0.9786109290400496
tut_top5_test_0000163,test,2,0,0,0.9736634369309592
tut_top5_test_0000164,test,2,0,0,0.9580810953977549
tut_top5_test_0000165,test,2,1,1,0.9508584235315696
tut_top5_test_0000166,test,2,0,0,0.8524861860220935
tut_top5_test_0000167,test,2,0,0,0.9947698072805139
tut_top5_test_0000168,test,2,1,1,0.9883789267666369
tut_top5_test_0000169,test,2,1,1,0.9955404085594799
tut_top5_test_0000170,test,2,1,1,1.0
tut_top5_test_0000171,test,2,0,0,0.9741618987922372
tut_top5_test_0000172,test,2,0,0,0.9726539216519994
tut_top5_test_0000173,test,2,0,0,0.9851067061184738
tut_top5_test_0000174,test,2,0,0,0.7537289818742505
tut_top5_test_0000175,test,2,0,0,0.9982294309532439
tut_top5_test_0000176,test,2,1,1,0.5238021357408476
tut_top5_test_0000177,test,2,0,0,0.9964856031984307
tut_top5_test_0000178,test,2,0,0,0.9954007444201107
tut_top5_test_0000179,test,2,0,1,0.7242653711307118
tut_top5_test_0000180,test,2,1,1,0.98599402312638
tut_top5_test_0000181,test,2,0,0,0.9920731964999887
tut_top5_test_0000182,test,2,1,1,0.9956452415005448
tut_top5_test_0000183,test,2,1,1,0.9976150963597431
tut_top5_test_0000184,test,2,1,1,0.9519808593025145
tut_top5_test_0000185,test,2,0,0,0.7795230265966602
tut_top5_test_0000186,test,2,1,1,0.9954728652604949
tut_top5_test_0000187,test,2,0,0,1.0
tut_top5_test_0000188,test,2,1,1,1.0
tut_top5_test_0000189,test,2,1,1,0.9790903369863428
tut_top5_test_0000190,test,2,1,1,0.8578391073210513
tut_top5_test_0000191,test,2,1,1,0.9717964082090272
tut_top5_test_0000192,test,2,1,1,0.9981163679237552
tut_top5_test_0000193,test,2,1,1,0.9775644411897713
tut_top5_test_0000194,test,2,0,0,0.9142259789943239
tut_top5_test_0000195,test,2,1,1,1.0
tut_top5_test_0000196,test,2,1,1,0.9988343799058085
tut_top5_test_0000197,test,2,1,1,0.983547858791716
tut_top5_test_0000198,test,2,1,1,0.9968438013458926
tut_top5_test_0000199,test,2,1,1,0.9824278450874557
tut_top5_test_0000200,test,2,1,1,0.752939073513961
tut_top5_test_0000201,test,2,1,1,0.5055604420593611
tut_top5_test_0000202,test,2,1,1,0.9441783844851608
tut_top5_test_0000203,test,2,0,0,0.9973849036402569
tut_top5_test_0000204,test,2,0,0,1.0
tut_top5_test_0000205,test,2,0,0,0.9997518793173507
tut_top5_test_0000206,test,2,0,0,0.9797280855021956
tut_top5_test_0000207,test,2,0,0,0.9944862392870841
tut_top5_test_0000208,test,2,0,0,0.8878701728884034
tut_top5_test_0000209,test,2,0,0,0.9696446965493891
tut_top5_test_0000210,test,2,0,0,0.8865498135975072
tut_top5_test_0000211,test,2,1,1,0.9894863143474677
tut_top5_test_0000212,test,2,0,0,0.9936616438356164
tut_top5_test_0000213,test,2,0,0,0.5210842996867343
tut_top5_test_0000214,test,2,0,0,0.964300342154506
tut_top5_test_0000215,test,2,0,0,0.9873698687477276
tut_top5_test_0000216,test,2,0,0,1.0
tut_top5_test_0000217,test,2,0,0,1.0
tut_top5_test_0000218,test,2,1,1,0.8811486585379688
tut_top5_test_0000219,test,2,1,1,0.9845249585671156
tut_top5_test_0000220,test,2,0,0,0.9836832843504466
tut_top5_test_0000221,test,2,0,0,0.9913775078093485
tut_top5_test_0000222,test,2,0,0,0.9988983634773221
tut_top5_test_0000223,test,2,0,0,0.9897585227077554
tut_top5_test_0000224,test,2,0,0,1.0
tut_top5_test_0000225,test,2,0,0,0.9830691890327976
tut_top5_test_0000226,test,2,1,1,0.9323016700648084
tut_top5_test_0000227,test,2,0,0,0.9926588748074161
tut_top5_test_0000228,test,2,0,0,0.9961434944111063
tut_top5_test_0000229,test,2,0,1,0.51516667597963
tut_top5_test_0000230,test,2,0,0,1.0
tut_top5_test_0000231,test,2,1,1,1.0
tut_top5_test_0000232,test,2,0,0,0.9954360316240772
tut_top5_test_0000233,test,2,0,0,0.9316533952442729
tut_top5_test_0000234,test,2,1,1,0.9685537794812149
tut_top5_test_0000235,test,2,0,0,0.9947953360499048
tut_top5_test_0000236,test,2,0,0,0.9950421573711027
tut_top5_test_0000237,test,2,1,1,0.9711454192620975
tut_top5_test_0000238,test,2,0,0,0.9798871100417113
tut_top5_test_0000239,test,2,1,1,0.9983718217819237
tut_top5_test_0000240,test,2,1,1,0.9903510655829018
tut_top5_test_0000241,test,2,0,0,0.9975555469407453
tut_top5_test_0000242,test,2,1,1,0.9213098116625313
tut_top5_test_0000243,test,2,1,1,0.9880600780784968
tut_top5_test_0000244,test,2,0,0,0.9985621980313171
tut_top5_test_0000245,test,2,1,1,0.973703985037795
tut_top5_test_0000246,test,2,1,1,0.8855116957969833
tut_top5_test_0000247,test,2,1,1,1.0
tut_top5_test_0000248,test,2,1,1,0.987305271605559
tut_top5_test_0000249,test,2,0,0,0.990581794664285
tut_top5_test_0000250,test,2,1,1,0.9517307922089431
tut_top5_test_0000251,test,2,0,0,0.9711310836747375
tut_top5_test_0000252,test,2,1,1,1.0
tut_top5_test_0000253,test,2,1,1,0.9445720853081011
tut_top5_test_0000254,test,2,0,0,0.9973849036402569
tut_top5_test_0000255,test,2,1,1,0.9834452876278473
tut_top5_test_0000256,test,2,0,0,0.951088855048205
tut_top5_test_0000257,test,2,1,1,0.8732127493914167
tut_top5_test_0000258,test,2,0,0,0.9937324001158107
tut_top5_test_0000259,test,2,1,1,0.7656076723346772
tut_top5_test_0000260,test,2,1,1,0.9964598511608684
tut_top5_test_0000261,test,2,0,0,0.9983409584814511
tut_top5_test_0000262,test,2,0,0,0.9651583485369768
tut_top5_test_0000263,test,2,1,1,0.8452654486069073
tut_top5_test_0000264,test,2,0,0,0.9113403207847145
tut_top5_test_0000265,test,2,1,0,0.7330018640923918
tut_top5_test_0000266,test,2,1,1,0.9994236739974127
tut_top5_test_0000267,test,2,0,0,0.8532217530190497
tut_top5_test_0000268,test,2,0,0,0.9979813102705946
tut_top5_test_0000269,test,2,0,0,1.0
tut_top5_test_0000270,test,2,0,1,0.7597506951663057
tut_top5_test_0000271,test,2,1,1,1.0
tut_top5_test_0000272,test,2,0,0,0.9982294309532439
tut_top5_test_0000273,test,2,0,0,0.997280597123521
tut_top5_test_0000274,test,2,0,0,1.0
tut_top5_test_0000275,test,2,1,1,0.9997070294519677
tut_top5_test_0000276,test,2,1,1,0.7307367709192324
tut_top5_test_0000277,test,2,0,0,0.9909354273747054
tut_top5_test_0000278,test,2,0,0,0.8966044200334317
tut_top5_test_0000279,test,2,1,1,0.9965983988206415
tut_top5_test_0000280,test,2,0,0,0.9999022648153335
tut_top5_test_0000281,test,2,1,1,0.983838823938115
tut_top5_test_0000282,test,2,1,1,0.9984340949033392
tut_top5_test_0000283,test,2,0,0,0.6659846086409074
tut_top5_test_0000284,test,2,0,0,0.8818098519594444
tut_top5_test_0000285,test,2,1,1,0.8654016639872135
tut_top5_test_0000286,test,2,0,0,0.9973301305114177
tut_top5_test_0000287,test,2,0,0,0.6914175906408704
tut_top5_test_0000288,test,2,1,1,0.9390697337877749
tut_top5_test_0000289,test,2,1,1,0.9714365229990021
tut_top5_test_0000290,test,2,0,0,0.8670897886018993
tut_top5_test_0000291,test,2,1,1,0.9891962328042067
tut_top5_test_0000292,test,2,0,0,0.9919643915203173
tut_top5_test_0000293,test,2,0,0,0.9990747237864386
tut_top5_test_0000294,test,2,0,0,0.9943950510474354
tut_top5_test_0000295,test,2,1,1,0.9965504628270945
tut_top5_test_0000296,test,2,1,1,0.9981428200342112
tut_top5_test_0000297,test,2,0,0,0.9973849036402569
tut_top5_test_0000298,test,2,0,0,0.9917770038983419
tut_top5_test_0000299,test,2,1,1,0.9981163679237552
tut_top5_test_0000300,test,2,1,1,1.0
tut_top5_test_0000301,test,2,1,1,0.9951745363152896
tut_top5_test_0000302,test,2,0,0,0.9945172321745629
tut_top5_test_0000303,test,2,0,0,0.8942281007821107
tut_top5_test_0000304,test,2,1,1,0.9984340949033392
tut_top5_test_0000305,test,2,1,1,0.9886808971765089
tut_top5_test_0000306,test,2,1,1,0.9442878348103215
tut_top5_test_0000307,test,2,0,0,0.9913065610589183
tut_top5_test_0000308,test,2,0,0,0.8680065591131003
tut_top5_test_0000309,test,2,1,1,0.5700426261715301
tut_top5_test_0000310,test,2,1,1,0.982512134943104
tut_top5_test_0000311,test,2,0,0,1.0
tut_top5_test_0000312,test,2,0,0,0.7963434055588587
tut_top5_test_0000313,test,2,1,1,0.9672926083072252
tut_top5_test_0000314,test,2,1,1,0.999682273020416
tut_top5_test_0000315,test,2,1,1,0.9861475514312407
tut_top5_test_0000316,test,2,0,0,0.9659924469235925
tut_top5_test_0000317,test,2,0,0,0.9914856031984307
tut_top5_test_0000318,test,2,1,1,0.9709790292916749
tut_top5_test_0000319,test,2,0,0,0.9545128000113672
tut_top5_test_0000320,test,2,1,1,0.9368358001591973
tut_top5_test_0000321,test,2,1,1,0.9886642876228254
tut_top5_test_0000322,test,2,1,1,0.9985750085191628
tut_top5_test_0000323,test,2,0,0,0.9704553417642111
tut_top5_test_0000324,test,2,0,0,0.7262675869062367
tut_top5_test_0000325,test,2,0,0,0.9937821495777206
tut_top5_test_0000326,test,2,0,0,0.8853200880661771
tut_top5_test_0000327,test,2,0,0,0.94267290648293
tut_top5_test_0000328,test,2,1,1,0.9884003488097907
tut_top5_test_0000329,test,2,0,0,0.9747214705391662
tut_top5_test_0000330,test,2,1,1,0.9985921363094193
tut_top5_test_0000331,test,2,1,1,0.9937524875487178
tut_top5_test_0000332,test,2,0,0,0.6453034484974741
tut_top5_test_0000333,test,2,1,1,0.9805807582038376
tut_top5_test_0000334,test,2,0,0,0.9878374910028214
tut_top5_test_0000335,test,2,1,1,0.7904884663835512
tut_top5_test_0000336,test,2,0,0,0.9975139677063809
tut_top5_test_0000337,test,2,1,1,0.9949194869784486
tut_top5_test_0000338,test,2,0,1,0.728617282987134
tut_top5_test_0000339,test,2,1,1,0.9908775982855964
tut_top5_test_0000340,test,2,0,1,0.5444044878548038
tut_top5_test_0000341,test,2,1,1,0.9592260609041658
tut_top5_test_0000342,test,2,0,0,1.0
tut_top5_test_0000343,test,2,0,0,0.9693460569759975
tut_top5_test_0000344,test,2,1,1,0.9489985174746773
tut_top5_test_0000345,test,2,0,0,0.9982294309532439
tut_top5_test_0000346,test,2,0,0,0.957404923930562
tut_top5_test_0000347,test,2,1,1,0.9430029512460145
tut_top5_test_0000348,test,2,0,0,0.964967972900521
tut_top5_test_0000349,test,2,1,1,0.9910491912630823
tut_top5_test_0000350,test,2,1,1,0.9984340949033392
tut_top5_test_0000351,test,2,1,1,0.9869752329968513
tut_top5_test_0000352,test,2,0,0,0.9591276060843138
tut_top5_test_0000353,test,2,1,1,0.9954159534723721
tut_top5_test_0000354,test,2,0,0,0.9893628072495669
tut_top5_test_0000355,test,2,1,0,0.696306280867324
tut_top5_test_0000356,test,2,1,1,0.9565166708557844
tut_top5_test_0000357,test,2,0,0,0.9049871316688011
tut_top5_test_0000358,test,2,1,1,0.9895903293565945
tut_top5_test_0000359,test,2,0,0,0.9103433437978858
tut_top5_test_0000360,test,2,1,1,0.7355049868529655
tut_top5_test_0000361,test,2,1,1,0.985225255101182
tut_top5_test_0000362,test,2,1,1,0.9984340949033392
tut_top5_test_0000363,test,2,0,0,0.9986616438356165
tut_top5_test_0000364,test,2,0,0,0.9771891911978905
tut_top5_test_0000365,test,2,0,0,1.0
tut_top5_test_0000366,test,2,1,1,0.9070138696827695
tut_top5_test_0000367,test,2,1,1,0.9661145577711032
tut_top5_test_0000368,test,2,0,0,0.9916352765392992
tut_top5_test_0000369,test,2,1,1,0.9628249190385724
tut_top5_test_0000370,test,2,0,0,0.9914308300695914
tut_top5_test_0000371,test,2,1,1,0.948915962861691
tut_top5_test_0000372,test,2,0,0,0.9734202827653147
tut_top5_test_0000373,test,2,0,0,0.9635963597550847
tut_top5_test_0000374,test,2,0,1,0.5870603916619617
tut_top5_test_0000375,test,2,0,0,0.9934755812139179
tut_top5_test_0000376,test,2,1,1,0.9666793262418225
tut_top5_test_0000377,test,2,1,1,0.9964598511608684
tut_top5_test_0000378,test,2,1,1,1.0
tut_top5_test_0000379,test,2,1,1,0.9862237275783718
tut_top5_test_0000380,test,2,0,0,0.9694638077872918
tut_top5_test_0000381,test,2,0,0,0.997280597123521
tut_top5_test_0000382,test,2,1,1,0.9954578619692641
tut_top5_test_0000383,test,2,0,0,0.7705839972285732
tut_top5_test_0000384,test,2,0,0,0.7901115488832134
tut_top5_test_0000385,test,2,0,0,0.8581229487969049
tut_top5_test_0000386,test,2,1,1,0.9901370789573367
tut_top5_test_0000387,test,2,0,0,1.0
tut_top5_test_0000388,test,2,1,1,0.9954862391719977
tut_top5_test_0000389,test,2,1,1,1.0
tut_top5_test_0000390,test,2,1,1,0.9344830969371032
tut_top5_test_0000391,test,2,0,0,0.970757298408897
tut_top5_test_0000392,test,2,1,1,0.9998169604338716
tut_top5_test_0000393,test,2,0,0,0.9773607179832666
tut_top5_test_0000394,test,2,0,0,0.9315684885625458
tut_top5_test_0000395,test,2,0,0,0.9850249508292105
tut_top5_test_0000396,test,2,0,0,0.5822635431896243
tut_top5_test_0000397,test,2,1,1,0.9914712902277067
tut_top5_test_0000398,test,2,0,0,0.9206707383846756
tut_top5_test_0000399,test,2,1,1,0.9920983825261644
tut_top5_train_0000000,train,3,1,1,1.0
tut_top5_train_0000001,train,3,1,1,1.0
tut_top5_train_0000002,train,3,2,2,1.0
tut_top5_train_0000003,train,3,2,2,1.0
tut_top5_train_0000004,train,3,1,1,1.0
tut_top5_train_0000005,train,3,0,0,1.0
tut_top5_train_0000006,train,3,1,1,1.0
tut_top5_train_0000007,train,3,1,1,1.0
tut_top5_train_0000008,train,3,1,1,1.0
tut_top5_train_0000009,train,3,2,2,1.0
tut_top5_train_0000010,train,3,0,0,1.0
tut_top5_train_0000011,train,3,1,1,1.0
tut_top5_train_0000012,train,3,2,2,1.0
tut_top5_train_0000013,train,3,1,1,1.0
tut_top5_train_0000014,train,3,0,0,1.0
tut_top5_train_0000015,train,3,1,1,1.0
tut_top5_train_0000016,train,3,0,0,1.0
tut_top5_train_0000017,train,3,2,2,1.0
tut_top5_train_0000018,train,3,2,2,1.0
tut_top5_train_0000019,train,3,0,0,1.0
tut_top5_train_0000020,train,3,1,1,1.0
tut_top5_train_0000021,train,3,1,1,1.0
tut_top5_train_0000022,train,3,0,0,1.0
tut_top5_train_0000023,train,3,1,1,1.0
tut_top5_train_0000024,train,3,1,1,1.0
tut_top5_train_0000025,train,3,2,2,1.0
tut_top5_train_0000026,train,3,0,0,1.0
tut_top5_train_0000027,train,3,0,0,1.0
tut_top5_train_0000028,train,3,1,1,1.0
tut_top5_train_0000029,train,3,0,0,1.0
tut_top5_train_0000030,train,3,1,1,1.0
tut_top5_train_0000031,train,3,2,2,1.0
tut_top5_train_0000032,train,3,2,2,1.0
tut_top5_train_0000033,train,3,1,1,1.0
tut_top5_train_0000034,train,3,1,1,1.0
tut_top5_train_0000035,train,3,0,0,1.0
tut_top5_train_0000036,train,3,2,2,1.0
tut_top5_train_0000037,train,3,1,1,1.0
tut_top5_train_0000038,train,3,1,1,1.0
tut_top5_train_0000039,train,3,1,1,1.0
tut_top5_train_0000040,train,3,2,2,1.0
tut_top5_train_0000041,train,3,2,2,1.0
tut_top5_train_0000042,train,3,1,1,1.0
tut_top5_train_0000043,train,3,1,1,1.0
tut_top5_train_0000044,train,3,1,1,1.0
tut_top5_train_0000045,train,3,1,1,1.0
tut_top5_train_0000046,train,3,1,1,1.0
tut_top5_train_0000047,train,3,2,2,1.0
tut_top5_train_0000048,train,3,0,0,1.0
tut_top5_train_0000049,train,3,1,1,1.0
tut_top5_train_0000050,train,3,0,0,1.0
tut_top5_train_0000051,train,3,1,1,1.0
tut_top5_train_0000052,train,3,1,1,1.0
tut_top5_train_0000053,train,3,0,0,1.0
tut_top5_train_0000054,train,3,2,2,1.0
tut_top5_train_0000055,train,3,1,1,1.0
tut_top5_train_0000056,train,3,0,0,1.0
tut_top5_train_0000057,train,3,0,0,1.0
tut_top5_train_0000058,train,3,1,1,1.0
tut_top5_train_0000059,train,3,0,0,1.0
tut_top5_train_0000060,train,3,1,1,1.0
tut_top5_train_0000061,train,3,0,0,1.0
tut_top5_train_0000062,train,3,1,1,1.0
tut_top5_train_0000063,train,3,0,0,1.0
tut_top5_train_0000064,train,3,2,2,1.0
tut_top5_train_0000065,train,3,1,1,1.0
tut_top5_train_0000066,train,3,0,0,1.0
tut_top5_train_0000067,train,3,1,1,1.0
tut_top5_train_0000068,train,3,0,0,1.0
tut_top5_train_0000069,train,3,0,0,1.0
tut_top5_train_0000070,train,3,1,1,1.0
tut_top5_train_0000071,train,3,1,1,1.0
tut_top5_train_0000072,train,3,1,1,1.0
tut_top5_train_0000073,train,3,1,1,1.0
tut_top5_train_0000074,train,3,1,1,1.0
tut_top5_train_0000075,train,3,1,1,1.0
tut_top5_train_0000076,train,3,1,1,1.0
tut_top5_train_0000077,train,3,1,1,1.0
tut_top5_train_0000078,train,3,0,0,1.0
tut_top5_train_0000079,train,3,0,0,1.0
tut_top5_train_0000080,train,3,2,2,1.0
tut_top5_train_0000081,train,3,0,0,1.0
tut_top5_train_0000082,train,3,1,1,1.0
tut_top5_train_0000083,train,3,1,1,1.0
tut_top5_train_0000084,train,3,1,1,1.0
tut_top5_train_0000085,train,3,2,2,1.0
tut_top5_train_0000086,train,3,1,1,1.0
tut_top5_train_0000087,train,3,0,0,1.0
tut_top5_train_0000088,train,3,1,1,1.0
tut_top5_train_0000089,train,3,2,2,1.0
tut_top5_train_0000090,train,3,0,0,1.0
tut_top5_train_0000091,train,3,1,1,1.0
tut_top5_train_0000092,train,3,1,1,1.0
tut_top5_train_0000093,train,3,0,0,1.0
tut_top5_train_0000094,train,3,1,1,1.0
tut_top5_train_0000095,train,3,1,1,1.0
tut_top5_train_0000096,train,3,0,0,1.0
tut_top5_train_0000097,train,3,0,0,1.0
tut_top5_train_0000098,train,3,1,1,1.0
tut_top5_train_0000099,train,3,0,0,1.0
tut_top5_train_0000100,train,3,2,2,1.0
tut_top5_train_0000101,train,3,0,0,1.0
tut_top5_train_0000102,train,3,1,1,1.0
tut_top5_train_0000103,train,3,1,1,1.0
tut_top5_train_0000104,train,3,0,0,1.0
tut_top5_train_0000105,train,3,0,0,1.0
tut_top5_train_0000106,train,3,1,1,1.0
tut_top5_train_0000107,train,3,1,1,1.0
tut_top5_train_0000108,train,3,2,2,1.0
tut_top5_train_0000109,train,3,1,1,1.0
tut_top5_train_0000110,train,3,0,0,1.0
tut_top5_train_0000111,train,3,0,0,1.0
tut_top5_train_0000112,train,3,0,0,1.0
tut_top5_train_0000113,train,3,2,2,1.0
tut_top5_train_0000114,train,3,1,1,1.0
tut_top5_train_0000115,train,3,2,2,1.0
tut_top5_train_0000116,train,3,1,1,1.0
tut_top5_train_0000117,train,3,2,2,1.0
tut_top5_train_0000118,train,3,1,1,1.0
tut_top5_train_0000119,train,3,1,1,1.0
tut_top5_train_0000120,train,3,2,2,1.0
tut_top5_train_0000121,train,3,2,2,1.0
tut_top5_train_0000122,train,3,1,1,1.0
tut_top5_train_0000123,train,3,1,1,1.0
tut_top5_train_0000124,train,3,2,2,1.0
tut_top5_train_0000125,train,3,1,1,1.0
tut_top5_train_0000126,train,3,1,1,1.0
tut_top5_train_0000127,train,3,0,0,1.0
tut_top5_train_0000128,train,3,0,0,1.0
tut_top5_train_0000129,train,3,0,0,1.0
tut_top5_train_0000130,train,3,1,1,1.0
tut_top5_train_0000131,train,3,1,1,1.0
tut_top5_train_0000132,train,3,1,1,1.0
tut_top5_train_0000133,train,3,0,0,1.0
tut_top5_train_0000134,train,3,2,2,1.0
tut_top5_train_0000135,train,3,2,2,1.0
tut_top5_train_0000136,train,3,1,1,1.0
tut_top5_train_0000137,train,3,1,1,1.0
tut_top5_train_0000138,train,3,1,1,1.0
tut_top5_train_0000139,train,3,1,1,1.0
tut_top5_train_0000140,train,3,0,0,1.0
tut_top5_train_0000141,train,3,0,0,1.0
tut_top5_train_0000142,train,3,0,0,1.0
tut_top5_train_0000143,train,3,1,1,1.0
tut_top5_train_0000144,train,3,2,2,1.0
tut_top5_train_0000145,train,3,1,1,1.0
tut_top5_train_0000146,train,3,1,1,1.0
tut_top5_train_0000147,train,3,2,2,1.0
tut_top5_train_0000148,train,3,1,1,1.0
tut_top5_train_0000149,train,3,2,2,1.0
tut_top5_train_0000150,train,3,0,0,1.0
tut_top5_train_0000151,train,3,1,1,1.0
tut_top5_train_0000152,train,3,0,0,1.0
tut_top5_train_0000153,train,3,1,1,1.0
tut_top5_train_0000154,train,3,1,1,1.0
tut_top5_train_0000155,train,3,0,0,1.0
tut_top5_train_0000156,train,3,0,0,1.0
tut_top5_train_0000157,train,3,1,1,1.0
tut_top5_train_0000158,train,3,2,2,1.0
tut_top5_train_0000159,train,3,1,1,1.0
tut_top5_train_0000160,train,3,0,0,1.0
tut_top5_train_0000161,train,3,0,0,1.0
tut_top5_train_0000162,train,3,1,1,1.0
tut_top5_train_0000163,train,3,0,0,1.0
tut_top5_train_0000164,train,3,0,0,1.0
tut_top5_train_0000165,train,3,0,0,1.0
tut_top5_train_0000166,train,3,0,0,1.0
tut_top5_train_0000167,train,3,0,0,1.0
tut_top5_train_0000168,train,3,0,0,1.0
tut_top5_train_0000169,train,3,0,0,1.0
tut_top5_train_0000170,train,3,1,1,1.0
tut_top5_train_0000171,train,3,1,1,1.0
tut_top5_train_0000172,train,3,0,0,1.0
tut_top5_train_0000173,train,3,0,0,1.0
tut_top5_train_0000174,train,3,1,1,1.0
tut_top5_train_0000175,train,3,0,0,1.0
tut_top5_train_0000176,train,3,1,1,1.0
tut_top5_train_0000177,train,3,2,2,1.0
tut_top5_train_0000178,train,3,1,1,1.0
tut_top5_train_0000179,train,3,0,0,1.0
tut_top5_train_0000180,train,3,0,0,1.0
tut_top5_train_0000181,train,3,1,1,1.0
tut_top5_train_0000182,train,3,1,1,1.0
tut_top5_train_0000183,train,3,1,1,1.0
tut_top5_train_0000184,train,3,0,0,1.0
tut_top5_train_0000185,train,3,0,0,1.0
tut_top5_train_0000186,train,3,1,1,1.0
tut_top5_train_0000187,train,3,2,2,1.0
tut_top5_train_0000188,train,3,1,1,1.0
tut_top5_train_0000189,train,3,2,2,1.0
tut_top5_train_0000190,train,3,1,1,1.0
tut_top5_train_0000191,train,3,0,0,1.0
tut_top5_train_0000192,train,3,1,1,1.0
tut_top5_train_0000193,train,3,2,2,1.0
tut_top5_train_0000194,train,3,1,1,1.0
tut_top5_train_0000195,train,3,1,1,1.0
tut_top5_train_0000196,train,3,1,1,1.0
tut_top5_train_0000197,train,3,0,0,1.0
tut_top5_train_0000198,train,3,2,2,1.0
tut_top5_train_0000199,train,3,2,2,1.0
tut_top5_train_0000200,train,3,0,0,1.0
tut_top5_train_0000201,train,3,1,1,1.0
tut_top5_train_0000202,train,3,1,1,1.0
tut_top5_train_0000203,train,3,2,2,1.0
tut_top5_train_0000204,train,3,0,0,1.0
tut_top5_train_0000205,train,3,1,1,1.0
tut_top5_train_0000206,train,3,0,0,1.0
tut_top5_train_0000207,train,3,0,0,1.0
tut_top5_train_0000208,train,3,0,0,1.0
tut_top5_train_0000209,train,3,0,0,1.0
tut_top5_train_0000210,train,3,1,1,1.0
tut_top5_train_0000211,train,3,2,2,1.0
tut_top5_train_0000212,train,3,0,0,1.0
tut_top5_train_0000213,train,3,0,0,1.0
tut_top5_train_0000214,train,3,0,0,1.0
tut_top5_train_0000215,train,3,2,2,1.0
tut_top5_train_0000216,train,3,1,1,1.0
tut_top5_train_0000217,train,3,2,2,1.0
tut_top5_train_0000218,train,3,0,0,1.0
tut_top5_train_0000219,train,3,2,2,1.0
tut_top5_train_0000220,train,3,1,1,1.0
tut_top5_train_0000221,train,3,2,2,1.0
tut_top5_train_0000222,train,3,1,1,1.0
tut_top5_train_0000223,train,3,1,1,1.0
tut_top5_train_0000224,train,3,1,1,1.0
tut_top5_train_0000225,train,3,0,0,1.0
tut_top5_train_0000226,train,3,1,1,1.0
tut_top5_train_0000227,train,3,0,0,1.0
tut_top5_train_0000228,train,3,0,0,1.0
tut_top5_train_0000229,train,3,0,0,1.0
tut_top5_train_0000230,train,3,1,1,1.0
tut_top5_train_0000231,train,3,2,2,1.0
tut_top5_train_0000232,train,3,1,1,1.0
tut_top5_train_0000233,train,3,0,0,1.0
tut_top5_train_0000234,train,3,0,0,1.0
tut_top5_train_0000235,train,3,1,1,1.0
tut_top5_train_0000236,train,3,0,0,1.0
tut_top5_train_0000237,train,3,0,0,1.0
tut_top5_train_0000238,train,3,1,1,1.0
tut_top5_train_0000239,train,3,1,1,1.0
tut_top5_train_0000240,train,3,2,2,1.0
tut_top5_train_0000241,train,3,1,1,1.0
tut_top5_train_0000242,train,3,1,1,1.0
tut_top5_train_0000243,train,3,0,0,1.0
tut_top5_train_0000244,train,3,2,2,1.0
tut_top5_train_0000245,train,3,1,1,1.0
tut_top5_train_0000246,train,3,0,0,1.0
tut_top5_train_0000247,train,3,0,0,1.0
tut_top5_train_0000248,train,3,2,2,1.0
tut_top5_train_0000249,train,3,0,0,1.0
tut_top5_train_0000250,train,3,1,1,1.0
tut_top5_train_0000251,train,3,1,1,1.0
tut_top5_train_0000252,train,3,1,1,1.0
tut_top5_train_0000253,train,3,2,2,1.0
tut_top5_train_0000254,train,3,1,1,1.0
tut_top5_train_0000255,train,3,1,1,1.0
tut_top5_train_0000256,train,3,1,1,1.0
tut_top5_train_0000257,train,3,1,1,1.0
tut_top5_train_0000258,train,3,1,1,1.0
tut_top5_train_0000259,train,3,1,1,1.0
tut_top5_train_0000260,train,3,1,1,1.0
tut_top5_train_0000261,train,3,2,2,1.0
tut_top5_train_0000262,train,3,0,0,1.0
tut_top5_train_0000263,train,3,2,2,1.0
tut_top5_train_0000264,train,3,1,1,1.0
tut_top5_train_0000265,train,3,0,0,1.0
tut_top5_train_0000266,train,3,0,0,1.0
tut_top5_train_0000267,train,3,1,1,1.0
tut_top5_train_0000268,train,3,0,0,1.0
tut_top5_train_0000269,train,3,0,0,1.0
tut_top5_train_0000270,train,3,0,0,1.0
tut_top5_train_0000271,train,3,1,1,1.0
tut_top5_train_0000272,train,3,1,1,1.0
tut_top5_train_0000273,train,3,1,1,1.0
tut_top5_train_0000274,train,3,1,1,1.0
tut_top5_train_0000275,train,3,1,1,1.0
tut_top5_train_0000276,train,3,1,1,1.0
tut_top5_train_0000277,train,3,1,1,1.0
tut_top5_train_0000278,train,3,2,2,1.0
tut_top5_train_0000279,train,3,0,0,1.0
tut_top5_train_0000280,train,3,2,2,1.0
tut_top5_train_0000281,train,3,0,0,1.0
tut_top5_train_0000282,train,3,1,1,1.0
tut_top5_train_0000283,train,3,1,1,1.0
tut_top5_train_0000284,train,3,1,1,1.0
tut_top5_train_0000285,train,3,0,0,1.0
tut_top5_train_0000286,train,3,2,2,1.0
tut_top5_train_0000287,train,3,1,1,1.0
tut_top5_train_0000288,train,3,1,1,1.0
tut_top5_train_0000289,train,3,2,2,1.0
tut_top5_train_0000290,train,3,1,1,1.0
tut_top5_train_0000291,train,3,0,0,1.0
tut_top5_train_0000292,train,3,1,1,1.0
tut_top5_train_0000293,train,3,2,2,1.0
tut_top5_train_0000294,train,3,0,0,1.0
tut_top5_train_0000295,train,3,1,1,1.0
tut_top5_train_0000296,train,3,1,1,1.0
tut_top5_train_0000297,train,3,1,1,1.0
tut_top5_train_0000298,train,3,2,2,1.0
tut_top5_train_0000299,train,3,0,0,1.0
tut_top5_train_0000300,train,3,1,1,1.0
tut_top5_train_0000301,train,3,1,1,1.0
tut_top5_train_0000302,train,3,0,0,1.0
tut_top5_train_0000303,train,3,0,0,1.0
tut_top5_train_0000304,train,3,1,1,1.0
tut_top5_train_0000305,train,3,1,1,1.0
tut_top5_train_0000306,train,3,0,0,1.0
tut_top5_train_0000307,train,3,0,0,1.0
tut_top5_train_0000308,train,3,1,1,1.0
tut_top5_train_0000309,train,3,0,0,1.0
tut_top5_train_0000310,train,3,0,0,1.0
tut_top5_train_0000311,train,3,1,1,1.0
tut_top5_train_0000312,train,3,2,2,1.0
tut_top5_train_0000313,train,3,1,1,1.0
tut_top5_train_0000314,train,3,1,1,1.0
tut_top5_train_0000315,train,3,1,1,1.0
tut_top5_train_0000316,train,3,2,2,1.0
tut_top5_train_0000317,train,3,1,1,1.0
tut_top5_train_0000318,train,3,0,0,1.0
tut_top5_train_0000319,train,3,1,1,1.0
tut_top5_train_0000320,train,3,1,1,1.0
tut_top5_train_0000321,train,3,2,2,1.0
tut_top5_train_0000322,train,3,1,1,1.0
tut_top5_train_0000323,train,3,1,1,1.0
tut_top5_train_0000324,train,3,1,1,1.0
tut_top5_train_0000325,train,3,0,0,1.0
tut_top5_train_0000326,train,3,0,0,1.0
tut_top5_train_0000327,train,3,1,1,1.0
tut_top5_train_0000328,train,3,1,1,1.0
tut_top5_train_0000329,train,3,0,0,1.0
tut_top5_train_0000330,train,3,0,0,1.0
tut_top5_train_0000331,train,3,1,1,1.0
tut_top5_train_0000332,train,3,0,0,1.0
tut_top5_train_0000333,train,3,1,1,1.0
tut_top5_train_0000334,train,3,1,1,1.0
tut_top5_train_0000335,train,3,0,0,1.0
tut_top5_train_0000336,train,3,2,2,1.0
tut_top5_train_0000337,train,3,1,1,1.0
tut_top5_train_0000338,train,3,2,2,1.0
tut_top5_train_0000339,train,3,1,1,1.0
tut_top5_train_0000340,train,3,1,1,1.0
tut_top5_train_0000341,train,3,2,2,1.0
tut_top5_train_0000342,train,3,1,1,1.0
tut_top5_train_0000343,train,3,1,1,1.0
tut_top5_train_0000344,train,3,1,1,1.0
tut_top5_train_0000345,train,3,0,0,1.0
tut_top5_train_0000346,train,3,1,1,1.0
tut_top5_train_0000347,train,3,1,1,1.0
tut_top5_train_0000348,train,3,2,2,1.0
tut_top5_train_0000349,train,3,0,0,1.0
tut_top5_train_0000350,train,3,1,1,1.0
tut_top5_train_0000351,train,3,1,1,1.0
tut_top5_train_0000352,train,3,2,2,1.0
tut_top5_train_0000353,train,3,1,1,1.0
tut_top5_train_0000354,train,3,1,1,1.0
tut_top5_train_0000355,train,3,1,1,1.0
tut_top5_train_0000356,train,3,0,0,1.0
tut_top5_train_0000357,train,3,0,0,1.0
tut_top5_train_0000358,train,3,0,0,1.0
tut_top5_train_0000359,train,3,1,1,1.0
tut_top5_train_0000360,train,3,1,1,1.0
tut_top5_train_0000361,train,3,1,1,1.0
tut_top5_train_0000362,train,3,2,2,1.0
tut_top5_train_0000363,train,3,2,2,1.0
tut_top5_train_0000364,train,3,0,0,1.0
tut_top5_train_0000365,train,3,0,0,1.0
tut_top5_train_0000366,train,3,0,0,1.0
tut_top5_train_0000367,train,3,1,1,1.0
tut_top5_train_0000368,train,3,2,2,1.0
tut_top5_train_0000369,train,3,2,2,1.0
tut_top5_train_0000370,train,3,1,1,1.0
tut_top5_train_0000371,train,3,1,1,1.0
tut_top5_train_0000372,train,3,0,0,1.0
tut_top5_train_0000373,train,3,0,0,1.0
tut_top5_train_0000374,train,3,0,0,1.0
tut_top5_train_0000375,train,3,0,0,1.0
tut_top5_train_0000376,train,3,1,1,1.0
tut_top5_train_0000377,train,3,1,1,1.0
tut_top5_train_0000378,train,3,1,1,1.0
tut_top5_train_0000379,train,3,0,0,1.0
tut_top5_train_0000380,train,3,0,0,1.0
tut_top5_train_0000381,train,3,2,2,1.0
tut_top5_train_0000382,train,3,0,0,1.0
tut_top5_train_0000383,train,3,1,1,1.0
tut_top5_train_0000384,train,3,0,0,1.0
tut_top5_train_0000385,train,3,0,0,1.0
tut_top5_train_0000386,train,3,1,1,1.0
tut_top5_train_0000387,train,3,1,1,1.0
tut_top5_train_0000388,train,3,1,1,1.0
tut_top5_train_0000389,train,3,0,0,1.0
tut_top5_train_0000390,train,3,2,2,1.0
tut_top5_train_0000391,train,3,1,1,1.0
tut_top5_train_0000392,train,3,0,0,1.0
tut_top5_train_0000393,train,3,0,0,1.0
tut_top5_train_0000394,train,3,2,2,1.0
tut_top5_train_0000395,train,3,1,1,1.0
tut_top5_train_0000396,train,3,1,1,1.0
tut_top5_train_0000397,train,3,1,1,1.0
tut_top5_train_0000398,train,3,2,2,1.0
tut_top5_train_0000399,train,3,0,0,1.0
tut_top5_train_0000400,train,3,1,1,1.0
tut_top5_train_0000401,train,3,1,1,1.0
tut_top5_train_0000402,train,3,2,2,1.0
tut_top5_train_0000403,train,3,0,0,1.0
tut_top5_train_0000404,train,3,1,1,1.0
tut_top5_train_0000405,train,3,0,0,1.0
tut_top5_train_0000406,train,3,1,1,1.0
tut_top5_train_0000407,train,3,2,2,1.0
tut_top5_train_0000408,train,3,2,2,1.0
tut_top5_train_0000409,train,3,1,1,1.0
tut_top5_train_0000410,train,3,1,1,1.0
tut_top5_train_0000411,train,3,1,1,1.0
tut_top5_train_0000412,train,3,2,2,1.0
tut_top5_train_0000413,train,3,0,0,1.0
tut_top5_train_0000414,train,3,0,0,1.0
tut_top5_train_0000415,train,3,0,0,1.0
tut_top5_train_0000416,train,3,0,0,1.0
tut_top5_train_0000417,train,3,0,0,1.0
tut_top5_train_0000418,train,3,0,0,1.0
tut_top5_train_0000419,train,3,1,1,1.0
tut_top5_train_0000420,train,3,1,1,1.0
tut_top5_train_0000421,train,3,1,1,1.0
tut_top5_train_0000422,train,3,1,1,1.0
tut_top5_train_0000423,train,3,1,1,1.0
tut_top5_train_0000424,train,3,0,0,1.0
tut_top5_train_0000425,train,3,1,1,1.0
tut_top5_train_0000426,train,3,0,0,1.0
tut_top5_train_0000427,train,3,2,2,1.0
tut_top5_train_0000428,train,3,0,0,1.0
tut_top5_train_0000429,train,3,2,2,1.0
tut_top5_train_0000430,train,3,1,1,1.0
tut_top5_train_0000431,train,3,1,1,1.0
tut_top5_train_0000432,train,3,2,2,1.0
tut_top5_train_0000433,train,3,1,1,1.0
tut_top5_train_0000434,train,3,0,0,1.0
tut_top5_train_0000435,train,3,2,2,1.0
tut_top5_train_0000436,train,3,1,1,1.0
tut_top5_train_0000437,train,3,0,0,1.0
tut_top5_train_0000438,train,3,2,2,1.0
tut_top5_train_0000439,train,3,2,2,1.0
tut_top5_train_0000440,train,3,2,2,1.0
tut_top5_train_0000441,train,3,1,1,1.0
tut_top5_train_0000442,train,3,2,2,1.0
tut_top5_train_0000443,train,3,0,0,1.0
tut_top5_train_0000444,train,3,1,1,1.0
tut_top5_train_0000445,train,3,0,0,1.0
tut_top5_train_0000446,train,3,1,1,1.0
tut_top5_train_0000447,train,3,0,0,1.0
tut_top5_train_0000448,train,3,1,1,1.0
tut_top5_train_0000449,train,3,1,1,1.0
tut_top5_train_0000450,train,3,0,0,1.0
tut_top5_train_0000451,train,3,0,0,1.0
tut_top5_train_0000452,train,3,1,1,1.0
tut_top5_train_0000453,train,3,0,0,1.0
tut_top5_train_0000454,train,3,2,2,1.0
tut_top5_train_0000455,train,3,0,0,1.0
tut_top5_train_0000456,train,3,0,0,1.0
tut_top5_train_0000457,train,3,1,1,1.0
tut_top5_train_0000458,train,3,2,2,1.0
tut_top5_train_0000459,train,3,1,1,1.0
tut_top5_train_0000460,train,3,2,2,1.0
tut_top5_train_0000461,train,3,1,1,1.0
tut_top5_train_0000462,train,3,1,1,1.0
tut_top5_train_0000463,train,3,0,0,1.0
tut_top5_train_0000464,train,3,2,2,1.0
tut_top5_train_0000465,train,3,2,2,1.0
tut_top5_train_0000466,train,3,0,0,1.0
tut_top5_train_0000467,train,3,1,1,1.0
tut_top5_train_0000468,train,3,0,0,1.0
tut_top5_train_0000469,train,3,1,1,1.0
tut_top5_train_0000470,train,3,1,1,1.0
tut_top5_train_0000471,train,3,1,1,1.0
tut_top5_train_0000472,train,3,1,1,1.0
tut_top5_train_0000473,train,3,0,0,1.0
tut_top5_train_0000474,train,3,1,1,1.0
tut_top5_train_0000475,train,3,0,0,1.0
tut_top5_train_0000476,train,3,1,1,1.0
tut_top5_train_0000477,train,3,1,1,1.0
tut_top5_train_0000478,train,3,1,1,1.0
tut_top5_train_0000479,train,3,0,0,1.0
tut_top5_train_0000480,train,3,1,1,1.0
tut_top5_train_0000481,train,3,0,0,1.0
tut_top5_train_0000482,train,3,0,0,1.0
tut_top5_train_0000483,train,3,0,0,1.0
tut_top5_train_0000484,train,3,1,1,1.0
tut_top5_train_0000485,train,3,2,2,1.0
tut_top5_train_0000486,train,3,2,2,1.0
tut_top5_train_0000487,train,3,2,2,1.0
tut_top5_train_0000488,train,3,1,1,1.0
tut_top5_train_0000489,train,3,0,0,1.0
tut_top5_train_0000490,train,3,2,2,1.0
tut_top5_train_0000491,train,3,1,1,1.0
tut_top5_train_0000492,train,3,2,2,1.0
tut_top5_train_0000493,train,3,1,1,1.0
tut_top5_train_0000494,train,3,1,1,1.0
tut_top5_train_0000495,train,3,2,2,1.0
tut_top5_train_0000496,train,3,1,1,1.0
tut_top5_train_0000497,train,3,0,0,1.0
tut_top5_train_0000498,train,3,0,0,1.0
tut_top5_train_0000499,train,3,2,2,1.0
tut_top5_train_0000500,train,3,0,0,1.0
tut_top5_train_0000501,train,3,0,0,1.0
tut_top5_train_0000502,train,3,0,0,1.0
tut_top5_train_0000503,train,3,1,1,1.0
tut_top5_train_0000504,train,3,0,0,1.0
tut_top5_train_0000505,train,3,0,0,1.0
tut_top5_train_0000506,train,3,2,2,1.0
tut_top5_train_0000507,train,3,0,0,1.0
tut_top5_train_0000508,train,3,1,1,1.0
tut_top5_train_0000509,train,3,0,0,1.0
tut_top5_train_0000510,train,3,0,0,1.0
tut_top5_train_0000511,train,3,0,0,1.0
tut_top5_train_0000512,train,3,1,1,1.0
tut_top5_train_0000513,train,3,1,1,1.0
tut_top5_train_0000514,train,3,2,2,1.0
tut_top5_train_0000515,train,3,0,0,1.0
tut_top5_train_0000516,train,3,0,0,1.0
tut_top5_train_0000517,train,3,1,1,1.0
tut_top5_train_0000518,train,3,2,2,1.0
tut_top5_train_0000519,train,3,1,1,1.0
tut_top5_train_0000520,train,3,2,2,1.0
tut_top5_train_0000521,train,3,0,0,1.0
tut_top5_train_0000522,train,3,0,0,1.0
tut_top5_train_0000523,train,3,1,1,1.0
tut_top5_train_0000524,train,3,2,2,1.0
tut_top5_train_0000525,train,3,2,2,1.0
tut_top5_train_0000526,train,3,0,0,1.0
tut_top5_train_0000527,train,3,0,0,1.0
tut_top5_train_0000528,train,3,2,2,1.0
tut_top5_train_0000529,train,3,1,1,1.0
tut_top5_train_0000530,train,3,1,1,1.0
tut_top5_train_0000531,train,3,2,2,1.0
tut_top5_train_0000532,train,3,2,2,1.0
tut_top5_train_0000533,train,3,0,0,1.0
tut_top5_train_0000534,train,3,0,0,1.0
tut_top5_train_0000535,train,3,0,0,1.0
tut_top5_train_0000536,train,3,1,1,1.0
tut_top5_train_0000537,train,3,2,2,1.0
tut_top5_train_0000538,train,3,1,1,1.0
tut_top5_train_0000539,train,3,0,0,1.0
tut_top5_train_0000540,train,3,0,0,1.0
tut_top5_train_0000541,train,3,1,1,1.0
tut_top5_train_0000542,train,3,2,2,1.0
tut_top5_train_0000543,train,3,0,0,1.0
tut_top5_train_0000544,train,3,2,2,1.0
tut_top5_train_0000545,train,3,1,1,1.0
tut_top5_train_0000546,train,3,1,1,1.0
tut_top5_train_0000547,train,3,0,0,1.0
tut_top5_train_0000548,train,3,2,2,1.0
tut_top5_train_0000549,train,3,1,1,1.0
tut_top5_train_0000550,train,3,0,0,1.0
tut_top5_train_0000551,train,3,1,1,1.0
tut_top5_train_0000552,train,3,2,2,1.0
tut_top5_train_0000553,train,3,1,1,1.0
tut_top5_train_0000554,train,3,1,1,1.0
tut_top5_train_0000555,train,3,1,1,1.0
tut_top5_train_0000556,train,3,1,1,1.0
tut_top5_train_0000557,train,3,2,2,1.0
tut_top5_train_0000558,train,3,2,2,1.0
tut_top5_train_0000559,train,3,1,1,1.0
tut_top5_train_0000560,train,3,2,2,1.0
tut_top5_train_0000561,train,3,1,1,1.0
tut_top5_train_0000562,train,3,2,2,1.0
tut_top5_train_0000563,train,3,1,1,1.0
tut_top5_train_0000564,train,3,1,1,1.0
tut_top5_train_0000565,train,3,1,1,1.0
tut_top5_train_0000566,train,3,0,0,1.0
tut_top5_train_0000567,train,3,0,0,1.0
tut_top5_train_0000568,train,3,1,1,1.0
tut_top5_train_0000569,train,3,0,0,1.0
tut_top5_train_0000570,train,3,1,1,1.0
tut_top5_train_0000571,train,3,0,0,1.0
tut_top5_train_0000572,train,3,2,2,1.0
tut_top5_train_0000573,train,3,2,2,1.0
tut_top5_train_0000574,train,3,2,2,1.0
tut_top5_train_0000575,train,3,1,1,1.0
tut_top5_train_0000576,train,3,1,1,1.0
tut_top5_train_0000577,train,3,1,1,1.0
tut_top5_train_0000578,train,3,1,1,1.0
tut_top5_train_0000579,train,3,0,0,1.0
tut_top5_train_0000580,train,3,1,1,1.0
tut_top5_train_0000581,train,3,1,1,1.0
tut_top5_train_0000582,train,3,2,2,1.0
tut_top5_train_0000583,train,3,0,0,1.0
tut_top5_train_0000584,train,3,1,1,1.0
tut_top5_train_0000585,train,3,1,1,1.0
tut_top5_train_0000586,train,3,2,2,1.0
tut_top5_train_0000587,train,3,1,1,1.0
tut_top5_train_0000588,train,3,2,2,1.0
tut_top5_train_0000589,train,3,1,1,1.0
tut_top5_train_0000590,train,3,1,1,1.0
tut_top5_train_0000591,train,3,1,1,1.0
tut_top5_train_0000592,train,3,1,1,1.0
tut_top5_train_0000593,train,3,1,1,1.0
tut_top5_train_0000594,train,3,1,1,1.0
tut_top5_train_0000595,train,3,1,1,1.0
tut_top5_train_0000596,train,3,0,0,1.0
tut_top5_train_0000597,train,3,0,0,1.0
tut_top5_train_0000598,train,3,1,1,1.0
tut_top5_train_0000599,train,3,1,1,1.0
tut_top5_train_0000600,train,3,0,0,1.0
tut_top5_train_0000601,train,3,0,0,1.0
tut_top5_train_0000602,train,3,1,1,1.0
tut_top5_train_0000603,train,3,2,2,1.0
tut_top5_train_0000604,train,3,1,1,1.0
tut_top5_train_0000605,train,3,0,0,1.0
tut_top5_train_0000606,train,3,0,0,1.0
tut_top5_train_0000607,train,3,2,2,1.0
tut_top5_train_0000608,train,3,1,1,1.0
tut_top5_train_0000609,train,3,0,0,1.0
tut_top5_train_0000610,train,3,2,2,1.0
tut_top5_train_0000611,train,3,1,1,1.0
tut_top5_train_0000612,train,3,2,2,1.0
tut_top5_train_0000613,train,3,0,0,1.0
tut_top5_train_0000614,train,3,0,0,1.0
tut_top5_train_0000615,train,3,1,1,1.0
tut_top5_train_0000616,train,3,2,2,1.0
tut_top5_train_0000617,train,3,1,1,1.0
tut_top5_train_0000618,train,3,2,2,1.0
tut_top5_train_0000619,train,3,1,1,1.0
tut_top5_train_0000620,train,3,0,0,1.0
tut_top5_train_0000621,train,3,0,0,1.0
tut_top5_train_0000622,train,3,0,0,1.0
tut_top5_train_0000623,train,3,1,1,1.0
tut_top5_train_0000624,train,3,0,0,1.0
tut_top5_train_0000625,train,3,0,0,1.0
tut_top5_train_0000626,train,3,1,1,1.0
tut_top5_train_0000627,train,3,1,1,1.0
tut_top5_train_0000628,train,3,0,0,1.0
tut_top5_train_0000629,train,3,1,1,1.0
tut_top5_train_0000630,train,3,0,0,1.0
tut_top5_train_0000631,train,3,2,2,1.0
tut_top5_train_0000632,train,3,0,0,1.0
tut_top5_train_0000633,train,3,1,1,1.0
tut_top5_train_0000634,train,3,1,1,1.0
tut_top5_train_0000635,train,3,1,1,1.0
tut_top5_train_0000636,train,3,1,1,1.0
tut_top5_train_0000637,train,3,1,1,1.0
tut_top5_train_0000638,train,3,1,1,1.0
tut_top5_train_0000639,train,3,2,2,1.0
tut_top5_train_0000640,train,3,2,2,1.0
tut_top5_train_0000641,train,3,2,2,1.0
tut_top5_train_0000642,train,3,0,0,1.0
tut_top5_train_0000643,train,3,0,0,1.0
tut_top5_train_0000644,train,3,0,0,1.0
tut_top5_train_0000645,train,3,1,1,1.0
tut_top5_train_0000646,train,3,1,1,1.0
tut_top5_train_0000647,train,3,2,2,1.0
tut_top5_train_0000648,train,3,1,1,1.0
tut_top5_train_0000649,train,3,0,0,1.0
tut_top5_train_0000650,train,3,1,1,1.0
tut_top5_train_0000651,train,3,1,1,1.0
tut_top5_train_0000652,train,3,0,0,1.0
tut_top5_train_0000653,train,3,1,1,1.0
tut_top5_train_0000654,train,3,1,1,1.0
tut_top5_train_0000655,train,3,0,0,1.0
tut_top5_train_0000656,train,3,0,0,1.0
tut_top5_train_0000657,train,3,2,2,1.0
tut_top5_train_0000658,train,3,0,0,1.0
tut_top5_train_0000659,train,3,0,0,1.0
tut_top5_train_0000660,train,3,0,0,1.0
tut_top5_train_0000661,train,3,2,2,1.0
tut_top5_train_0000662,train,3,2,2,1.0
tut_top5_train_0000663,train,3,1,1,1.0
tut_top5_train_0000664,train,3,0,0,1.0
tut_top5_train_0000665,train,3,2,2,1.0
tut_top5_train_0000666,train,3,1,1,1.0
tut_top5_train_0000667,train,3,1,1,1.0
tut_top5_train_0000668,train,3,0,0,1.0
tut_top5_train_0000669,train,3,0,0,1.0
tut_top5_train_0000670,train,3,0,0,1.0
tut_top5_train_0000671,train,3,2,2,1.0
tut_top5_train_0000672,train,3,1,1,1.0
tut_top5_train_0000673,train,3,2,2,1.0
tut_top5_train_0000674,train,3,0,0,1.0
tut_top5_train_0000675,train,3,1,1,1.0
tut_top5_train_0000676,train,3,2,2,1.0
tut_top5_train_0000677,train,3,0,0,1.0
tut_top5_train_0000678,train,3,0,0,1.0
tut_top5_train_0000679,train,3,0,0,1.0
tut_top5_train_0000680,train,3,0,0,1.0
tut_top5_train_0000681,train,3,2,2,1.0
tut_top5_train_0000682,train,3,1,1,1.0
tut_top5_train_0000683,train,3,0,0,1.0
tut_top5_train_0000684,train,3,0,0,1.0
tut_top5_train_0000685,train,3,2,2,1.0
tut_top5_train_0000686,train,3,2,2,1.0
tut_top5_train_0000687,train,3,0,0,1.0
tut_top5_train_0000688,train,3,0,0,1.0
tut_top5_train_0000689,train,3,1,1,1.0
tut_top5_train_0000690,train,3,0,0,1.0
tut_top5_train_0000691,train,3,2,2,1.0
tut_top5_train_0000692,train,3,0,0,1.0
tut_top5_train_0000693,train,3,0,0,1.0
tut_top5_train_0000694,train,3,1,1,1.0
tut_top5_train_0000695,train,3,1,1,1.0
tut_top5_train_0000696,train,3,0,0,1.0
tut_top5_train_0000697,train,3,0,0,1.0
tut_top5_train_0000698,train,3,1,1,1.0
tut_top5_train_0000699,train,3,1,1,1.0
tut_top5_train_0000700,train,3,1,1,1.0
tut_top5_train_0000701,train,3,1,1,1.0
tut_top5_train_0000702,train,3,2,2,1.0
tut_top5_train_0000703,train,3,1,1,1.0
tut_top5_train_0000704,train,3,2,2,1.0
tut_top5_train_0000705,train,3,1,1,1.0
tut_top5_train_0000706,train,3,1,1,1.0
tut_top5_train_0000707,train,3,2,2,1.0
tut_top5_train_0000708,train,3,0,0,1.0
tut_top5_train_0000709,train,3,0,0,1.0
tut_top5_train_0000710,train,3,0,0,1.0
tut_top5_train_0000711,train,3,1,1,1.0
tut_top5_train_0000712,train,3,1,1,1.0
tut_top5_train_0000713,train,3,2,2,1.0
tut_top5_train_0000714,train,3,0,0,1.0
tut_top5_train_0000715,train,3,0,0,1.0
tut_top5_train_0000716,train,3,1,1,1.0
tut_top5_train_0000717,train,3,1,1,1.0
tut_top5_train_0000718,train,3,1,1,1.0
tut_top5_train_0000719,train,3,2,2,1.0
tut_top5_train_0000720,train,3,1,1,1.0
tut_top5_train_0000721,train,3,1,1,1.0
tut_top5_train_0000722,train,3,1,1,1.0
tut_top5_train_0000723,train,3,1,1,1.0
tut_top5_train_0000724,train,3,0,0,1.0
tut_top5_train_0000725,train,3,0,0,1.0
tut_top5_train_0000726,train,3,1,1,1.0
tut_top5_train_0000727,train,3,1,1,1.0
tut_top5_train_0000728,train,3,2,2,1.0
tut_top5_train_0000729,train,3,1,1,1.0
tut_top5_train_0000730,train,3,1,1,1.0
tut_top5_train_0000731,train,3,0,0,1.0
tut_top5_train_0000732,train,3,2,2,1.0
tut_top5_train_0000733,train,3,0,0,1.0
tut_top5_train_0000734,train,3,0,0,1.0
tut_top5_train_0000735,train,3,1,1,1.0
tut_top5_train_0000736,train,3,0,0,1.0
tut_top5_train_0000737,train,3,1,1,1.0
tut_top5_train_0000738,train,3,1,1,1.0
tut_top5_train_0000739,train,3,1,1,1.0
tut_top5_train_0000740,train,3,1,1,1.0
tut_top5_train_0000741,train,3,1,1,1.0
tut_top5_train_0000742,train,3,0,0,1.0
tut_top5_train_0000743,train,3,1,1,1.0
tut_top5_train_0000744,train,3,2,2,1.0
tut_top5_train_0000745,train,3,0,0,1.0
tut_top5_train_0000746,train,3,1,1,1.0
tut_top5_train_0000747,train,3,1,1,1.0
tut_top5_train_0000748,train,3,0,0,1.0
tut_top5_train_0000749,train,3,1,1,1.0
tut_top5_train_0000750,train,3,0,0,1.0
tut_top5_train_0000751,train,3,1,1,1.0
tut_top5_train_0000752,train,3,0,0,1.0
tut_top5_train_0000753,train,3,0,0,1.0
tut_top5_train_0000754,train,3,0,0,1.0
tut_top5_train_0000755,train,3,0,0,1.0
tut_top5_train_0000756,train,3,1,1,1.0
tut_top5_train_0000757,train,3,1,1,1.0
tut_top5_train_0000758,train,3,0,0,1.0
tut_top5_train_0000759,train,3,1,1,1.0
tut_top5_train_0000760,train,3,0,0,1.0
tut_top5_train_0000761,train,3,2,2,1.0
tut_top5_train_0000762,train,3,1,1,1.0
tut_top5_train_0000763,train,3,0,0,1.0
tut_top5_train_0000764,train,3,1,1,1.0
tut_top5_train_0000765,train,3,1,1,1.0
tut_top5_train_0000766,train,3,0,0,1.0
tut_top5_train_0000767,train,3,0,0,1.0
tut_top5_train_0000768,train,3,1,1,1.0
tut_top5_train_0000769,train,3,0,0,1.0
tut_top5_train_0000770,train,3,1,1,1.0
tut_top5_train_0000771,train,3,1,1,1.0
tut_top5_train_0000772,train,3,1,1,1.0
tut_top5_train_0000773,train,3,2,2,1.0
tut_top5_train_0000774,train,3,0,0,1.0
tut_top5_train_0000775,train,3,2,2,1.0
tut_top5_train_0000776,train,3,1,1,1.0
tut_top5_train_0000777,train,3,1,1,1.0
tut_top5_train_0000778,train,3,0,0,1.0
tut_top5_train_0000779,train,3,0,0,1.0
tut_top5_train_0000780,train,3,0,0,1.0
tut_top5_train_0000781,train,3,2,2,1.0
tut_top5_train_0000782,train,3,1,1,1.0
tut_top5_train_0000783,train,3,0,0,1.0
tut_top5_train_0000784,train,3,1,1,1.0
tut_top5_train_0000785,train,3,0,0,1.0
tut_top5_train_0000786,train,3,2,2,1.0
tut_top5_train_0000787,train,3,1,1,1.0
tut_top5_train_0000788,train,3,2,2,1.0
tut_top5_train_0000789,train,3,2,2,1.0
tut_top5_train_0000790,train,3,1,1,1.0
tut_top5_train_0000791,train,3,2,2,1.0
tut_top5_train_0000792,train,3,1,1,1.0
tut_top5_train_0000793,train,3,0,0,1.0
tut_top5_train_0000794,train,3,1,1,1.0
tut_top5_train_0000795,train,3,0,0,1.0
tut_top5_train_0000796,train,3,1,1,1.0
tut_top5_train_0000797,train,3,1,1,1.0
tut_top5_train_0000798,train,3,1,1,1.0
tut_top5_train_0000799,train,3,0,0,1.0
tut_top5_train_0000800,train,3,1,1,1.0
tut_top5_train_0000801,train,3,0,0,1.0
tut_top5_train_0000802,train,3,1,1,1.0
tut_top5_train_0000803,train,3,0,0,1.0
tut_top5_train_0000804,train,3,1,1,1.0
tut_top5_train_0000805,train,3,2,2,1.0
tut_top5_train_0000806,train,3,0,0,1.0
tut_top5_train_0000807,train,3,0,0,1.0
tut_top5_train_0000808,train,3,1,1,1.0
tut_top5_train_0000809,train,3,0,0,1.0
tut_top5_train_0000810,train,3,2,2,1.0
tut_top5_train_0000811,train,3,2,2,1.0
tut_top5_train_0000812,train,3,1,1,1.0
tut_top5_train_0000813,train,3,1,1,1.0
tut_top5_train_0000814,train,3,2,2,1.0
tut_top5_train_0000815,train,3,1,1,1.0
tut_top5_train_0000816,train,3,0,0,1.0
tut_top5_train_0000817,train,3,2,2,1.0
tut_top5_train_0000818,train,3,2,2,1.0
tut_top5_train_0000819,train,3,1,1,1.0
tut_top5_train_0000820,train,3,2,2,1.0
tut_top5_train_0000821,train,3,0,0,1.0
tut_top5_train_0000822,train,3,1,1,1.0
tut_top5_train_0000823,train,3,1,1,1.0
tut_top5_train_0000824,train,3,0,0,1.0
tut_top5_train_0000825,train,3,1,1,1.0
tut_top5_train_0000826,train,3,2,2,1.0
tut_top5_train_0000827,train,3,2,2,1.0
tut_top5_train_0000828,train,3,0,0,1.0
tut_top5_train_0000829,train,3,1,1,1.0
tut_top5_train_0000830,train,3,1,1,1.0
tut_top5_train_0000831,train,3,2,2,1.0
tut_top5_train_0000832,train,3,1,1,1.0
tut_top5_train_0000833,train,3,1,1,1.0
tut_top5_train_0000834,train,3,0,0,1.0
tut_top5_train_0000835,train,3,2,2,1.0
tut_top5_train_0000836,train,3,2,2,1.0
tut_top5_train_0000837,train,3,1,1,1.0
tut_top5_train_0000838,train,3,1,1,1.0
tut_top5_train_0000839,train,3,0,0,1.0
tut_top5_train_0000840,train,3,2,2,1.0
tut_top5_train_0000841,train,3,2,2,1.0
tut_top5_train_0000842,train,3,1,1,1.0
tut_top5_train_0000843,train,3,1,1,1.0
tut_top5_train_0000844,train,3,0,0,1.0
tut_top5_train_0000845,train,3,0,0,1.0
tut_top5_train_0000846,train,3,1,1,1.0
tut_top5_train_0000847,train,3,1,1,1.0
tut_top5_train_0000848,train,3,2,2,1.0
tut_top5_train_0000849,train,3,1,1,1.0
tut_top5_train_0000850,train,3,0,0,1.0
tut_top5_train_0000851,train,3,1,1,1.0
tut_top5_train_0000852,train,3,2,2,1.0
tut_top5_train_0000853,train,3,1,1,1.0
tut_top5_train_0000854,train,3,1,1,1.0
tut_top5_train_0000855,train,3,0,0,1.0
tut_top5_train_0000856,train,3,1,1,1.0
tut_top5_train_0000857,train,3,1,1,1.0
tut_top5_train_0000858,train,3,1,1,1.0
tut_top5_train_0000859,train,3,2,2,1.0
tut_top5_train_0000860,train,3,2,2,1.0
tut_top5_train_0000861,train,3,1,1,1.0
tut_top5_train_0000862,train,3,1,1,1.0
tut_top5_train_0000863,train,3,1,1,1.0
tut_top5_train_0000864,train,3,1,1,1.0
tut_top5_train_0000865,train,3,1,1,1.0
tut_top5_train_0000866,train,3,0,0,1.0
tut_top5_train_0000867,train,3,1,1,1.0
tut_top5_train_0000868,train,3,0,0,1.0
tut_top5_train_0000869,train,3,0,0,1.0
tut_top5_train_0000870,train,3,0,0,1.0
tut_top5_train_0000871,train,3,1,1,1.0
tut_top5_train_0000872,train,3,1,1,1.0
tut_top5_train_0000873,train,3,0,0,1.0
tut_top5_train_0000874,train,3,1,1,1.0
tut_top5_train_0000875,train,3,2,2,1.0
tut_top5_train_0000876,train,3,1,1,1.0
tut_top5_train_0000877,train,3,1,1,1.0
tut_top5_train_0000878,train,3,0,0,1.0
tut_top5_train_0000879,train,3,1,1,1.0
tut_top5_train_0000880,train,3,0,0,1.0
tut_top5_train_0000881,train,3,1,1,1.0
tut_top5_train_0000882,train,3,1,1,1.0
tut_top5_train_0000883,train,3,0,0,1.0
tut_top5_train_0000884,train,3,1,1,1.0
tut_top5_train_0000885,train,3,1,1,1.0
tut_top5_train_0000886,train,3,0,0,1.0
tut_top5_train_0000887,train,3,1,1,1.0
tut_top5_train_0000888,train,3,0,0,1.0
tut_top5_train_0000889,train,3,1,1,1.0
tut_top5_train_0000890,train,3,1,1,1.0
tut_top5_train_0000891,train,3,1,1,1.0
tut_top5_train_0000892,train,3,1,1,1.0
tut_top5_train_0000893,train,3,0,0,1.0
tut_top5_train_0000894,train,3,1,1,1.0
tut_top5_train_0000895,train,3,1,1,1.0
tut_top5_train_0000896,train,3,2,2,1.0
tut_top5_train_0000897,train,3,1,1,1.0
tut_top5_train_0000898,train,3,2,2,1.0
tut_top5_train_0000899,train,3,1,1,1.0
tut_top5_train_0000900,train,3,0,0,1.0
tut_top5_train_0000901,train,3,2,2,1.0
tut_top5_train_0000902,train,3,0,0,1.0
tut_top5_train_0000903,train,3,2,2,1.0
tut_top5_train_0000904,train,3,2,2,1.0
tut_top5_train_0000905,train,3,0,0,1.0
tut_top5_train_0000906,train,3,1,1,1.0
tut_top5_train_0000907,train,3,1,1,1.0
tut_top5_train_0000908,train,3,0,0,1.0
tut_top5_train_0000909,train,3,0,0,1.0
tut_top5_train_0000910,train,3,1,1,1.0
tut_top5_train_0000911,train,3,1,1,1.0
tut_top5_train_0000912,train,3,1,1,1.0
tut_top5_train_0000913,train,3,1,1,1.0
tut_top5_train_0000914,train,3,2,2,1.0
tut_top5_train_0000915,train,3,2,2,1.0
tut_top5_train_0000916,train,3,1,1,1.0
tut_top5_train_0000917,train,3,1,1,1.0
tut_top5_train_0000918,train,3,1,1,1.0
tut_top5_train_0000919,train,3,2,2,1.0
tut_top5_train_0000920,train,3,0,0,1.0
tut_top5_train_0000921,train,3,0,0,1.0
tut_top5_train_0000922,train,3,0,0,1.0
tut_top5_train_0000923,train,3,2,2,1.0
tut_top5_train_0000924,train,3,1,1,1.0
tut_top5_train_0000925,train,3,0,0,1.0
tut_top5_train_0000926,train,3,1,1,1.0
tut_top5_train_0000927,train,3,2,2,1.0
tut_top5_train_0000928,train,3,2,2,1.0
tut_top5_train_0000929,train,3,1,1,1.0
tut_top5_train_0000930,train,3,1,1,1.0
tut_top5_train_0000931,train,3,0,0,1.0
tut_top5_train_0000932,train,3,1,1,1.0
tut_top5_train_0000933,train,3,0,0,1.0
tut_top5_train_0000934,train,3,2,2,1.0
tut_top5_train_0000935,train,3,1,1,1.0
tut_top5_train_0000936,train,3,1,1,1.0
tut_top5_train_0000937,train,3,1,1,1.0
tut_top5_train_0000938,train,3,0,0,1.0
tut_top5_train_0000939,train,3,1,1,1.0
tut_top5_train_0000940,train,3,1,1,1.0
tut_top5_train_0000941,train,3,1,1,1.0
tut_top5_train_0000942,train,3,0,0,1.0
tut_top5_train_0000943,train,3,1,1,1.0
tut_top5_train_0000944,train,3,1,1,1.0
tut_top5_train_0000945,train,3,0,0,1.0
tut_top5_train_0000946,train,3,1,1,1.0
tut_top5_train_0000947,train,3,2,2,1.0
tut_top5_train_0000948,train,3,1,1,1.0
tut_top5_train_0000949,train,3,1,1,1.0
tut_top5_train_0000950,train,3,0,0,1.0
tut_top5_train_0000951,train,3,2,2,1.0
tut_top5_train_0000952,train,3,1,1,1.0
tut_top5_train_0000953,train,3,1,1,1.0
tut_top5_train_0000954,train,3,1,1,1.0
tut_top5_train_0000955,train,3,1,1,1.0
tut_top5_train_0000956,train,3,0,0,1.0
tut_top5_train_0000957,train,3,2,2,1.0
tut_top5_train_0000958,train,3,2,2,1.0
tut_top5_train_0000959,train,3,1,1,1.0
tut_top5_train_0000960,train,3,0,0,1.0
tut_top5_train_0000961,train,3,1,1,1.0
tut_top5_train_0000962,train,3,2,2,1.0
tut_top5_train_0000963,train,3,1,1,1.0
tut_top5_train_0000964,train,3,0,0,1.0
tut_top5_train_0000965,train,3,1,1,1.0
tut_top5_train_0000966,train,3,0,0,1.0
tut_top5_train_0000967,train,3,1,1,1.0
tut_top5_train_0000968,train,3,0,0,1.0
tut_top5_train_0000969,train,3,1,1,1.0
tut_top5_train_0000970,train,3,0,0,1.0
tut_top5_train_0000971,train,3,0,0,1.0
tut_top5_train_0000972,train,3,1,1,1.0
tut_top5_train_0000973,train,3,1,1,1.0
tut_top5_train_0000974,train,3,0,0,1.0
tut_top5_train_0000975,train,3,0,0,1.0
tut_top5_train_0000976,train,3,1,1,1.0
tut_top5_train_0000977,train,3,0,0,1.0
tut_top5_train_0000978,train,3,1,1,1.0
tut_top5_train_0000979,train,3,0,0,1.0
tut_top5_train_0000980,train,3,0,0,1.0
tut_top5_train_0000981,train,3,2,2,1.0
tut_top5_train_0000982,train,3,2,2,1.0
tut_top5_train_0000983,train,3,2,2,1.0
tut_top5_train_0000984,train,3,1,1,1.0
tut_top5_train_0000985,train,3,1,1,1.0
tut_top5_train_0000986,train,3,0,0,1.0
tut_top5_train_0000987,train,3,2,2,1.0
tut_top5_train_0000988,train,3,1,1,1.0
tut_top5_train_0000989,train,3,1,1,1.0
tut_top5_train_0000990,train,3,2,2,1.0
tut_top5_train_0000991,train,3,1,1,1.0
tut_top5_train_0000992,train,3,0,0,1.0
tut_top5_train_0000993,train,3,0,0,1.0
tut_top5_train_0000994,train,3,1,1,1.0
tut_top5_train_0000995,train,3,1,1,1.0
tut_top5_train_0000996,train,3,2,2,1.0
tut_top5_train_0000997,train,3,0,0,1.0
tut_top5_train_0000998,train,3,0,0,1.0
tut_top5_train_0000999,train,3,1,1,1.0
tut_top5_train_0001000,train,3,1,1,1.0
tut_top5_train_0001001,train,3,0,0,1.0
tut_top5_train_0001002,train,3,0,0,1.0
tut_top5_train_0001003,train,3,1,1,1.0
tut_top5_train_0001004,train,3,1,1,1.0
tut_top5_train_0001005,train,3,0,0,1.0
tut_top5_train_0001006,train,3,2,2,1.0
tut_top5_train_0001007,train,3,2,2,1.0
tut_top5_train_0001008,train,3,2,2,1.0
tut_top5_train_0001009,train,3,2,2,1.0
tut_top5_train_0001010,train,3,1,1,1.0
tut_top5_train_0001011,train,3,1,1,1.0
tut_top5_train_0001012,train,3,1,1,1.0
tut_top5_train_0001013,train,3,0,0,1.0
tut_top5_train_0001014,train,3,0,0,1.0
tut_top5_train_0001015,train,3,2,2,1.0
tut_top5_train_0001016,train,3,1,1,1.0
tut_top5_train_0001017,train,3,1,1,1.0
tut_top5_train_0001018,train,3,1,1,1.0
tut_top5_train_0001019,train,3,1,1,1.0
tut_top5_train_0001020,train,3,1,1,1.0
tut_top5_train_0001021,train,3,2,2,1.0
tut_top5_train_0001022,train,3,1,1,1.0
tut_top5_train_0001023,train,3,1,1,1.0
tut_top5_train_0001024,train,3,0,0,1.0
tut_top5_train_0001025,train,3,0,0,1.0
tut_top5_train_0001026,train,3,0,0,1.0
tut_top5_train_0001027,train,3,1,1,1.0
tut_top5_train_0001028,train,3,1,1,1.0
tut_top5_train_0001029,train,3,1,1,1.0
tut_top5_train_0001030,train,3,1,1,1.0
tut_top5_train_0001031,train,3,1,1,1.0
tut_top5_train_0001032,train,3,1,1,1.0
tut_top5_train_0001033,train,3,2,2,1.0
tut_top5_train_0001034,train,3,0,0,1.0
tut_top5_train_0001035,train,3,0,0,1.0
tut_top5_train_0001036,train,3,0,0,1.0
tut_top5_train_0001037,train,3,0,0,1.0
tut_top5_train_0001038,train,3,2,2,1.0
tut_top5_train_0001039,train,3,2,2,1.0
tut_top5_train_0001040,train,3,2,2,1.0
tut_top5_train_0001041,train,3,0,0,1.0
tut_top5_train_0001042,train,3,1,1,1.0
tut_top5_train_0001043,train,3,1,1,1.0
tut_top5_train_0001044,train,3,0,0,1.0
tut_top5_train_0001045,train,3,0,0,1.0
tut_top5_train_0001046,train,3,0,0,1.0
tut_top5_train_0001047,train,3,1,1,1.0
tut_top5_train_0001048,train,3,1,1,1.0
tut_top5_train_0001049,train,3,1,1,1.0
tut_top5_train_0001050,train,3,1,1,1.0
tut_top5_train_0001051,train,3,1,1,1.0
tut_top5_train_0001052,train,3,0,0,1.0
tut_top5_train_0001053,train,3,2,2,1.0
tut_top5_train_0001054,train,3,0,0,1.0
tut_top5_train_0001055,train,3,0,0,1.0
tut_top5_train_0001056,train,3,0,0,1.0
tut_top5_train_0001057,train,3,1,1,1.0
tut_top5_train_0001058,train,3,0,0,1.0
tut_top5_train_0001059,train,3,0,0,1.0
tut_top5_train_0001060,train,3,0,0,1.0
tut_top5_train_0001061,train,3,2,2,1.0
tut_top5_train_0001062,train,3,1,1,1.0
tut_top5_train_0001063,train,3,1,1,1.0
tut_top5_train_0001064,train,3,0,0,1.0
tut_top5_train_0001065,train,3,1,1,1.0
tut_top5_train_0001066,train,3,1,1,1.0
tut_top5_train_0001067,train,3,1,1,1.0
tut_top5_train_0001068,train,3,1,1,1.0
tut_top5_train_0001069,train,3,1,1,1.0
tut_top5_train_0001070,train,3,1,1,1.0
tut_top5_train_0001071,train,3,2,2,1.0
tut_top5_train_0001072,train,3,1,1,1.0
tut_top5_train_0001073,train,3,0,0,1.0
tut_top5_train_0001074,train,3,0,0,1.0
tut_top5_train_0001075,train,3,1,1,1.0
tut_top5_train_0001076,train,3,0,0,1.0
tut_top5_train_0001077,train,3,0,0,1.0
tut_top5_train_0001078,train,3,2,2,1.0
tut_top5_train_0001079,train,3,2,2,1.0
tut_top5_train_0001080,train,3,0,0,1.0
tut_top5_train_0001081,train,3,2,2,1.0
tut_top5_train_0001082,train,3,1,1,1.0
tut_top5_train_0001083,train,3,0,0,1.0
tut_top5_train_0001084,train,3,1,1,1.0
tut_top5_train_0001085,train,3,0,0,1.0
tut_top5_train_0001086,train,3,0,0,1.0
tut_top5_train_0001087,train,3,1,1,1.0
tut_top5_train_0001088,train,3,1,1,1.0
tut_top5_train_0001089,train,3,1,1,1.0
tut_top5_train_0001090,train,3,2,2,1.0
tut_top5_train_0001091,train,3,2,2,1.0
tut_top5_train_0001092,train,3,1,1,1.0
tut_top5_train_0001093,train,3,1,1,1.0
tut_top5_train_0001094,train,3,0,0,1.0
tut_top5_train_0001095,train,3,2,2,1.0
tut_top5_train_0001096,train,3,2,2,1.0
tut_top5_train_0001097,train,3,1,1,1.0
tut_top5_train_0001098,train,3,2,2,1.0
tut_top5_train_0001099,train,3,1,1,1.0
tut_top5_train_0001100,train,3,0,0,1.0
tut_top5_train_0001101,train,3,2,2,1.0
tut_top5_train_0001102,train,3,1,1,1.0
tut_top5_train_0001103,train,3,0,0,1.0
tut_top5_train_0001104,train,3,0,0,1.0
tut_top5_train_0001105,train,3,0,0,1.0
tut_top5_train_0001106,train,3,1,1,1.0
tut_top5_train_0001107,train,3,1,1,1.0
tut_top5_train_0001108,train,3,1,1,1.0
tut_top5_train_0001109,train,3,0,0,1.0
tut_top5_train_0001110,train,3,0,0,1.0
tut_top5_train_0001111,train,3,0,0,1.0
tut_top5_train_0001112,train,3,0,0,1.0
tut_top5_train_0001113,train,3,2,2,1.0
tut_top5_train_0001114,train,3,0,0,1.0
tut_top5_train_0001115,train,3,0,0,1.0
tut_top5_train_0001116,train,3,0,0,1.0
tut_top5_train_0001117,train,3,0,0,1.0
tut_top5_train_0001118,train,3,2,2,1.0
tut_top5_train_0001119,train,3,2,2,1.0
tut_top5_train_0001120,train,3,0,0,1.0
tut_top5_train_0001121,train,3,1,1,1.0
tut_top5_train_0001122,train,3,1,1,1.0
tut_top5_train_0001123,train,3,1,1,1.0
tut_top5_train_0001124,train,3,1,1,1.0
tut_top5_train_0001125,train,3,2,2,1.0
tut_top5_train_0001126,train,3,2,2,1.0
tut_top5_train_0001127,train,3,1,1,1.0
tut_top5_train_0001128,train,3,0,0,1.0
tut_top5_train_0001129,train,3,2,2,1.0
tut_top5_train_0001130,train,3,1,1,1.0
tut_top5_train_0001131,train,3,1,1,1.0
tut_top5_train_0001132,train,3,2,2,1.0
tut_top5_train_0001133,train,3,1,1,1.0
tut_top5_train_0001134,train,3,1,1,1.0
tut_top5_train_0001135,train,3,1,1,1.0
tut_top5_train_0001136,train,3,2,2,1.0
tut_top5_train_0001137,train,3,1,1,1.0
tut_top5_train_0001138,train,3,1,1,1.0
tut_top5_train_0001139,train,3,2,2,1.0
tut_top5_train_0001140,train,3,1,1,1.0
tut_top5_train_0001141,train,3,1,1,1.0
tut_top5_train_0001142,train,3,0,0,1.0
tut_top5_train_0001143,train,3,2,2,1.0
tut_top5_train_0001144,train,3,0,0,1.0
tut_top5_train_0001145,train,3,1,1,1.0
tut_top5_train_0001146,train,3,1,1,1.0
tut_top5_train_0001147,train,3,1,1,1.0
tut_top5_train_0001148,train,3,1,1,1.0
tut_top5_train_0001149,train,3,0,0,1.0
tut_top5_train_0001150,train,3,1,1,1.0
tut_top5_train_0001151,train,3,1,1,1.0
tut_top5_train_0001152,train,3,0,0,1.0
tut_top5_train_0001153,train,3,1,1,1.0
tut_top5_train_0001154,train,3,0,0,1.0
tut_top5_train_0001155,train,3,0,0,1.0
tut_top5_train_0001156,train,3,2,2,1.0
tut_top5_train_0001157,train,3,0,0,1.0
tut_top5_train_0001158,train,3,1,1,1.0
tut_top5_train_0001159,train,3,1,1,1.0
tut_top5_train_0001160,train,3,1,1,1.0
tut_top5_train_0001161,train,3,0,0,1.0
tut_top5_train_0001162,train,3,1,1,1.0
tut_top5_train_0001163,train,3,0,0,1.0
tut_top5_train_0001164,train,3,1,1,1.0
tut_top5_train_0001165,train,3,0,0,1.0
tut_top5_train_0001166,train,3,0,0,1.0
tut_top5_train_0001167,train,3,2,2,1.0
tut_top5_train_0001168,train,3,2,2,1.0
tut_top5_train_0001169,train,3,2,2,1.0
tut_top5_train_0001170,train,3,0,0,1.0
tut_top5_train_0001171,train,3,1,1,1.0
tut_top5_train_0001172,train,3,0,0,1.0
tut_top5_train_0001173,train,3,1,1,1.0
tut_top5_train_0001174,train,3,0,0,1.0
tut_top5_train_0001175,train,3,0,0,1.0
tut_top5_train_0001176,train,3,2,2,1.0
tut_top5_train_0001177,train,3,0,0,1.0
tut_top5_train_0001178,train,3,0,0,1.0
tut_top5_train_0001179,train,3,0,0,1.0
tut_top5_train_0001180,train,3,0,0,1.0
tut_top5_train_0001181,train,3,2,2,1.0
tut_top5_train_0001182,train,3,0,0,1.0
tut_top5_train_0001183,train,3,0,0,1.0
tut_top5_train_0001184,train,3,0,0,1.0
tut_top5_train_0001185,train,3,1,1,1.0
tut_top5_train_0001186,train,3,1,1,1.0
tut_top5_train_0001187,train,3,2,2,1.0
tut_top5_train_0001188,train,3,0,0,1.0
tut_top5_train_0001189,train,3,0,0,1.0
tut_top5_train_0001190,train,3,2,2,1.0
tut_top5_train_0001191,train,3,0,0,1.0
tut_top5_train_0001192,train,3,0,0,1.0
tut_top5_train_0001193,train,3,0,0,1.0
tut_top5_train_0001194,train,3,1,1,1.0
tut_top5_train_0001195,train,3,0,0,1.0
tut_top5_train_0001196,train,3,0,0,1.0
tut_top5_train_0001197,train,3,1,1,1.0
tut_top5_train_0001198,train,3,0,0,1.0
tut_top5_train_0001199,train,3,1,1,1.0
tut_top5_train_0001200,train,3,0,0,1.0
tut_top5_train_0001201,train,3,0,0,1.0
tut_top5_train_0001202,train,3,1,1,1.0
tut_top5_train_0001203,train,3,1,1,1.0
tut_top5_train_0001204,train,3,2,2,1.0
tut_top5_train_0001205,train,3,0,0,1.0
tut_top5_train_0001206,train,3,0,0,1.0
tut_top5_train_0001207,train,3,0,0,1.0
tut_top5_train_0001208,train,3,2,2,1.0
tut_top5_train_0001209,train,3,0,0,1.0
tut_top5_train_0001210,train,3,2,2,1.0
tut_top5_train_0001211,train,3,1,1,1.0
tut_top5_train_0001212,train,3,1,1,1.0
tut_top5_train_0001213,train,3,0,0,1.0
tut_top5_train_0001214,train,3,0,0,1.0
tut_top5_train_0001215,train,3,1,1,1.0
tut_top5_train_0001216,train,3,2,2,1.0
tut_top5_train_0001217,train,3,2,2,1.0
tut_top5_train_0001218,train,3,2,2,1.0
tut_top5_train_0001219,train,3,1,1,1.0
tut_top5_train_0001220,train,3,0,0,1.0
tut_top5_train_0001221,train,3,0,0,1.0
tut_top5_train_0001222,train,3,0,0,1.0
tut_top5_train_0001223,train,3,0,0,1.0
tut_top5_train_0001224,train,3,1,1,1.0
tut_top5_train_0001225,train,3,1,1,1.0
tut_top5_train_0001226,train,3,1,1,1.0
tut_top5_train_0001227,train,3,0,0,1.0
tut_top5_train_0001228,train,3,1,1,1.0
tut_top5_train_0001229,train,3,2,2,1.0
tut_top5_train_0001230,train,3,0,0,1.0
tut_top5_train_0001231,train,3,0,0,1.0
tut_top5_train_0001232,train,3,1,1,1.0
tut_top5_train_0001233,train,3,0,0,1.0
tut_top5_train_0001234,train,3,2,2,1.0
tut_top5_train_0001235,train,3,0,0,1.0
tut_top5_train_0001236,train,3,0,0,1.0
tut_top5_train_0001237,train,3,1,1,1.0
tut_top5_train_0001238,train,3,1,1,1.0
tut_top5_train_0001239,train,3,0,0,1.0
tut_top5_train_0001240,train,3,1,1,1.0
tut_top5_train_0001241,train,3,1,1,1.0
tut_top5_train_0001242,train,3,1,1,1.0
tut_top5_train_0001243,train,3,1,1,1.0
tut_top5_train_0001244,train,3,0,0,1.0
tut_top5_train_0001245,train,3,0,0,1.0
tut_top5_train_0001246,train,3,0,0,1.0
tut_top5_train_0001247,train,3,1,1,1.0
tut_top5_train_0001248,train,3,0,0,1.0
tut_top5_train_0001249,train,3,1,1,1.0
tut_top5_train_0001250,train,3,1,1,1.0
tut_top5_train_0001251,train,3,1,1,1.0
tut_top5_train_0001252,train,3,2,2,1.0
tut_top5_train_0001253,train,3,2,2,1.0
tut_top5_train_0001254,train,3,0,0,1.0
tut_top5_train_0001255,train,3,0,0,1.0
tut_top5_train_0001256,train,3,2,2,1.0
tut_top5_train_0001257,train,3,1,1,1.0
tut_top5_train_0001258,train,3,0,0,1.0
tut_top5_train_0001259,train,3,0,0,1.0
tut_top5_train_0001260,train,3,2,2,1.0
tut_top5_train_0001261,train,3,0,0,1.0
tut_top5_train_0001262,train,3,0,0,1.0
tut_top5_train_0001263,train,3,1,1,1.0
tut_top5_train_0001264,train,3,1,1,1.0
tut_top5_train_0001265,train,3,1,1,1.0
tut_top5_train_0001266,train,3,1,1,1.0
tut_top5_train_0001267,train,3,1,1,1.0
tut_top5_train_0001268,train,3,0,0,1.0
tut_top5_train_0001269,train,3,0,0,1.0
tut_top5_train_0001270,train,3,0,0,1.0
tut_top5_train_0001271,train,3,1,1,1.0
tut_top5_train_0001272,train,3,0,0,1.0
tut_top5_train_0001273,train,3,1,1,1.0
tut_top5_train_0001274,train,3,0,0,1.0
tut_top5_train_0001275,train,3,1,1,1.0
tut_top5_train_0001276,train,3,1,1,1.0
tut_top5_train_0001277,train,3,0,0,1.0
tut_top5_train_0001278,train,3,0,0,1.0
tut_top5_train_0001279,train,3,1,1,1.0
tut_top5_train_0001280,train,3,1,1,1.0
tut_top5_train_0001281,train,3,1,1,1.0
tut_top5_train_0001282,train,3,2,2,1.0
tut_top5_train_0001283,train,3,2,2,1.0
tut_top5_train_0001284,train,3,1,1,1.0
tut_top5_train_0001285,train,3,1,1,1.0
tut_top5_train_0001286,train,3,0,0,1.0
tut_top5_train_0001287,train,3,1,1,1.0
tut_top5_train_0001288,train,3,1,1,1.0
tut_top5_train_0001289,train,3,2,2,1.0
tut_top5_train_0001290,train,3,1,1,1.0
tut_top5_train_0001291,train,3,0,0,1.0
tut_top5_train_0001292,train,3,1,1,1.0
tut_top5_train_0001293,train,3,1,1,1.0
tut_top5_train_0001294,train,3,1,1,1.0
tut_top5_train_0001295,train,3,0,0,1.0
tut_top5_train_0001296,train,3,0,0,1.0
tut_top5_train_0001297,train,3,0,0,1.0
tut_top5_train_0001298,train,3,1,1,1.0
tut_top5_train_0001299,train,3,2,2,1.0
tut_top5_train_0001300,train,3,0,0,1.0
tut_top5_train_0001301,train,3,0,0,1.0
tut_top5_train_0001302,train,3,1,1,1.0
tut_top5_train_0001303,train,3,2,2,1.0
tut_top5_train_0001304,train,3,0,0,1.0
tut_top5_train_0001305,train,3,2,2,1.0
tut_top5_train_0001306,train,3,2,2,1.0
tut_top5_train_0001307,train,3,0,0,1.0
tut_top5_train_0001308,train,3,1,1,1.0
tut_top5_train_0001309,train,3,0,0,1.0
tut_top5_train_0001310,train,3,1,1,1.0
tut_top5_train_0001311,train,3,1,1,1.0
tut_top5_train_0001312,train,3,1,1,1.0
tut_top5_train_0001313,train,3,1,1,1.0
tut_top5_train_0001314,train,3,1,1,1.0
tut_top5_train_0001315,train,3,1,1,1.0
tut_top5_train_0001316,train,3,1,1,1.0
tut_top5_train_0001317,train,3,1,1,1.0
tut_top5_train_0001318,train,3,1,1,1.0
tut_top5_train_0001319,train,3,0,0,1.0
tut_top5_train_0001320,train,3,1,1,1.0
tut_top5_train_0001321,train,3,0,0,1.0
tut_top5_train_0001322,train,3,0,0,1.0
tut_top5_train_0001323,train,3,0,0,1.0
tut_top5_train_0001324,train,3,2,2,1.0
tut_top5_train_0001325,train,3,1,1,1.0
tut_top5_train_0001326,train,3,0,0,1.0
tut_top5_train_0001327,train,3,0,0,1.0
tut_top5_train_0001328,train,3,1,1,1.0
tut_top5_train_0001329,train,3,1,1,1.0
tut_top5_train_0001330,train,3,1,1,1.0
tut_top5_train_0001331,train,3,2,2,1.0
tut_top5_train_0001332,train,3,0,0,1.0
tut_top5_train_0001333,train,3,0,0,1.0
tut_top5_train_0001334,train,3,1,1,1.0
tut_top5_train_0001335,train,3,0,0,1.0
tut_top5_train_0001336,train,3,0,0,1.0
tut_top5_train_0001337,train,3,2,2,1.0
tut_top5_train_0001338,train,3,2,2,1.0
tut_top5_train_0001339,train,3,1,1,1.0
tut_top5_train_0001340,train,3,2,2,1.0
tut_top5_train_0001341,train,3,2,2,1.0
tut_top5_train_0001342,train,3,1,1,1.0
tut_top5_train_0001343,train,3,0,0,1.0
tut_top5_train_0001344,train,3,2,2,1.0
tut_top5_train_0001345,train,3,0,0,1.0
tut_top5_train_0001346,train,3,1,1,1.0
tut_top5_train_0001347,train,3,1,1,1.0
tut_top5_train_0001348,train,3,1,1,1.0
tut_top5_train_0001349,train,3,0,0,1.0
tut_top5_train_0001350,train,3,1,1,1.0
tut_top5_train_0001351,train,3,2,2,1.0
tut_top5_train_0001352,train,3,1,1,1.0
tut_top5_train_0001353,train,3,0,0,1.0
tut_top5_train_0001354,train,3,1,1,1.0
tut_top5_train_0001355,train,3,0,0,1.0
tut_top5_train_0001356,train,3,0,0,1.0
tut_top5_train_0001357,train,3,0,0,1.0
tut_top5_train_0001358,train,3,0,0,1.0
tut_top5_train_0001359,train,3,1,1,1.0
tut_top5_train_0001360,train,3,0,0,1.0
tut_top5_train_0001361,train,3,1,1,1.0
tut_top5_train_0001362,train,3,1,1,1.0
tut_top5_train_0001363,train,3,2,2,1.0
tut_top5_train_0001364,train,3,1,1,1.0
tut_top5_train_0001365,train,3,0,0,1.0
tut_top5_train_0001366,train,3,0,0,1.0
tut_top5_train_0001367,train,3,1,1,1.0
tut_top5_train_0001368,train,3,1,1,1.0
tut_top5_train_0001369,train,3,0,0,1.0
tut_top5_train_0001370,train,3,0,0,1.0
tut_top5_train_0001371,train,3,1,1,1.0
tut_top5_train_0001372,train,3,2,2,1.0
tut_top5_train_0001373,train,3,2,2,1.0
tut_top5_train_0001374,train,3,2,2,1.0
tut_top5_train_0001375,train,3,0,0,1.0
tut_top5_train_0001376,train,3,0,0,1.0
tut_top5_train_0001377,train,3,0,0,1.0
tut_top5_train_0001378,train,3,2,2,1.0
tut_top5_train_0001379,train,3,2,2,1.0
tut_top5_train_0001380,train,3,0,0,1.0
tut_top5_train_0001381,train,3,1,1,1.0
tut_top5_train_0001382,train,3,0,0,1.0
tut_top5_train_0001383,train,3,0,0,1.0
tut_top5_train_0001384,train,3,2,2,1.0
tut_top5_train_0001385,train,3,0,0,1.0
tut_top5_train_0001386,train,3,1,1,1.0
tut_top5_train_0001387,train,3,0,0,1.0
tut_top5_train_0001388,train,3,2,2,1.0
tut_top5_train_0001389,train,3,0,0,1.0
tut_top5_train_0001390,train,3,0,0,1.0
tut_top5_train_0001391,train,3,1,1,1.0
tut_top5_train_0001392,train,3,1,1,1.0
tut_top5_train_0001393,train,3,0,0,1.0
tut_top5_train_0001394,train,3,0,0,1.0
tut_top5_train_0001395,train,3,1,1,1.0
tut_top5_train_0001396,train,3,0,0,1.0
tut_top5_train_0001397,train,3,2,2,1.0
tut_top5_train_0001398,train,3,1,1,1.0
tut_top5_train_0001399,train,3,0,0,1.0
tut_top5_train_0001400,train,3,1,1,1.0
tut_top5_train_0001401,train,3,2,2,1.0
tut_top5_train_0001402,train,3,2,2,1.0
tut_top5_train_0001403,train,3,1,1,1.0
tut_top5_train_0001404,train,3,1,1,1.0
tut_top5_train_0001405,train,3,1,1,1.0
tut_top5_train_0001406,train,3,2,2,1.0
tut_top5_train_0001407,train,3,1,1,1.0
tut_top5_train_0001408,train,3,1,1,1.0
tut_top5_train_0001409,train,3,0,0,1.0
tut_top5_train_0001410,train,3,0,0,1.0
tut_top5_train_0001411,train,3,0,0,1.0
tut_top5_train_0001412,train,3,1,1,1.0
tut_top5_train_0001413,train,3,1,1,1.0
tut_top5_train_0001414,train,3,2,2,1.0
tut_top5_train_0001415,train,3,1,1,1.0
tut_top5_train_0001416,train,3,1,1,1.0
tut_top5_train_0001417,train,3,0,0,1.0
tut_top5_train_0001418,train,3,1,1,1.0
tut_top5_train_0001419,train,3,1,1,1.0
tut_top5_train_0001420,train,3,1,1,1.0
tut_top5_train_0001421,train,3,2,2,1.0
tut_top5_train_0001422,train,3,1,1,1.0
tut_top5_train_0001423,train,3,2,2,1.0
tut_top5_train_0001424,train,3,0,0,1.0
tut_top5_train_0001425,train,3,1,1,1.0
tut_top5_train_0001426,train,3,2,2,1.0
tut_top5_train_0001427,train,3,1,1,1.0
tut_top5_train_0001428,train,3,1,1,1.0
tut_top5_train_0001429,train,3,0,0,1.0
tut_top5_train_0001430,train,3,0,0,1.0
tut_top5_train_0001431,train,3,2,2,1.0
tut_top5_train_0001432,train,3,1,1,1.0
tut_top5_train_0001433,train,3,2,2,1.0
tut_top5_train_0001434,train,3,2,2,1.0
tut_top5_train_0001435,train,3,0,0,1.0
tut_top5_train_0001436,train,3,2,2,1.0
tut_top5_train_0001437,train,3,0,0,1.0
tut_top5_train_0001438,train,3,0,0,1.0
tut_top5_train_0001439,train,3,0,0,1.0
tut_top5_train_0001440,train,3,0,0,1.0
tut_top5_train_0001441,train,3,1,1,1.0
tut_top5_train_0001442,train,3,0,0,1.0
tut_top5_train_0001443,train,3,1,1,1.0
tut_top5_train_0001444,train,3,2,2,1.0
tut_top5_train_0001445,train,3,0,0,1.0
tut_top5_train_0001446,train,3,0,0,1.0
tut_top5_train_0001447,train,3,2,2,1.0
tut_top5_train_0001448,train,3,1,1,1.0
tut_top5_train_0001449,train,3,1,1,1.0
tut_top5_train_0001450,train,3,1,1,1.0
tut_top5_train_0001451,train,3,2,2,1.0
tut_top5_train_0001452,train,3,2,2,1.0
tut_top5_train_0001453,train,3,2,2,1.0
tut_top5_train_0001454,train,3,2,2,1.0
tut_top5_train_0001455,train,3,1,1,1.0
tut_top5_train_0001456,train,3,1,1,1.0
tut_top5_train_0001457,train,3,2,2,1.0
tut_top5_train_0001458,train,3,2,2,1.0
tut_top5_train_0001459,train,3,1,1,1.0
tut_top5_train_0001460,train,3,1,1,1.0
tut_top5_train_0001461,train,3,1,1,1.0
tut_top5_train_0001462,train,3,1,1,1.0
tut_top5_train_0001463,train,3,0,0,1.0
tut_top5_train_0001464,train,3,2,2,1.0
tut_top5_train_0001465,train,3,2,2,1.0
tut_top5_train_0001466,train,3,0,0,1.0
tut_top5_train_0001467,train,3,1,1,1.0
tut_top5_train_0001468,train,3,0,0,1.0
tut_top5_train_0001469,train,3,0,0,1.0
tut_top5_train_0001470,train,3,1,1,1.0
tut_top5_train_0001471,train,3,0,0,1.0
tut_top5_train_0001472,train,3,0,0,1.0
tut_top5_train_0001473,train,3,0,0,1.0
tut_top5_train_0001474,train,3,1,1,1.0
tut_top5_train_0001475,train,3,2,2,1.0
tut_top5_train_0001476,train,3,2,2,1.0
tut_top5_train_0001477,train,3,0,0,1.0
tut_top5_train_0001478,train,3,1,1,1.0
tut_top5_train_0001479,train,3,0,0,1.0
tut_top5_train_0001480,train,3,1,1,1.0
tut_top5_train_0001481,train,3,2,2,1.0
tut_top5_train_0001482,train,3,1,1,1.0
tut_top5_train_0001483,train,3,1,1,1.0
tut_top5_train_0001484,train,3,2,2,1.0
tut_top5_train_0001485,train,3,0,0,1.0
tut_top5_train_0001486,train,3,0,0,1.0
tut_top5_train_0001487,train,3,1,1,1.0
tut_top5_train_0001488,train,3,0,0,1.0
tut_top5_train_0001489,train,3,1,1,1.0
tut_top5_train_0001490,train,3,1,1,1.0
tut_top5_train_0001491,train,3,1,1,1.0
tut_top5_train_0001492,train,3,1,1,1.0
tut_top5_train_0001493,train,3,1,1,1.0
tut_top5_train_0001494,train,3,0,0,1.0
tut_top5_train_0001495,train,3,1,1,1.0
tut_top5_train_0001496,train,3,1,1,1.0
tut_top5_train_0001497,train,3,0,0,1.0
tut_top5_train_0001498,train,3,1,1,1.0
tut_top5_train_0001499,train,3,1,1,1.0
tut_top5_train_0001500,train,3,0,0,1.0
tut_top5_train_0001501,train,3,1,1,1.0
tut_top5_train_0001502,train,3,1,1,1.0
tut_top5_train_0001503,train,3,1,1,1.0
tut_top5_train_0001504,train,3,2,2,1.0
tut_top5_train_0001505,train,3,0,0,1.0
tut_top5_train_0001506,train,3,0,0,1.0
tut_top5_train_0001507,train,3,0,0,1.0
tut_top5_train_0001508,train,3,0,0,1.0
tut_top5_train_0001509,train,3,1,1,1.0
tut_top5_train_0001510,train,3,1,1,1.0
tut_top5_train_0001511,train,3,0,0,1.0
tut_top5_train_0001512,train,3,0,0,1.0
tut_top5_train_0001513,train,3,2,2,1.0
tut_top5_train_0001514,train,3,2,2,1.0
tut_top5_train_0001515,train,3,1,1,1.0
tut_top5_train_0001516,train,3,0,0,1.0
tut_top5_train_0001517,train,3,1,1,1.0
tut_top5_train_0001518,train,3,1,1,1.0
tut_top5_train_0001519,train,3,2,2,1.0
tut_top5_train_0001520,train,3,2,2,1.0
tut_top5_train_0001521,train,3,0,0,1.0
tut_top5_train_0001522,train,3,0,0,1.0
tut_top5_train_0001523,train,3,2,2,1.0
tut_top5_train_0001524,train,3,0,0,1.0
tut_top5_train_0001525,train,3,1,1,1.0
tut_top5_train_0001526,train,3,1,1,1.0
tut_top5_train_0001527,train,3,0,0,1.0
tut_top5_train_0001528,train,3,2,2,1.0
tut_top5_train_0001529,train,3,2,2,1.0
tut_top5_train_0001530,train,3,1,1,1.0
tut_top5_train_0001531,train,3,0,0,1.0
tut_top5_train_0001532,train,3,0,0,1.0
tut_top5_train_0001533,train,3,1,1,1.0
tut_top5_train_0001534,train,3,2,2,1.0
tut_top5_train_0001535,train,3,2,2,1.0
tut_top5_train_0001536,train,3,0,0,1.0
tut_top5_train_0001537,train,3,1,1,1.0
tut_top5_train_0001538,train,3,0,0,1.0
tut_top5_train_0001539,train,3,0,0,1.0
tut_top5_train_0001540,train,3,1,1,1.0
tut_top5_train_0001541,train,3,1,1,1.0
tut_top5_train_0001542,train,3,1,1,1.0
tut_top5_train_0001543,train,3,2,2,1.0
tut_top5_train_0001544,train,3,2,2,1.0
tut_top5_train_0001545,train,3,1,1,1.0
tut_top5_train_0001546,train,3,1,1,1.0
tut_top5_train_0001547,train,3,1,1,1.0
tut_top5_train_0001548,train,3,1,1,1.0
tut_top5_train_0001549,train,3,2,2,1.0
tut_top5_train_0001550,train,3,1,1,1.0
tut_top5_train_0001551,train,3,1,1,1.0
tut_top5_train_0001552,train,3,1,1,1.0
tut_top5_train_0001553,train,3,0,0,1.0
tut_top5_train_0001554,train,3,0,0,1.0
tut_top5_train_0001555,train,3,0,0,1.0
tut_top5_train_0001556,train,3,1,1,1.0
tut_top5_train_0001557,train,3,1,1,1.0
tut_top5_train_0001558,train,3,1,1,1.0
tut_top5_train_0001559,train,3,1,1,1.0
tut_top5_train_0001560,train,3,0,0,1.0
tut_top5_train_0001561,train,3,0,0,1.0
tut_top5_train_0001562,train,3,1,1,1.0
tut_top5_train_0001563,train,3,0,0,1.0
tut_top5_train_0001564,train,3,0,0,1.0
tut_top5_train_0001565,train,3,2,2,1.0
tut_top5_train_0001566,train,3,1,1,1.0
tut_top5_train_0001567,train,3,2,2,1.0
tut_top5_train_0001568,train,3,1,1,1.0
tut_top5_train_0001569,train,3,1,1,1.0
tut_top5_train_0001570,train,3,0,0,1.0
tut_top5_train_0001571,train,3,1,1,1.0
tut_top5_train_0001572,train,3,1,1,1.0
tut_top5_train_0001573,train,3,0,0,1.0
tut_top5_train_0001574,train,3,0,0,1.0
tut_top5_train_0001575,train,3,1,1,1.0
tut_top5_train_0001576,train,3,0,0,1.0
tut_top5_train_0001577,train,3,2,2,1.0
tut_top5_train_0001578,train,3,2,2,1.0
tut_top5_train_0001579,train,3,0,0,1.0
tut_top5_train_0001580,train,3,1,1,1.0
tut_top5_train_0001581,train,3,1,1,1.0
tut_top5_train_0001582,train,3,0,0,1.0
tut_top5_train_0001583,train,3,0,0,1.0
tut_top5_train_0001584,train,3,0,0,1.0
tut_top5_train_0001585,train,3,2,2,1.0
tut_top5_train_0001586,train,3,1,1,1.0
tut_top5_train_0001587,train,3,1,1,1.0
tut_top5_train_0001588,train,3,1,1,1.0
tut_top5_train_0001589,train,3,0,0,1.0
tut_top5_train_0001590,train,3,1,1,1.0
tut_top5_train_0001591,train,3,0,0,1.0
tut_top5_train_0001592,train,3,1,1,1.0
tut_top5_train_0001593,train,3,0,0,1.0
tut_top5_train_0001594,train,3,0,0,1.0
tut_top5_train_0001595,train,3,2,2,1.0
tut_top5_train_0001596,train,3,1,1,1.0
tut_top5_train_0001597,train,3,0,0,1.0
tut_top5_train_0001598,train,3,1,1,1.0
tut_top5_train_0001599,train,3,2,2,1.0
tut_top5_train_0001600,train,3,1,1,1.0
tut_top5_train_0001601,train,3,1,1,1.0
tut_top5_train_0001602,train,3,1,1,1.0
tut_top5_train_0001603,train,3,0,0,1.0
tut_top5_train_0001604,train,3,0,0,1.0
tut_top5_train_0001605,train,3,0,0,1.0
tut_top5_train_0001606,train,3,2,2,1.0
tut_top5_train_0001607,train,3,2,2,1.0
tut_top5_train_0001608,train,3,0,0,1.0
tut_top5_train_0001609,train,3,1,1,1.0
tut_top5_train_0001610,train,3,1,1,1.0
tut_top5_train_0001611,train,3,2,2,1.0
tut_top5_train_0001612,train,3,1,1,1.0
tut_top5_train_0001613,train,3,1,1,1.0
tut_top5_train_0001614,train,3,0,0,1.0
tut_top5_train_0001615,train,3,1,1,1.0
tut_top5_train_0001616,train,3,0,0,1.0
tut_top5_train_0001617,train,3,1,1,1.0
tut_top5_train_0001618,train,3,1,1,1.0
tut_top5_train_0001619,train,3,2,2,1.0
tut_top5_train_0001620,train,3,0,0,1.0
tut_top5_train_0001621,train,3,1,1,1.0
tut_top5_train_0001622,train,3,2,2,1.0
tut_top5_train_0001623,train,3,1,1,1.0
tut_top5_train_0001624,train,3,1,1,1.0
tut_top5_train_0001625,train,3,1,1,1.0
tut_top5_train_0001626,train,3,0,0,1.0
tut_top5_train_0001627,train,3,2,2,1.0
tut_top5_train_0001628,train,3,1,1,1.0
tut_top5_train_0001629,train,3,0,0,1.0
tut_top5_train_0001630,train,3,1,1,1.0
tut_top5_train_0001631,train,3,1,1,1.0
tut_top5_train_0001632,train,3,1,1,1.0
tut_top5_train_0001633,train,3,0,0,1.0
tut_top5_train_0001634,train,3,0,0,1.0
tut_top5_train_0001635,train,3,2,2,1.0
tut_top5_train_0001636,train,3,0,0,1.0
tut_top5_train_0001637,train,3,1,1,1.0
tut_top5_train_0001638,train,3,0,0,1.0
tut_top5_train_0001639,train,3,2,2,1.0
tut_top5_train_0001640,train,3,0,0,1.0
tut_top5_train_0001641,train,3,1,1,1.0
tut_top5_train_0001642,train,3,2,2,1.0
tut_top5_train_0001643,train,3,1,1,1.0
tut_top5_train_0001644,train,3,0,0,1.0
tut_top5_train_0001645,train,3,1,1,1.0
tut_top5_train_0001646,train,3,0,0,1.0
tut_top5_train_0001647,train,3,0,0,1.0
tut_top5_train_0001648,train,3,2,2,1.0
tut_top5_train_0001649,train,3,1,1,1.0
tut_top5_train_0001650,train,3,0,0,1.0
tut_top5_train_0001651,train,3,2,2,1.0
tut_top5_train_0001652,train,3,1,1,1.0
tut_top5_train_0001653,train,3,1,1,1.0
tut_top5_train_0001654,train,3,0,0,1.0
tut_top5_train_0001655,train,3,1,1,1.0
tut_top5_train_0001656,train,3,0,0,1.0
tut_top5_train_0001657,train,3,0,0,1.0
tut_top5_train_0001658,train,3,1,1,1.0
tut_top5_train_0001659,train,3,1,1,1.0
tut_top5_train_0001660,train,3,1,1,1.0
tut_top5_train_0001661,train,3,0,0,1.0
tut_top5_train_0001662,train,3,1,1,1.0
tut_top5_train_0001663,train,3,0,0,1.0
tut_top5_train_0001664,train,3,0,0,1.0
tut_top5_train_0001665,train,3,1,1,1.0
tut_top5_train_0001666,train,3,2,2,1.0
tut_top5_train_0001667,train,3,1,1,1.0
tut_top5_train_0001668,train,3,0,0,1.0
tut_top5_train_0001669,train,3,2,2,1.0
tut_top5_train_0001670,train,3,0,0,1.0
tut_top5_train_0001671,train,3,1,1,1.0
tut_top5_train_0001672,train,3,2,2,1.0
tut_top5_train_0001673,train,3,2,2,1.0
tut_top5_train_0001674,train,3,1,1,1.0
tut_top5_train_0001675,train,3,0,0,1.0
tut_top5_train_0001676,train,3,1,1,1.0
tut_top5_train_0001677,train,3,2,2,1.0
tut_top5_train_0001678,train,3,0,0,1.0
tut_top5_train_0001679,train,3,1,1,1.0
tut_top5_train_0001680,train,3,1,1,1.0
tut_top5_train_0001681,train,3,0,0,1.0
tut_top5_train_0001682,train,3,0,0,1.0
tut_top5_train_0001683,train,3,1,1,1.0
tut_top5_train_0001684,train,3,0,0,1.0
tut_top5_train_0001685,train,3,1,1,1.0
tut_top5_train_0001686,train,3,0,0,1.0
tut_top5_train_0001687,train,3,1,1,1.0
tut_top5_train_0001688,train,3,2,2,1.0
tut_top5_train_0001689,train,3,1,1,1.0
tut_top5_train_0001690,train,3,1,1,1.0
tut_top5_train_0001691,train,3,1,1,1.0
tut_top5_train_0001692,train,3,1,1,1.0
tut_top5_train_0001693,train,3,2,2,1.0
tut_top5_train_0001694,train,3,0,0,1.0
tut_top5_train_0001695,train,3,1,1,1.0
tut_top5_train_0001696,train,3,2,2,1.0
tut_top5_train_0001697,train,3,1,1,1.0
tut_top5_train_0001698,train,3,2,2,1.0
tut_top5_train_0001699,train,3,0,0,1.0
tut_top5_train_0001700,train,3,1,1,1.0
tut_top5_train_0001701,train,3,1,1,1.0
tut_top5_train_0001702,train,3,1,1,1.0
tut_top5_train_0001703,train,3,0,0,1.0
tut_top5_train_0001704,train,3,2,2,1.0
tut_top5_train_0001705,train,3,2,2,1.0
tut_top5_train_0001706,train,3,2,2,1.0
tut_top5_train_0001707,train,3,1,1,1.0
tut_top5_train_0001708,train,3,0,0,1.0
tut_top5_train_0001709,train,3,2,2,1.0
tut_top5_train_0001710,train,3,0,0,1.0
tut_top5_train_0001711,train,3,2,2,1.0
tut_top5_train_0001712,train,3,1,1,1.0
tut_top5_train_0001713,train,3,1,1,1.0
tut_top5_train_0001714,train,3,1,1,1.0
tut_top5_train_0001715,train,3,2,2,1.0
tut_top5_train_0001716,train,3,2,2,1.0
tut_top5_train_0001717,train,3,0,0,1.0
tut_top5_train_0001718,train,3,0,0,1.0
tut_top5_train_0001719,train,3,2,2,1.0
tut_top5_train_0001720,train,3,0,0,1.0
tut_top5_train_0001721,train,3,0,0,1.0
tut_top5_train_0001722,train,3,1,1,1.0
tut_top5_train_0001723,train,3,2,2,1.0
tut_top5_train_0001724,train,3,0,0,1.0
tut_top5_train_0001725,train,3,1,1,1.0
tut_top5_train_0001726,train,3,1,1,1.0
tut_top5_train_0001727,train,3,0,0,1.0
tut_top5_train_0001728,train,3,2,2,1.0
tut_top5_train_0001729,train,3,0,0,1.0
tut_top5_train_0001730,train,3,1,1,1.0
tut_top5_train_0001731,train,3,2,2,1.0
tut_top5_train_0001732,train,3,1,1,1.0
tut_top5_train_0001733,train,3,1,1,1.0
tut_top5_train_0001734,train,3,1,1,1.0
tut_top5_train_0001735,train,3,0,0,1.0
tut_top5_train_0001736,train,3,1,1,1.0
tut_top5_train_0001737,train,3,2,2,1.0
tut_top5_train_0001738,train,3,0,0,1.0
tut_top5_train_0001739,train,3,2,2,1.0
tut_top5_train_0001740,train,3,1,1,1.0
tut_top5_train_0001741,train,3,1,1,1.0
tut_top5_train_0001742,train,3,2,2,1.0
tut_top5_train_0001743,train,3,0,0,1.0
tut_top5_train_0001744,train,3,0,0,1.0
tut_top5_train_0001745,train,3,0,0,1.0
tut_top5_train_0001746,train,3,1,1,1.0
tut_top5_train_0001747,train,3,0,0,1.0
tut_top5_train_0001748,train,3,1,1,1.0
tut_top5_train_0001749,train,3,1,1,1.0
tut_top5_train_0001750,train,3,1,1,1.0
tut_top5_train_0001751,train,3,1,1,1.0
tut_top5_train_0001752,train,3,2,2,1.0
tut_top5_train_0001753,train,3,1,1,1.0
tut_top5_train_0001754,train,3,1,1,1.0
tut_top5_train_0001755,train,3,1,1,1.0
tut_top5_train_0001756,train,3,0,0,1.0
tut_top5_train_0001757,train,3,1,1,1.0
tut_top5_train_0001758,train,3,0,0,1.0
tut_top5_train_0001759,train,3,2,2,1.0
tut_top5_train_0001760,train,3,1,1,1.0
tut_top5_train_0001761,train,3,1,1,1.0
tut_top5_train_0001762,train,3,1,1,1.0
tut_top5_train_0001763,train,3,1,1,1.0
tut_top5_train_0001764,train,3,2,2,1.0
tut_top5_train_0001765,train,3,1,1,1.0
tut_top5_train_0001766,train,3,0,0,1.0
tut_top5_train_0001767,train,3,0,0,1.0
tut_top5_train_0001768,train,3,1,1,1.0
tut_top5_train_0001769,train,3,1,1,1.0
tut_top5_train_0001770,train,3,0,0,1.0
tut_top5_train_0001771,train,3,1,1,1.0
tut_top5_train_0001772,train,3,1,1,1.0
tut_top5_train_0001773,train,3,2,2,1.0
tut_top5_train_0001774,train,3,0,0,1.0
tut_top5_train_0001775,train,3,1,1,1.0
tut_top5_train_0001776,train,3,0,0,1.0
tut_top5_train_0001777,train,3,1,1,1.0
tut_top5_train_0001778,train,3,1,1,1.0
tut_top5_train_0001779,train,3,0,0,1.0
tut_top5_train_0001780,train,3,0,0,1.0
tut_top5_train_0001781,train,3,1,1,1.0
tut_top5_train_0001782,train,3,1,1,1.0
tut_top5_train_0001783,train,3,1,1,1.0
tut_top5_train_0001784,train,3,2,2,1.0
tut_top5_train_0001785,train,3,1,1,1.0
tut_top5_train_0001786,train,3,0,0,1.0
tut_top5_train_0001787,train,3,1,1,1.0
tut_top5_train_0001788,train,3,0,0,1.0
tut_top5_train_0001789,train,3,0,0,1.0
tut_top5_train_0001790,train,3,1,1,1.0
tut_top5_train_0001791,train,3,2,2,1.0
tut_top5_train_0001792,train,3,0,0,1.0
tut_top5_train_0001793,train,3,0,0,1.0
tut_top5_train_0001794,train,3,0,0,1.0
tut_top5_train_0001795,train,3,2,2,1.0
tut_top5_train_0001796,train,3,2,2,1.0
tut_top5_train_0001797,train,3,0,0,1.0
tut_top5_train_0001798,train,3,1,1,1.0
tut_top5_train_0001799,train,3,0,0,1.0
tut_top5_train_0001800,train,3,1,1,1.0
tut_top5_train_0001801,train,3,1,1,1.0
tut_top5_train_0001802,train,3,2,2,1.0
tut_top5_train_0001803,train,3,0,0,1.0
tut_top5_train_0001804,train,3,2,2,1.0
tut_top5_train_0001805,train,3,0,0,1.0
tut_top5_train_0001806,train,3,0,0,1.0
tut_top5_train_0001807,train,3,1,1,1.0
tut_top5_train_0001808,train,3,1,1,1.0
tut_top5_train_0001809,train,3,0,0,1.0
tut_top5_train_0001810,train,3,0,0,1.0
tut_top5_train_0001811,train,3,1,1,1.0
tut_top5_train_0001812,train,3,0,0,1.0
tut_top5_train_0001813,train,3,1,1,1.0
tut_top5_train_0001814,train,3,2,2,1.0
tut_top5_train_0001815,train,3,0,0,1.0
tut_top5_train_0001816,train,3,1,1,1.0
tut_top5_train_0001817,train,3,1,1,1.0
tut_top5_train_0001818,train,3,1,1,1.0
tut_top5_train_0001819,train,3,1,1,1.0
tut_top5_train_0001820,train,3,0,0,1.0
tut_top5_train_0001821,train,3,1,1,1.0
tut_top5_train_0001822,train,3,0,0,1.0
tut_top5_train_0001823,train,3,1,1,1.0
tut_top5_train_0001824,train,3,1,1,1.0
tut_top5_train_0001825,train,3,0,0,1.0
tut_top5_train_0001826,train,3,1,1,1.0
tut_top5_train_0001827,train,3,0,0,1.0
tut_top5_train_0001828,train,3,1,1,1.0
tut_top5_train_0001829,train,3,0,0,1.0
tut_top5_train_0001830,train,3,2,2,1.0
tut_top5_train_0001831,train,3,0,0,1.0
tut_top5_train_0001832,train,3,0,0,1.0
tut_top5_train_0001833,train,3,0,0,1.0
tut_top5_train_0001834,train,3,1,1,1.0
tut_top5_train_0001835,train,3,1,1,1.0
tut_top5_train_0001836,train,3,1,1,1.0
tut_top5_train_0001837,train,3,1,1,1.0
tut_top5_train_0001838,train,3,0,0,1.0
tut_top5_train_0001839,train,3,1,1,1.0
tut_top5_train_0001840,train,3,2,2,1.0
tut_top5_train_0001841,train,3,0,0,1.0
tut_top5_train_0001842,train,3,1,1,1.0
tut_top5_train_0001843,train,3,0,0,1.0
tut_top5_train_0001844,train,3,1,1,1.0
tut_top5_train_0001845,train,3,1,1,1.0
tut_top5_train_0001846,train,3,2,2,1.0
tut_top5_train_0001847,train,3,1,1,1.0
tut_top5_train_0001848,train,3,2,2,1.0
tut_top5_train_0001849,train,3,1,1,1.0
tut_top5_train_0001850,train,3,0,0,1.0
tut_top5_train_0001851,train,3,0,0,1.0
tut_top5_train_0001852,train,3,2,2,1.0
tut_top5_train_0001853,train,3,0,0,1.0
tut_top5_train_0001854,train,3,2,2,1.0
tut_top5_train_0001855,train,3,1,1,1.0
tut_top5_train_0001856,train,3,1,1,1.0
tut_top5_train_0001857,train,3,1,1,1.0
tut_top5_train_0001858,train,3,2,2,1.0
tut_top5_train_0001859,train,3,2,2,1.0
tut_top5_train_0001860,train,3,2,2,1.0
tut_top5_train_0001861,train,3,2,2,1.0
tut_top5_train_0001862,train,3,1,1,1.0
tut_top5_train_0001863,train,3,1,1,1.0
tut_top5_train_0001864,train,3,1,1,1.0
tut_top5_train_0001865,train,3,1,1,1.0
tut_top5_train_0001866,train,3,0,0,1.0
tut_top5_train_0001867,train,3,0,0,1.0
tut_top5_val_0000000,val,3,1,1,0.47862552516957807
tut_top5_val_0000001,val,3,1,1,0.9166948421178871
tut_top5_val_0000002,val,3,0,0,0.9918047362158862
tut_top5_val_0000003,val,3,0,0,0.9745889622699875
tut_top5_val_0000004,val,3,0,0,0.8731895178610243
tut_top5_val_0000005,val,3,1,1,0.9768619039533175
tut_top5_val_0000006,val,3,2,2,0.9110908170296242
tut_top5_val_0000007,val,3,1,1,0.9726983405930366
tut_top5_val_0000008,val,3,0,0,0.5645172112914011
tut_top5_val_0000009,val,3,2,2,0.4181441216317085
tut_top5_val_0000010,val,3,1,1,0.9336509311839517
tut_top5_val_0000011,val,3,1,1,0.9704457578424757
tut_top5_val_0000012,val,3,2,0,0.5344262487849084
tut_top5_val_0000013,val,3,1,1,0.8911930519913612
tut_top5_val_0000014,val,3,0,0,0.9387897646031614
tut_top5_val_0000015,val,3,0,0,0.8547283717631653
tut_top5_val_0000016,val,3,1,1,0.7555520256668897
tut_top5_val_0000017,val,3,0,0,0.9860443627969585
tut_top5_val_0000018,val,3,0,0,0.9748949057053057
tut_top5_val_0000019,val,3,0,0,0.9392030218664931
tut_top5_val_0000020,val,3,1,0,0.5209672739473191
tut_top5_val_0000021,val,3,1,1,0.9774439803151402
tut_top5_val_0000022,val,3,2,2,0.9764835074346998
tut_top5_val_0000023,val,3,1,0,0.5719597981409535
tut_top5_val_0000024,val,3,1,1,0.9705658995406539
tut_top5_val_0000025,val,3,2,0,0.7160948970214708
tut_top5_val_0000026,val,3,0,0,0.9490206714609372
tut_top5_val_0000027,val,3,1,1,0.9647392299079361
tut_top5_val_0000028,val,3,0,2,0.5978499749794296
tut_top5_val_0000029,val,3,0,0,0.8747576832888443
tut_top5_val_0000030,val,3,0,0,0.9721702533220582
tut_top5_val_0000031,val,3,2,2,0.9405229124743806
tut_top5_val_0000032,val,3,1,1,0.9724573591217779
tut_top5_val_0000033,val,3,1,1,1.0
tut_top5_val_0000034,val,3,2,2,0.9816393328107931
tut_top5_val_0000035,val,3,1,1,0.9852359786887835
tut_top5_val_0000036,val,3,2,2,0.9422519062570278
tut_top5_val_0000037,val,3,1,1,0.9814220386196167
tut_top5_val_0000038,val,3,1,1,0.9745541663666542
tut_top5_val_0000039,val,3,2,2,0.9767196796468649
tut_top5_val_0000040,val,3,0,0,0.9689387466323391
tut_top5_val_0000041,val,3,2,2,0.9033940032055078
tut_top5_val_0000042,val,3,1,1,0.771187208678558
tut_top5_val_0000043,val,3,0,0,0.5132888010093098
tut_top5_val_0000044,val,3,0,0,0.5990696792174116
tut_top5_val_0000045,val,3,1,1,0.9084677046327789
tut_top5_val_0000046,val,3,2,2,0.9635180651669802
tut_top5_val_0000047,val,3,1,1,0.9998344916951349
tut_top5_val_0000048,val,3,2,2,0.5220910192213251
tut_top5_val_0000049,val,3,2,2,0.9205212763281216
tut_top5_val_0000050,val,3,0,1,0.6095678792024859
tut_top5_val_0000051,val,3,0,0,0.5910708265217616
tut_top5_val_0000052,val,3,0,0,0.7485535864441469
tut_top5_val_0000053,val,3,2,2,0.9073798991330826
tut_top5_val_0000054,val,3,2,2,0.9868329462973342
tut_top5_val_0000055,val,3,2,2,0.9734633739679376
tut_top5_val_0000056,val,3,1,0,0.6060425475855229
tut_top5_val_0000057,val,3,1,1,0.9971951679631375
tut_top5_val_0000058,val,3,0,0,0.9769909452583362
tut_top5_val_0000059,val,3,2,2,0.9696892414736612
tut_top5_val_0000060,val,3,0,0,0.7697125976657369
tut_top5_val_0000061,val,3,1,1,0.8414887160814394
tut_top5_val_0000062,val,3,0,0,0.5836468106241484
tut_top5_val_0000063,val,3,2,0,0.50916370582453
tut_top5_val_0000064,val,3,2,2,0.9984833657995617
tut_top5_val_0000065,val,3,0,0,0.8356923343462992
tut_top5_val_0000066,val,3,1,1,0.9618595944685427
tut_top5_val_0000067,val,3,2,2,0.9555281539872105
tut_top5_val_0000068,val,3,1,1,0.830097248249822
tut_top5_val_0000069,val,3,1,1,0.4756340089115618
tut_top5_val_0000070,val,3,1,1,0.9985968104691108
tut_top5_val_0000071,val,3,1,1,0.998496340341172
tut_top5_val_0000072,val,3,1,1,0.9936901123427587
tut_top5_val_0000073,val,3,2,2,0.9852602520538539
tut_top5_val_0000074,val,3,0,0,0.4954323652607433
tut_top5_val_0000075,val,3,0,0,0.9697957854198834
tut_top5_val_0000076,val,3,0,0,0.847022567618732
tut_top5_val_0000077,val,3,2,2,0.9944480563012539
tut_top5_val_0000078,val,3,2,2,0.574342154299029
tut_top5_val_0000079,val,3,1,1,0.9865211363297159
tut_top5_val_0000080,val,3,2,2,1.0
tut_top5_val_0000081,val,3,2,2,0.9915738378787877
tut_top5_val_0000082,val,3,2,0,0.9705616777764092
tut_top5_val_0000083,val,3,1,1,0.8117796419372618
tut_top5_val_0000084,val,3,1,1,0.967275026383231
tut_top5_val_0000085,val,3,0,0,0.8803139733303376
tut_top5_val_0000086,val,3,2,2,0.967278243294693
tut_top5_val_0000087,val,3,1,1,0.9733870669643937
tut_top5_val_0000088,val,3,1,1,0.9996482921672941
tut_top5_val_0000089,val,3,2,2,0.9713823828022738
tut_top5_val_0000090,val,3,1,1,0.6052222389620737
tut_top5_val_0000091,val,3,0,0,0.9627109151238408
tut_top5_val_0000092,val,3,2,2,0.8897392066791119
tut_top5_val_0000093,val,3,1,0,0.6139436885966422
tut_top5_val_0000094,val,3,0,0,0.9057619213859757
tut_top5_val_0000095,val,3,0,0,0.9871828124253544
tut_top5_val_0000096,val,3,1,1,0.9980294530154278
tut_top5_val_0000097,val,3,0,0,0.8244482376333967
tut_top5_val_0000098,val,3,0,0,0.5049325616391326
tut_top5_val_0000099,val,3,1,1,0.9934803327997817
tut_top5_val_0000100,val,3,1,1,0.9604028619286115
tut_top5_val_0000101,val,3,1,1,0.9823607156618938
tut_top5_val_0000102,val,3,1,1,0.9012125505246773
tut_top5_val_0000103,val,3,1,1,0.8959046899862217
tut_top5_val_0000104,val,3,0,0,0.9912362957186218
tut_top5_val_0000105,val,3,0,1,0.5567911833083046
tut_top5_val_0000106,val,3,1,1,0.6358199619754357
tut_top5_val_0000107,val,3,0,0,0.8842050108045165
tut_top5_val_0000108,val,3,0,0,0.9997493070568859
tut_top5_val_0000109,val,3,2,2,0.969178435843241
tut_top5_val_0000110,val,3,2,2,0.9972929993583887
tut_top5_val_0000111,val,3,0,0,0.6823223767598741
tut_top5_val_0000112,val,3,0,0,0.8563960706170657
tut_top5_val_0000113,val,3,1,1,0.9994187810259239
tut_top5_val_0000114,val,3,2,2,0.9995580304806565
tut_top5_val_0000115,val,3,1,1,0.9736814014531929
tut_top5_val_0000116,val,3,1,1,0.9982059978846695
tut_top5_val_0000117,val,3,0,0,0.8020582482716039
tut_top5_val_0000118,val,3,0,0,0.9761720092697129
tut_top5_val_0000119,val,3,1,1,0.8523440813929912
tut_top5_val_0000120,val,3,1,1,0.9506748639625425
tut_top5_val_0000121,val,3,2,2,0.9989231365769853
tut_top5_val_0000122,val,3,2,0,0.5391361533554446
tut_top5_val_0000123,val,3,0,0,0.8198224218219287
tut_top5_val_0000124,val,3,1,1,0.9805949524204847
tut_top5_val_0000125,val,3,1,1,0.9963742206202849
tut_top5_val_0000126,val,3,1,1,0.7523861140226792
tut_top5_val_0000127,val,3,0,0,0.9237538771387682
tut_top5_val_0000128,val,3,0,0,0.977412843582384
tut_top5_val_0000129,val,3,0,0,1.0
tut_top5_val_0000130,val,3,1,1,0.9984876210979547
tut_top5_val_0000131,val,3,1,1,0.9865191146881287
tut_top5_val_0000132,val,3,2,0,0.522307901769492
tut_top5_val_0000133,val,3,1,1,0.9941014262176064
tut_top5_val_0000134,val,3,2,2,0.998213647400392
tut_top5_val_0000135,val,3,1,1,0.9824595587808234
tut_top5_val_0000136,val,3,1,1,0.9475773791483146
tut_top5_val_0000137,val,3,2,2,0.9991320237486326
tut_top5_val_0000138,val,3,2,2,0.8785142975909433
tut_top5_val_0000139,val,3,2,2,0.8488623892810235
tut_top5_val_0000140,val,3,2,2,0.9696790900274658
tut_top5_val_0000141,val,3,0,0,0.9028255037214354
tut_top5_val_0000142,val,3,2,2,0.8508305838637389
tut_top5_val_0000143,val,3,0,0,0.9260118108333835
tut_top5_val_0000144,val,3,2,0,0.5984566911468009
tut_top5_val_0000145,val,3,1,1,1.0
tut_top5_val_0000146,val,3,1,1,0.7401895237128556
tut_top5_val_0000147,val,3,1,1,0.8504078884744457
tut_top5_val_0000148,val,3,1,1,0.9583450713301847
tut_top5_val_0000149,val,3,1,1,0.9996482921672941
tut_top5_val_0000150,val,3,2,2,0.7844571891793035
tut_top5_val_0000151,val,3,1,1,0.9969819120282569
tut_top5_val_0000152,val,3,1,1,0.7637056632875731
tut_top5_val_0000153,val,3,1,1,0.977727812664305
tut_top5_val_0000154,val,3,2,2,0.7521259847093559
tut_top5_val_0000155,val,3,1,1,0.9048733010829192
tut_top5_val_0000156,val,3,1,1,0.9390579610688847
tut_top5_val_0000157,val,3,2,2,0.9923488256743833
tut_top5_val_0000158,val,3,1,1,0.5259179940995317
tut_top5_val_0000159,val,3,0,0,0.9538795943147944
tut_top5_val_0000160,val,3,2,2,0.9733516398246281
tut_top5_val_0000161,val,3,0,0,0.7617094988017163
tut_top5_val_0000162,val,3,1,1,0.9611843755933644
tut_top5_val_0000163,val,3,0,0,0.8900031522408721
tut_top5_val_0000164,val,3,2,0,0.6108675148843751
tut_top5_val_0000165,val,3,0,0,0.8865664423011368
tut_top5_val_0000166,val,3,1,1,0.9469214474350223
tut_top5_val_0000167,val,3,1,1,0.942740032315738
tut_top5_val_0000168,val,3,0,0,0.9544135436225691
tut_top5_val_0000169,val,3,1,1,0.8446352029883254
tut_top5_val_0000170,val,3,1,1,0.9296043666719401
tut_top5_val_0000171,val,3,0,0,0.9897182329701121
tut_top5_val_0000172,val,3,1,1,0.9159277141319205
tut_top5_val_0000173,val,3,1,1,0.762779942354392
tut_top5_val_0000174,val,3,0,0,0.957533824914766
tut_top5_val_0000175,val,3,0,0,0.9428052481583912
tut_top5_val_0000176,val,3,1,1,0.995202491244804
tut_top5_val_0000177,val,3,1,1,0.7246068725741073
tut_top5_val_0000178,val,3,1,1,0.99788262471571
tut_top5_val_0000179,val,3,1,1,0.9926390317477422
tut_top5_val_0000180,val,3,0,0,0.8554933984672252
tut_top5_val_0000181,val,3,0,0,0.606165336580726
tut_top5_val_0000182,val,3,0,0,0.9930512631344712
tut_top5_val_0000183,val,3,0,0,0.8877400562289126
tut_top5_val_0000184,val,3,1,1,0.9746807624349719
tut_top5_val_0000185,val,3,2,2,0.8453539315930553
tut_top5_val_0000186,val,3,1,1,0.9765709412004777
tut_top5_val_0000187,val,3,2,2,0.9623005204231425
tut_top5_val_0000188,val,3,2,2,0.9437199451708499
tut_top5_val_0000189,val,3,1,1,0.9960589060308556
tut_top5_val_0000190,val,3,1,1,0.9943460764587525
tut_top5_val_0000191,val,3,0,0,0.9375358033942943
tut_top5_val_0000192,val,3,0,0,0.8734401144264894
tut_top5_val_0000193,val,3,0,0,0.9656423153494967
tut_top5_val_0000194,val,3,1,1,0.7431853664174097
tut_top5_val_0000195,val,3,0,0,0.58286839711975
tut_top5_val_0000196,val,3,0,0,0.5104577646250297
tut_top5_val_0000197,val,3,1,1,0.7922197501764364
tut_top5_val_0000198,val,3,0,0,0.7262238989030257
tut_top5_val_0000199,val,3,0,0,0.5737533878960694
tut_top5_val_0000200,val,3,1,1,0.9932695377199872
tut_top5_val_0000201,val,3,0,2,0.5476317885847394
tut_top5_val_0000202,val,3,0,0,0.5981585867508893
tut_top5_val_0000203,val,3,1,1,0.9932698810444895
tut_top5_val_0000204,val,3,1,1,0.9429042840183799
tut_top5_val_0000205,val,3,2,2,0.7999049649177485
tut_top5_val_0000206,val,3,0,0,0.9069073599521345
tut_top5_val_0000207,val,3,2,2,0.5531849985101996
tut_top5_val_0000208,val,3,2,2,0.9260994229007923
tut_top5_val_0000209,val,3,1,1,0.9312519995912393
tut_top5_val_0000210,val,3,0,0,0.5221799905636908
tut_top5_val_0000211,val,3,0,0,0.6103511641641262
tut_top5_val_0000212,val,3,1,1,0.9397072637781163
tut_top5_val_0000213,val,3,0,0,0.806226601050851
tut_top5_val_0000214,val,3,1,1,0.9645794147397926
tut_top5_val_0000215,val,3,1,1,0.8225949019541603
tut_top5_val_0000216,val,3,1,1,0.8098489228667431
tut_top5_val_0000217,val,3,2,2,0.8748630261604246
tut_top5_val_0000218,val,3,0,0,0.5701167540355102
tut_top5_val_0000219,val,3,0,0,0.9605579265444361
tut_top5_val_0000220,val,3,0,0,0.5149107548757651
tut_top5_val_0000221,val,3,2,2,0.9635432820056533
tut_top5_val_0000222,val,3,0,0,0.9837468468055053
tut_top5_val_0000223,val,3,1,1,0.9966832299346677
tut_top5_val_0000224,val,3,0,0,0.4960344597093418
tut_top5_val_0000225,val,3,0,0,0.984073737213942
tut_top5_val_0000226,val,3,0,0,0.8799670630157976
tut_top5_val_0000227,val,3,1,1,0.9850294283176311
tut_top5_val_0000228,val,3,0,0,0.6192343519493542
tut_top5_val_0000229,val,3,1,1,0.9540882213478965
tut_top5_val_0000230,val,3,2,2,0.9514331494244643
tut_top5_val_0000231,val,3,0,0,0.9876620297167139
tut_top5_val_0000232,val,3,0,0,0.9984123466278227
tut_top5_val_0000233,val,3,1,1,0.9991090678503488
tut_top5_val_0000234,val,3,1,1,0.5687721163805317
tut_top5_val_0000235,val,3,1,1,0.6476354935495087
tut_top5_val_0000236,val,3,0,0,0.8494187726418443
tut_top5_val_0000237,val,3,0,0,0.8246348171059725
tut_top5_val_0000238,val,3,0,2,0.7401674321878055
tut_top5_val_0000239,val,3,0,0,0.49284389862229433
tut_top5_val_0000240,val,3,1,1,0.959645057576504
tut_top5_val_0000241,val,3,1,1,0.9927377776988406
tut_top5_val_0000242,val,3,0,0,0.7474432372618175
tut_top5_val_0000243,val,3,2,2,0.9534924412953301
tut_top5_val_0000244,val,3,2,2,0.9515410670795164
tut_top5_val_0000245,val,3,0,0,0.7170474179519185
tut_top5_val_0000246,val,3,2,0,0.5063157183808175
tut_top5_val_0000247,val,3,1,1,0.9596879518470522
tut_top5_val_0000248,val,3,2,2,0.974779084861834
tut_top5_val_0000249,val,3,2,2,0.9865579174880638
tut_top5_val_0000250,val,3,0,0,0.8264372295053539
tut_top5_val_0000251,val,3,1,1,0.9980294530154278
tut_top5_val_0000252,val,3,1,1,0.8286092581755128
tut_top5_val_0000253,val,3,1,1,0.928040235202267
tut_top5_val_0000254,val,3,1,1,0.8608920921035578
tut_top5_val_0000255,val,3,2,0,0.7869573660129597
tut_top5_val_0000256,val,3,1,1,1.0
tut_top5_val_0000257,val,3,0,2,0.44570069441566773
tut_top5_val_0000258,val,3,0,0,0.9999257578882244
tut_top5_val_0000259,val,3,1,1,0.9919747262300355
tut_top5_val_0000260,val,3,0,0,0.7475908751212887
tut_top5_val_0000261,val,3,0,2,0.6071959146343919
tut_top5_val_0000262,val,3,2,2,0.9971972687550396
tut_top5_val_0000263,val,3,1,1,1.0
tut_top5_val_0000264,val,3,2,2,0.9881674323683687
tut_top5_val_0000265,val,3,1,1,0.9970778478682842
tut_top5_val_0000266,val,3,1,1,0.7673769707531047
tut_top5_val_0000267,val,3,1,1,0.9785254814172083
tut_top5_val_0000268,val,3,1,1,1.0
tut_top5_val_0000269,val,3,1,1,0.9728228006348809
tut_top5_val_0000270,val,3,0,0,0.9634047043536904
tut_top5_val_0000271,val,3,1,1,0.9923755294741803
tut_top5_val_0000272,val,3,1,1,0.5604882395123899
tut_top5_val_0000273,val,3,0,0,0.6324131681223766
tut_top5_val_0000274,val,3,1,1,0.9971530555300576
tut_top5_val_0000275,val,3,2,2,0.9629626024539852
tut_top5_val_0000276,val,3,0,0,0.9695150829275961
tut_top5_val_0000277,val,3,0,0,0.9398102212689414
tut_top5_val_0000278,val,3,0,0,0.9558319795264129
tut_top5_val_0000279,val,3,1,1,0.583210448565525
tut_top5_val_0000280,val,3,0,2,0.5054225777242933
tut_top5_val_0000281,val,3,2,2,0.9570926402248765
tut_top5_val_0000282,val,3,0,0,0.9438424861755117
tut_top5_val_0000283,val,3,1,1,0.6568902982265519
tut_top5_val_0000284,val,3,1,1,0.964246973920943
tut_top5_val_0000285,val,3,1,1,0.9352522714276248
tut_top5_val_0000286,val,3,0,0,0.8954665457599345
tut_top5_val_0000287,val,3,0,0,0.5622234834057412
tut_top5_val_0000288,val,3,0,0,0.9920167864058257
tut_top5_val_0000289,val,3,1,1,0.9963801897474178
tut_top5_val_0000290,val,3,2,2,0.9872474753153595
tut_top5_val_0000291,val,3,0,1,0.5041474416732851
tut_top5_val_0000292,val,3,0,0,0.9829941371924591
tut_top5_val_0000293,val,3,1,1,1.0
tut_top5_val_0000294,val,3,0,0,1.0
tut_top5_val_0000295,val,3,1,1,0.5492284250827562
tut_top5_val_0000296,val,3,1,1,0.9943460764587525
tut_top5_val_0000297,val,3,1,1,0.9660677889691958
tut_top5_val_0000298,val,3,0,0,0.9575942158628351
tut_top5_val_0000299,val,3,2,2,0.9863064765984743
tut_top5_val_0000300,val,3,0,0,0.9491742643484394
tut_top5_val_0000301,val,3,0,0,0.9176575994332797
tut_top5_val_0000302,val,3,0,0,0.9202294892068772
tut_top5_val_0000303,val,3,2,2,0.9628597470371062
tut_top5_val_0000304,val,3,1,0,0.789851546115018
tut_top5_val_0000305,val,3,2,2,0.9974429714997328
tut_top5_val_0000306,val,3,2,2,0.9808381929840593
tut_top5_val_0000307,val,3,0,0,1.0
tut_top5_val_0000308,val,3,2,2,0.9972999295138192
tut_top5_val_0000309,val,3,1,1,0.9984876210979547
tut_top5_val_0000310,val,3,1,1,0.9693452270510419
tut_top5_val_0000311,val,3,0,0,0.9124165552316229
tut_top5_val_0000312,val,3,2,2,0.9893068645912494
tut_top5_val_0000313,val,3,0,0,0.9386558399733199
tut_top5_val_0000314,val,3,1,1,0.6086973257396573
tut_top5_val_0000315,val,3,1,1,0.6480591449610977
tut_top5_val_0000316,val,3,0,0,0.9171756932028954
tut_top5_val_0000317,val,3,1,1,0.8385170194182195
tut_top5_val_0000318,val,3,1,1,0.7746147557779114
tut_top5_val_0000319,val,3,2,2,0.8247468215136723
tut_top5_val_0000320,val,3,1,1,0.7354692626944791
tut_top5_val_0000321,val,3,1,1,0.9995451602460343
tut_top5_val_0000322,val,3,2,2,0.781696046052146
tut_top5_val_0000323,val,3,1,1,0.9914988546024488
tut_top5_val_0000324,val,3,1,1,0.830594442458144
tut_top5_val_0000325,val,3,1,1,0.9885286634757822
tut_top5_val_0000326,val,3,0,0,0.8240759225762795
tut_top5_val_0000327,val,3,1,1,0.8322357989834867
tut_top5_val_0000328,val,3,0,0,0.7369677232917262
tut_top5_val_0000329,val,3,1,1,0.9448961518151706
tut_top5_val_0000330,val,3,1,1,1.0
tut_top5_val_0000331,val,3,1,1,0.9954583611786069
tut_top5_val_0000332,val,3,1,1,0.998496340341172
tut_top5_val_0000333,val,3,0,0,0.6599727183749233
tut_top5_val_0000334,val,3,0,0,0.9910588780327808
tut_top5_val_0000335,val,3,0,1,0.8941784877499014
tut_top5_val_0000336,val,3,1,1,0.9788508976571637
tut_top5_val_0000337,val,3,1,1,0.7824799687658781
tut_top5_val_0000338,val,3,1,1,0.9683718345852915
tut_top5_val_0000339,val,3,1,1,0.9665091666056504
tut_top5_val_0000340,val,3,0,0,0.5791027726491251
tut_top5_val_0000341,val,3,0,0,0.9283703974264037
tut_top5_val_0000342,val,3,1,1,0.9886967989889683
tut_top5_val_0000343,val,3,2,2,0.9602722271670359
tut_top5_val_0000344,val,3,1,1,0.9178688208481779
tut_top5_val_0000345,val,3,1,1,0.8197525611892119
tut_top5_val_0000346,val,3,2,2,0.8272765337872725
tut_top5_val_0000347,val,3,1,1,0.9758121270789153
tut_top5_val_0000348,val,3,1,1,1.0
tut_top5_val_0000349,val,3,0,0,0.8681895051186729
tut_top5_val_0000350,val,3,0,0,0.9683852327568374
tut_top5_val_0000351,val,3,1,1,0.9632230460009779
tut_top5_val_0000352,val,3,2,2,0.9986666999402147
tut_top5_val_0000353,val,3,1,1,0.8261049878720128
tut_top5_val_0000354,val,3,1,1,0.9223362481146706
tut_top5_val_0000355,val,3,0,0,0.9718231498650227
tut_top5_val_0000356,val,3,0,0,0.7846708994983276
tut_top5_val_0000357,val,3,1,1,0.9338307744087472
tut_top5_val_0000358,val,3,2,2,0.9932439314353043
tut_top5_val_0000359,val,3,1,1,0.5074169535948068
tut_top5_val_0000360,val,3,0,0,0.9061458830407488
tut_top5_val_0000361,val,3,1,1,0.9411417732437285
tut_top5_val_0000362,val,3,2,2,0.9677134367715776
tut_top5_val_0000363,val,3,2,2,0.9885478359519269
tut_top5_val_0000364,val,3,1,1,0.8092621146966188
tut_top5_val_0000365,val,3,1,1,0.9595044347105602
tut_top5_val_0000366,val,3,0,0,0.8333146714885951
tut_top5_val_0000367,val,3,1,1,0.8708400042430549
tut_top5_val_0000368,val,3,1,1,0.9899447336264293
tut_top5_val_0000369,val,3,1,1,0.8220812681891758
tut_top5_val_0000370,val,3,1,1,0.7159272687921694
tut_top5_val_0000371,val,3,0,0,0.8591026256034262
tut_top5_val_0000372,val,3,1,1,0.9959904307631379
tut_top5_val_0000373,val,3,0,0,0.5529246267662301
tut_top5_val_0000374,val,3,0,0,0.8910681734757138
tut_top5_val_0000375,val,3,0,0,0.8865166736914023
tut_top5_val_0000376,val,3,1,1,0.8598058800682761
tut_top5_val_0000377,val,3,2,2,0.9860295134243549
tut_top5_val_0000378,val,3,1,1,0.7792386253826966
tut_top5_val_0000379,val,3,0,2,0.5064808338062725
tut_top5_val_0000380,val,3,0,0,0.6140286900467333
tut_top5_val_0000381,val,3,0,0,0.9999257578882244
tut_top5_val_0000382,val,3,2,2,0.9570926402248765
tut_top5_val_0000383,val,3,1,1,0.9271621241051996
tut_top5_val_0000384,val,3,1,1,0.9101726014201742
tut_top5_val_0000385,val,3,0,0,0.5113723886418228
tut_top5_val_0000386,val,3,1,1,0.914486778742324
tut_top5_val_0000387,val,3,1,1,0.942336945656364
tut_top5_val_0000388,val,3,1,1,0.9605066792448601
tut_top5_val_0000389,val,3,1,1,0.92850732944984
tut_top5_val_0000390,val,3,0,0,0.9229731007100789
tut_top5_val_0000391,val,3,1,1,0.9617586874941302
tut_top5_val_0000392,val,3,0,0,0.9245972824591101
tut_top5_val_0000393,val,3,1,1,0.9253863839938704
tut_top5_val_0000394,val,3,1,1,0.7826409513730169
tut_top5_val_0000395,val,3,1,1,0.9975985723130737
tut_top5_val_0000396,val,3,0,0,0.4890279529475379
tut_top5_val_0000397,val,3,0,0,0.9706770673546664
tut_top5_val_0000398,val,3,0,0,0.8670977636185377
tut_top5_val_0000399,val,3,0,0,0.9978269617706238
tut_top5_val_0000400,val,3,1,1,0.790813459417839
tut_top5_val_0000401,val,3,2,2,0.9619986529243328
tut_top5_val_0000402,val,3,1,1,0.9996482921672941
tut_top5_val_0000403,val,3,0,0,0.7439994672671294
tut_top5_val_0000404,val,3,2,0,0.6165311443516948
tut_top5_val_0000405,val,3,0,0,0.9448977864117323
tut_top5_val_0000406,val,3,0,0,0.47632483487783206
tut_top5_val_0000407,val,3,1,1,0.9795025273658432
tut_top5_val_0000408,val,3,0,0,0.7663906661475578
tut_top5_test_0000000,test,3,2,2,0.9099297505100623
tut_top5_test_0000001,test,3,0,0,0.9872575664610699
tut_top5_test_0000002,test,3,1,1,0.998857312176202
tut_top5_test_0000003,test,3,2,2,0.5678677501873011
tut_top5_test_0000004,test,3,2,2,0.9417704361051478
tut_top5_test_0000005,test,3,1,1,0.9796242189023033
tut_top5_test_0000006,test,3,0,0,0.6958605391589375
tut_top5_test_0000007,test,3,1,1,0.8489210186391467
tut_top5_test_0000008,test,3,2,2,0.9556120379558708
tut_top5_test_0000009,test,3,0,0,0.7832391381531977
tut_top5_test_0000010,test,3,1,1,0.9817216059329327
tut_top5_test_0000011,test,3,2,2,0.9652722271670359
tut_top5_test_0000012,test,3,0,0,0.7593880241950345
tut_top5_test_0000013,test,3,2,2,0.960092153729814
tut_top5_test_0000014,test,3,1,1,0.9919509784231696
tut_top5_test_0000015,test,3,1,1,0.845257906994003
tut_top5_test_0000016,test,3,0,0,0.7285435686711792
tut_top5_test_0000017,test,3,1,1,0.9341928232813944
tut_top5_test_0000018,test,3,1,0,0.8235035390634011
tut_top5_test_0000019,test,3,1,1,0.8329648697812133
tut_top5_test_0000020,test,3,0,0,0.9924614781927396
tut_top5_test_0000021,test,3,1,1,0.9599446603262791
tut_top5_test_0000022,test,3,2,2,0.8901110891224674
tut_top5_test_0000023,test,3,2,2,0.662827735038237
tut_top5_test_0000024,test,3,2,2,0.9935709328789522
tut_top5_test_0000025,test,3,0,0,0.9999257578882244
tut_top5_test_0000026,test,3,1,1,0.652571415493699
tut_top5_test_0000027,test,3,2,2,0.9980053052788179
tut_top5_test_0000028,test,3,1,1,0.7693172601661888
tut_top5_test_0000029,test,3,1,1,0.9981359132652489
tut_top5_test_0000030,test,3,2,2,0.9943452414480726
tut_top5_test_0000031,test,3,0,0,0.9841569868513822
tut_top5_test_0000032,test,3,0,0,0.9437969586983498
tut_top5_test_0000033,test,3,2,2,0.953681438958974
tut_top5_test_0000034,test,3,2,2,0.8341945270394366
tut_top5_test_0000035,test,3,1,1,0.9785584431656469
tut_top5_test_0000036,test,3,0,0,0.9918968888665708
tut_top5_test_0000037,test,3,0,0,0.9237968876774404
tut_top5_test_0000038,test,3,0,0,0.9950470214088487
tut_top5_test_0000039,test,3,0,0,0.9930512631344712
tut_top5_test_0000040,test,3,2,2,0.8439718514006297
tut_top5_test_0000041,test,3,0,0,0.7463520420190223
tut_top5_test_0000042,test,3,1,1,0.8823998329755878
tut_top5_test_0000043,test,3,2,2,0.7787800258405342
tut_top5_test_0000044,test,3,2,2,0.9294124766142866
tut_top5_test_0000045,test,3,0,0,0.6216531189545116
tut_top5_test_0000046,test,3,0,0,0.9865305035500732
tut_top5_test_0000047,test,3,0,0,0.6963178392688356
tut_top5_test_0000048,test,3,0,2,0.4347003859915142
tut_top5_test_0000049,test,3,0,0,0.6022878210189071
tut_top5_test_0000050,test,3,2,2,0.6035983869052101
tut_top5_test_0000051,test,3,1,1,0.9833302766734278
tut_top5_test_0000052,test,3,1,1,0.9984103416814366
tut_top5_test_0000053,test,3,2,2,0.9889226825824641
tut_top5_test_0000054,test,3,0,0,0.7265765416352491
tut_top5_test_0000055,test,3,1,1,0.9982059978846695
tut_top5_test_0000056,test,3,1,1,0.9942734954651731
tut_top5_test_0000057,test,3,0,0,0.7487301379309144
tut_top5_test_0000058,test,3,1,1,0.787175298173879
tut_top5_test_0000059,test,3,0,0,0.8029549192718496
tut_top5_test_0000060,test,3,2,2,0.9865040771508865
tut_top5_test_0000061,test,3,1,1,0.958922400355938
tut_top5_test_0000062,test,3,0,0,0.9999257578882244
tut_top5_test_0000063,test,3,2,2,0.6644244404659463
tut_top5_test_0000064,test,3,1,1,0.9980294530154278
tut_top5_test_0000065,test,3,1,1,0.9608882521291727
tut_top5_test_0000066,test,3,0,0,0.9931156279600095
tut_top5_test_0000067,test,3,2,2,0.5574205242810321
tut_top5_test_0000068,test,3,1,1,0.7376743381640385
tut_top5_test_0000069,test,3,1,1,0.9823294891364668
tut_top5_test_0000070,test,3,0,0,0.6271106486437965
tut_top5_test_0000071,test,3,0,1,0.5347147837840448
tut_top5_test_0000072,test,3,1,1,0.9454672246599614
tut_top5_test_0000073,test,3,1,1,0.6052789450194327
tut_top5_test_0000074,test,3,0,0,0.9967647822784683
tut_top5_test_0000075,test,3,2,1,0.5964211039541706
tut_top5_test_0000076,test,3,1,1,0.995202491244804
tut_top5_test_0000077,test,3,1,1,0.9958138515520684
tut_top5_test_0000078,test,3,1,1,0.8846594199533103
tut_top5_test_0000079,test,3,1,1,0.9795247969728236
tut_top5_test_0000080,test,3,0,0,0.8935986859262341
tut_top5_test_0000081,test,3,1,2,0.5868302713807526
tut_top5_test_0000082,test,3,0,0,0.759157597083144
tut_top5_test_0000083,test,3,1,1,1.0
tut_top5_test_0000084,test,3,1,1,0.7881688795741465
tut_top5_test_0000085,test,3,2,0,0.7046450336388523
tut_top5_test_0000086,test,3,2,2,0.7730223851205638
tut_top5_test_0000087,test,3,0,1,0.5617772293978743
tut_top5_test_0000088,test,3,1,1,0.9884653354561235
tut_top5_test_0000089,test,3,1,1,0.851405147231513
tut_top5_test_0000090,test,3,1,1,0.9750807087151572
tut_top5_test_0000091,test,3,1,1,0.9969042563873187
tut_top5_test_0000092,test,3,1,1,0.9685949189653337
tut_top5_test_0000093,test,3,1,1,0.9187048401458471
tut_top5_test_0000094,test,3,0,0,0.9691461569588486
tut_top5_test_0000095,test,3,1,1,0.9961020497649252
tut_top5_test_0000096,test,3,2,2,0.9972929993583887
tut_top5_test_0000097,test,3,1,1,0.9980294530154278
tut_top5_test_0000098,test,3,1,1,0.9413375732504865
tut_top5_test_0000099,test,3,0,0,0.6407454230050831
tut_top5_test_0000100,test,3,0,0,0.9859724037445272
tut_top5_test_0000101,test,3,0,0,0.9739674915853902
tut_top5_test_0000102,test,3,1,1,0.460248666688877
tut_top5_test_0000103,test,3,1,1,0.9500823393574163
tut_top5_test_0000104,test,3,1,1,0.8299101476858699
tut_top5_test_0000105,test,3,1,1,0.9362723429912286
tut_top5_test_0000106,test,3,1,1,0.7007681293947634
tut_top5_test_0000107,test,3,1,1,0.8202472355161673
tut_top5_test_0000108,test,3,0,0,0.8315916696537136
tut_top5_test_0000109,test,3,0,0,0.8461725312107704
tut_top5_test_0000110,test,3,0,0,0.9740693028261953
tut_top5_test_0000111,test,3,1,1,0.9460629099512363
tut_top5_test_0000112,test,3,2,2,0.996166280888574
tut_top5_test_0000113,test,3,0,0,0.9869560367615102
tut_top5_test_0000114,test,3,0,0,0.9582964143552863
tut_top5_test_0000115,test,3,0,0,0.8476532969547695
tut_top5_test_0000116,test,3,2,2,0.9530205145595645
tut_top5_test_0000117,test,3,1,1,0.72695370260368
tut_top5_test_0000118,test,3,1,1,0.845356029127576
tut_top5_test_0000119,test,3,0,0,1.0
tut_top5_test_0000120,test,3,1,1,0.9918848521329212
tut_top5_test_0000121,test,3,0,0,0.9706904480263954
tut_top5_test_0000122,test,3,2,2,0.859673791923301
tut_top5_test_0000123,test,3,1,1,0.9757060854498707
tut_top5_test_0000124,test,3,0,1,0.6049518542251409
tut_top5_test_0000125,test,3,2,2,0.8971369671166032
tut_top5_test_0000126,test,3,1,1,0.9059561427574265
tut_top5_test_0000127,test,3,1,1,0.5987064738347945
tut_top5_test_0000128,test,3,1,1,0.9950377798707136
tut_top5_test_0000129,test,3,0,0,0.7772393305695074
tut_top5_test_0000130,test,3,1,1,0.998496340341172
tut_top5_test_0000131,test,3,0,0,0.7641223858170676
tut_top5_test_0000132,test,3,2,2,0.985266484903308
tut_top5_test_0000133,test,3,2,2,0.7960344878001028
tut_top5_test_0000134,test,3,1,1,0.9995109641489732
tut_top5_test_0000135,test,3,2,2,0.9536773592894029
tut_top5_test_0000136,test,3,0,0,0.5850801824934292
tut_top5_test_0000137,test,3,0,0,0.9999257578882244
tut_top5_test_0000138,test,3,2,2,0.9700921537298138
tut_top5_test_0000139,test,3,1,0,0.5302114510473167
tut_top5_test_0000140,test,3,2,2,0.9731896948695891
tut_top5_test_0000141,test,3,1,1,0.9992163970998327
tut_top5_test_0000142,test,3,2,2,0.9740346732642958
tut_top5_test_0000143,test,3,0,0,0.7386019724877912
tut_top5_test_0000144,test,3,0,0,0.8632131026504658
tut_top5_test_0000145,test,3,0,0,0.9879899784584464
tut_top5_test_0000146,test,3,1,1,0.9843767461323626
tut_top5_test_0000147,test,3,1,1,0.9758955382862851
tut_top5_test_0000148,test,3,0,2,0.9533457579277114
tut_top5_test_0000149,test,3,1,1,0.9710015051343132
tut_top5_test_0000150,test,3,1,1,0.9994385311502783
tut_top5_test_0000151,test,3,1,1,0.9093066947030941
tut_top5_test_0000152,test,3,2,2,0.5541446686559287
tut_top5_test_0000153,test,3,1,1,0.9575809791319401
tut_top5_test_0000154,test,3,1,1,0.9996482921672941
tut_top5_test_0000155,test,3,2,2,0.9868959361568149
tut_top5_test_0000156,test,3,0,0,0.9263508142539806
tut_top5_test_0000157,test,3,2,2,0.8780059116320708
tut_top5_test_0000158,test,3,0,0,0.8625345058564178
tut_top5_test_0000159,test,3,2,2,0.9827245171780769
tut_top5_test_0000160,test,3,1,1,0.9942589009040032
tut_top5_test_0000161,test,3,1,1,0.9971730382293762
tut_top5_test_0000162,test,3,0,1,0.6113633849433497
tut_top5_test_0000163,test,3,0,0,0.5998109673601246
tut_top5_test_0000164,test,3,1,1,0.854200443447796
tut_top5_test_0000165,test,3,0,0,0.938458343443353
tut_top5_test_0000166,test,3,0,0,0.854965892287604
tut_top5_test_0000167,test,3,1,1,0.9189323193627713
tut_top5_test_0000168,test,3,2,2,0.9861986838579948
tut_top5_test_0000169,test,3,0,0,0.9598010324143651
tut_top5_test_0000170,test,3,0,0,0.9999257578882244
tut_top5_test_0000171,test,3,1,1,0.9360335275659566
tut_top5_test_0000172,test,3,1,1,0.6729600706366183
tut_top5_test_0000173,test,3,1,1,0.9573038363662395
tut_top5_test_0000174,test,3,0,0,0.9026757341965879
tut_top5_test_0000175,test,3,1,1,0.9895485677035565
tut_top5_test_0000176,test,3,0,0,0.8473088122161198
tut_top5_test_0000177,test,3,1,1,0.983195848832606
tut_top5_test_0000178,test,3,1,1,0.9531201103649494
tut_top5_test_0000179,test,3,0,0,0.44660695935543016
tut_top5_test_0000180,test,3,2,2,0.9850719653881801
tut_top5_test_0000181,test,3,1,1,0.9718900723651649
tut_top5_test_0000182,test,3,2,2,0.9839344874814033
tut_top5_test_0000183,test,3,0,0,1.0
tut_top5_test_0000184,test,3,2,2,0.5019574899535644
tut_top5_test_0000185,test,3,0,0,0.9484527369152757
tut_top5_test_0000186,test,3,2,2,0.6944008011910704
tut_top5_test_0000187,test,3,1,1,0.9856598716656184
tut_top5_test_0000188,test,3,2,2,0.8476199638526054
tut_top5_test_0000189,test,3,2,2,0.928413341237488
tut_top5_test_0000190,test,3,0,2,0.54361078311193
tut_top5_test_0000191,test,3,0,0,0.8630540620807479
tut_top5_test_0000192,test,3,0,0,0.9818255440677949
tut_top5_test_0000193,test,3,0,0,0.856353196692252
tut_top5_test_0000194,test,3,1,1,0.8114291317165921
tut_top5_test_0000195,test,3,0,0,0.9999257578882244
tut_top5_test_0000196,test,3,2,2,0.9969680294123846
tut_top5_test_0000197,test,3,2,2,0.5431549176391928
tut_top5_test_0000198,test,3,2,2,0.8436137879879934
tut_top5_test_0000199,test,3,2,2,0.9138715933435598
tut_top5_test_0000200,test,3,0,0,0.9221095979750875
tut_top5_test_0000201,test,3,0,0,0.9127593533813352
tut_top5_test_0000202,test,3,0,0,0.8387410819356902
tut_top5_test_0000203,test,3,1,1,0.9809515575651818
tut_top5_test_0000204,test,3,1,1,0.9942734954651731
tut_top5_test_0000205,test,3,1,1,0.9945629667827589
tut_top5_test_0000206,test,3,1,1,0.9727551707485561
tut_top5_test_0000207,test,3,1,1,0.9823223965878773
tut_top5_test_0000208,test,3,0,1,0.6492853093223461
tut_top5_test_0000209,test,3,1,1,0.9765709412004777
tut_top5_test_0000210,test,3,0,1,0.5030388085518911
tut_top5_test_0000211,test,3,0,0,0.9983174064741229
tut_top5_test_0000212,test,3,1,1,0.9737421848931122
tut_top5_test_0000213,test,3,0,0,0.5520813195202144
tut_top5_test_0000214,test,3,1,1,0.9010823192753082
tut_top5_test_0000215,test,3,1,1,0.9808691223385234
tut_top5_test_0000216,test,3,1,1,0.9930294530154278
tut_top5_test_0000217,test,3,1,1,0.9923301001035313
tut_top5_test_0000218,test,3,2,2,0.9223003324636465
tut_top5_test_0000219,test,3,2,2,0.9707499289057889
tut_top5_test_0000220,test,3,1,1,0.9525814807444877
tut_top5_test_0000221,test,3,1,1,0.9162375869510341
tut_top5_test_0000222,test,3,1,1,0.9854945316971248
tut_top5_test_0000223,test,3,1,1,0.982431039704442
tut_top5_test_0000224,test,3,1,1,1.0
tut_top5_test_0000225,test,3,1,1,0.8660506059905905
tut_top5_test_0000226,test,3,2,2,0.982635294793742
tut_top5_test_0000227,test,3,1,1,0.9833102314101885
tut_top5_test_0000228,test,3,1,1,0.9759145570038098
tut_top5_test_0000229,test,3,0,0,0.947608431677544
tut_top5_test_0000230,test,3,1,1,1.0
tut_top5_test_0000231,test,3,2,2,0.9876343606125346
tut_top5_test_0000232,test,3,1,1,0.9997701619499427
tut_top5_test_0000233,test,3,1,1,0.735088541605135
tut_top5_test_0000234,test,3,2,2,0.9925022055128823
tut_top5_test_0000235,test,3,1,1,0.9871730382293762
tut_top5_test_0000236,test,3,1,1,0.9502812640869608
tut_top5_test_0000237,test,3,0,0,0.5746452522785497
tut_top5_test_0000238,test,3,1,1,0.8295997784016893
tut_top5_test_0000239,test,3,2,2,0.9401089515442514
tut_top5_test_0000240,test,3,2,2,0.8478694873890666
tut_top5_test_0000241,test,3,1,1,0.993975417008996
tut_top5_test_0000242,test,3,2,2,0.9361940108308311
tut_top5_test_0000243,test,3,0,0,0.9899694307144697
tut_top5_test_0000244,test,3,1,1,0.9988266485191679
tut_top5_test_0000245,test,3,2,2,0.9688414464159265
tut_top5_test_0000246,test,3,2,2,0.8098819253523264
tut_top5_test_0000247,test,3,2,2,0.925984840106358
tut_top5_test_0000248,test,3,2,2,0.9417430190118496
tut_top5_test_0000249,test,3,1,1,0.9921993927996716
tut_top5_test_0000250,test,3,0,0,0.986057328825193
tut_top5_test_0000251,test,3,1,1,0.9223380938540343
tut_top5_test_0000252,test,3,0,0,0.9744567951876144
tut_top5_test_0000253,test,3,0,0,0.8222580425273204
tut_top5_test_0000254,test,3,1,1,0.985788923554704
tut_top5_test_0000255,test,3,2,2,0.9763920425407214
tut_top5_test_0000256,test,3,1,1,0.7770431603273598
tut_top5_test_0000257,test,3,0,0,0.9927743015902508
tut_top5_test_0000258,test,3,0,0,0.5186814862910348
tut_top5_test_0000259,test,3,0,0,0.9039850914633601
tut_top5_test_0000260,test,3,0,0,0.9999257578882244
tut_top5_test_0000261,test,3,1,1,1.0
tut_top5_test_0000262,test,3,1,1,0.8803866267301622
tut_top5_test_0000263,test,3,2,2,0.591149386327037
tut_top5_test_0000264,test,3,1,1,0.8702579659828321
tut_top5_test_0000265,test,3,0,0,0.8595975818910891
tut_top5_test_0000266,test,3,0,0,0.9911011412410276
tut_top5_test_0000267,test,3,1,1,0.6609555262723181
tut_top5_test_0000268,test,3,1,1,0.9825454308515524
tut_top5_test_0000269,test,3,1,1,0.996388174807198
tut_top5_test_0000270,test,3,0,0,0.7359015142117157
tut_top5_test_0000271,test,3,0,0,0.6681867648553489
tut_top5_test_0000272,test,3,1,1,0.9958202843861663
tut_top5_test_0000273,test,3,1,1,0.9979761598346123
tut_top5_test_0000274,test,3,1,1,0.9980294530154278
tut_top5_test_0000275,test,3,0,0,0.9999257578882244
tut_top5_test_0000276,test,3,2,2,0.8418983961276776
tut_top5_test_0000277,test,3,1,1,0.9965450819672131
tut_top5_test_0000278,test,3,1,1,0.8435678467301977
tut_top5_test_0000279,test,3,0,0,0.9999257578882244
tut_top5_test_0000280,test,3,1,1,0.9993112808936074
tut_top5_test_0000281,test,3,0,2,0.7437242008495485
tut_top5_test_0000282,test,3,2,2,0.864729097691903
tut_top5_test_0000283,test,3,1,1,0.5612665818435982
tut_top5_test_0000284,test,3,0,0,0.9444025353348846
tut_top5_test_0000285,test,3,0,0,0.9115499651698797
tut_top5_test_0000286,test,3,1,1,0.9907345218536514
tut_top5_test_0000287,test,3,1,0,0.5326122375841217
tut_top5_test_0000288,test,3,0,0,0.792612312044732
tut_top5_test_0000289,test,3,2,2,0.9437199451708499
tut_top5_test_0000290,test,3,1,1,0.6995119364135403
tut_top5_test_0000291,test,3,2,2,0.992248118230649
tut_top5_test_0000292,test,3,1,1,0.9245400818290903
tut_top5_test_0000293,test,3,1,1,0.99428388649634
tut_top5_test_0000294,test,3,1,1,0.9895485677035565
tut_top5_test_0000295,test,3,0,0,0.9994957632411995
tut_top5_test_0000296,test,3,0,0,0.9734472947296331
tut_top5_test_0000297,test,3,1,1,0.986259316495008
tut_top5_test_0000298,test,3,1,1,0.9714268823742855
tut_top5_test_0000299,test,3,0,0,0.9917124975234036
tut_top5_test_0000300,test,3,0,0,0.5347206476232175
tut_top5_test_0000301,test,3,0,0,0.7585087024729663
tut_top5_test_0000302,test,3,1,1,0.9980416375904986
tut_top5_test_0000303,test,3,1,1,0.7514750672824247
tut_top5_test_0000304,test,3,2,2,1.0
tut_top5_test_0000305,test,3,0,0,0.9978058550435484
tut_top5_test_0000306,test,3,2,2,0.953681438958974
tut_top5_test_0000307,test,3,1,1,0.9807633208054218
tut_top5_test_0000308,test,3,0,1,0.6629499391453862
tut_top5_test_0000309,test,3,0,0,0.990949137417415
tut_top5_test_0000310,test,3,2,2,0.9265783128959824
tut_top5_test_0000311,test,3,1,1,0.9980294530154278
tut_top5_test_0000312,test,3,0,0,0.852455491501004
tut_top5_test_0000313,test,3,0,0,0.8628716008645912
tut_top5_test_0000314,test,3,0,0,0.9994957632411995
tut_top5_test_0000315,test,3,0,0,0.9936351809963958
tut_top5_test_0000316,test,3,1,1,0.9463845216862427
tut_top5_test_0000317,test,3,1,1,0.9747423365104679
tut_top5_test_0000318,test,3,2,2,0.977664595568385
tut_top5_test_0000319,test,3,1,1,0.9442117380700562
tut_top5_test_0000320,test,3,0,2,0.5008967692696646
tut_top5_test_0000321,test,3,0,0,0.8868107074029499
tut_top5_test_0000322,test,3,0,0,0.9985207593177619
tut_top5_test_0000323,test,3,1,1,0.6240772839149458
tut_top5_test_0000324,test,3,1,0,0.4865292719044642
tut_top5_test_0000325,test,3,1,1,0.9907342512659504
tut_top5_test_0000326,test,3,1,1,0.7445489178889038
tut_top5_test_0000327,test,3,1,1,0.8692731689265879
tut_top5_test_0000328,test,3,2,2,0.8589456991140476
tut_top5_test_0000329,test,3,1,1,0.8857835685986315
tut_top5_test_0000330,test,3,0,0,0.9998235491686616
tut_top5_test_0000331,test,3,2,2,0.996426992620218
tut_top5_test_0000332,test,3,1,1,0.6510912578666093
tut_top5_test_0000333,test,3,0,0,0.9502518254288939
tut_top5_test_0000334,test,3,1,1,0.7310116936002852
tut_top5_test_0000335,test,3,0,0,0.807101000573952
tut_top5_test_0000336,test,3,1,1,0.9723634321617929
tut_top5_test_0000337,test,3,0,0,0.6569763151962807
tut_top5_test_0000338,test,3,0,0,0.9757599994721273
tut_top5_test_0000339,test,3,2,2,0.913183554788375
tut_top5_test_0000340,test,3,0,0,0.8639985162325408
tut_top5_test_0000341,test,3,2,2,0.954125165316382
tut_top5_test_0000342,test,3,1,1,0.9927489451094657
tut_top5_test_0000343,test,3,1,1,0.951441826528524
tut_top5_test_0000344,test,3,0,0,0.6408627124575605
tut_top5_test_0000345,test,3,1,1,0.9576315395769729
tut_top5_test_0000346,test,3,0,0,0.7706166852806505
tut_top5_test_0000347,test,3,0,0,0.942967623425277
tut_top5_test_0000348,test,3,1,1,0.9348015861935416
tut_top5_test_0000349,test,3,0,0,0.7610832275127274
tut_top5_test_0000350,test,3,0,0,0.5383171510160718
tut_top5_test_0000351,test,3,2,0,0.6140093700993088
tut_top5_test_0000352,test,3,1,1,0.7661744280505443
tut_top5_test_0000353,test,3,2,2,0.9749953534721175
tut_top5_test_0000354,test,3,1,1,0.8903276491836287
tut_top5_test_0000355,test,3,0,0,0.8666778382841257
tut_top5_test_0000356,test,3,2,2,0.9444220607623506
tut_top5_test_0000357,test,3,1,1,0.7256362862238226
tut_top5_test_0000358,test,3,0,0,0.9944320251773118
tut_top5_test_0000359,test,3,1,0,0.9041299245105866
tut_top5_test_0000360,test,3,0,2,0.7301211421986696
tut_top5_test_0000361,test,3,2,2,0.7163768966501851
tut_top5_test_0000362,test,3,2,2,0.9684407331933564
tut_top5_test_0000363,test,3,1,1,0.9711488362288268
tut_top5_test_0000364,test,3,1,1,0.7714155250684422
tut_top5_test_0000365,test,3,1,1,0.9991090678503488
tut_top5_test_0000366,test,3,2,2,0.9411913757124724
tut_top5_test_0000367,test,3,2,2,0.9695016821309378
tut_top5_test_0000368,test,3,1,1,0.9874999347966812
tut_top5_test_0000369,test,3,0,0,0.9432364898641866
tut_top5_test_0000370,test,3,1,1,0.9777907063135164
tut_top5_test_0000371,test,3,2,2,0.9150241385490254
tut_top5_test_0000372,test,3,1,1,0.9752869480182091
tut_top5_test_0000373,test,3,1,1,0.8660366188358196
tut_top5_test_0000374,test,3,0,0,0.872630895884746
tut_top5_test_0000375,test,3,1,1,0.995202491244804
tut_top5_test_0000376,test,3,0,0,0.981747331989136
tut_top5_test_0000377,test,3,0,0,0.9999257578882244
tut_top5_test_0000378,test,3,2,2,0.9923793121663461
tut_top5_test_0000379,test,3,0,2,0.6234106870109963
tut_top5_test_0000380,test,3,1,1,0.7794420744257874
tut_top5_test_0000381,test,3,1,1,0.9982059978846695
tut_top5_test_0000382,test,3,2,2,0.9851483072249022
tut_top5_test_0000383,test,3,0,0,0.8707462874250538
tut_top5_test_0000384,test,3,0,0,0.9149992285727709
tut_top5_test_0000385,test,3,1,1,0.8097272759805818
tut_top5_test_0000386,test,3,0,0,0.5571828281134215
tut_top5_test_0000387,test,3,1,1,0.9913457563410956
tut_top5_test_0000388,test,3,0,0,0.9873362361295205
tut_top5_test_0000389,test,3,2,2,0.9779954572216605
tut_top5_test_0000390,test,3,0,0,0.8300686736559209
tut_top5_test_0000391,test,3,1,1,0.9361510674013163
tut_top5_test_0000392,test,3,0,0,0.9999257578882244
tut_top5_test_0000393,test,3,1,1,0.988479647021715
tut_top5_test_0000394,test,3,1,1,0.9461941299986996
tut_top5_test_0000395,test,3,1,1,0.9768490918668945
tut_top5_test_0000396,test,3,0,0,0.907163313889825
tut_top5_test_0000397,test,3,2,2,0.9716365622122413
tut_top5_test_0000398,test,3,1,1,0.902554243139654
tut_top5_test_0000399,test,3,2,2,0.8026304339758361
tut_top5_train_0000000,train,4,3,3,1.0
tut_top5_train_0000001,train,4,2,2,1.0
tut_top5_train_0000002,train,4,1,1,1.0
tut_top5_train_0000003,train,4,1,1,1.0
tut_top5_train_0000004,train,4,2,2,1.0
tut_top5_train_0000005,train,4,2,2,1.0
tut_top5_train_0000006,train,4,2,2,1.0
tut_top5_train_0000007,train,4,3,3,1.0
tut_top5_train_0000008,train,4,2,2,1.0
tut_top5_train_0000009,train,4,1,1,1.0
tut_top5_train_0000010,train,4,0,0,1.0
tut_top5_train_0000011,train,4,2,2,1.0
tut_top5_train_0000012,train,4,1,1,1.0
tut_top5_train_0000013,train,4,0,0,1.0
tut_top5_train_0000014,train,4,2,2,1.0
tut_top5_train_0000015,train,4,2,2,1.0
tut_top5_train_0000016,train,4,0,0,1.0
tut_top5_train_0000017,train,4,1,1,1.0
tut_top5_train_0000018,train,4,1,1,1.0
tut_top5_train_0000019,train,4,2,2,1.0
tut_top5_train_0000020,train,4,3,3,1.0
tut_top5_train_0000021,train,4,3,3,1.0
tut_top5_train_0000022,train,4,2,2,1.0
tut_top5_train_0000023,train,4,2,2,1.0
tut_top5_train_0000024,train,4,3,3,1.0
tut_top5_train_0000025,train,4,1,1,1.0
tut_top5_train_0000026,train,4,1,1,1.0
tut_top5_train_0000027,train,4,0,0,1.0
tut_top5_train_0000028,train,4,0,0,1.0
tut_top5_train_0000029,train,4,2,2,1.0
tut_top5_train_0000030,train,4,2,2,1.0
tut_top5_train_0000031,train,4,1,1,1.0
tut_top5_train_0000032,train,4,1,1,1.0
tut_top5_train_0000033,train,4,2,2,1.0
tut_top5_train_0000034,train,4,0,0,1.0
tut_top5_train_0000035,train,4,0,0,1.0
tut_top5_train_0000036,train,4,1,1,1.0
tut_top5_train_0000037,train,4,2,2,1.0
tut_top5_train_0000038,train,4,2,2,1.0
tut_top5_train_0000039,train,4,0,0,1.0
tut_top5_train_0000040,train,4,1,1,1.0
tut_top5_train_0000041,train,4,1,1,1.0
tut_top5_train_0000042,train,4,2,2,1.0
tut_top5_train_0000043,train,4,0,0,1.0
tut_top5_train_0000044,train,4,2,2,1.0
tut_top5_train_0000045,train,4,3,3,1.0
tut_top5_train_0000046,train,4,2,2,1.0
tut_top5_train_0000047,train,4,1,1,1.0
tut_top5_train_0000048,train,4,2,2,1.0
tut_top5_train_0000049,train,4,3,3,1.0
tut_top5_train_0000050,train,4,0,0,1.0
tut_top5_train_0000051,train,4,2,2,1.0
tut_top5_train_0000052,train,4,2,2,1.0
tut_top5_train_0000053,train,4,0,0,1.0
tut_top5_train_0000054,train,4,1,1,1.0
tut_top5_train_0000055,train,4,2,2,1.0
tut_top5_train_0000056,train,4,2,2,1.0
tut_top5_train_0000057,train,4,2,2,1.0
tut_top5_train_0000058,train,4,0,0,1.0
tut_top5_train_0000059,train,4,0,0,1.0
tut_top5_train_0000060,train,4,3,3,1.0
tut_top5_train_0000061,train,4,0,0,1.0
tut_top5_train_0000062,train,4,3,3,1.0
tut_top5_train_0000063,train,4,2,2,1.0
tut_top5_train_0000064,train,4,1,1,1.0
tut_top5_train_0000065,train,4,3,3,1.0
tut_top5_train_0000066,train,4,0,0,1.0
tut_top5_train_0000067,train,4,2,2,1.0
tut_top5_train_0000068,train,4,0,0,1.0
tut_top5_train_0000069,train,4,0,0,1.0
tut_top5_train_0000070,train,4,3,3,1.0
tut_top5_train_0000071,train,4,2,2,1.0
tut_top5_train_0000072,train,4,2,2,1.0
tut_top5_train_0000073,train,4,2,2,1.0
tut_top5_train_0000074,train,4,2,2,1.0
tut_top5_train_0000075,train,4,3,3,1.0
tut_top5_train_0000076,train,4,3,3,1.0
tut_top5_train_0000077,train,4,3,3,1.0
tut_top5_train_0000078,train,4,0,0,1.0
tut_top5_train_0000079,train,4,1,1,1.0
tut_top5_train_0000080,train,4,1,1,1.0
tut_top5_train_0000081,train,4,2,2,1.0
tut_top5_train_0000082,train,4,0,0,1.0
tut_top5_train_0000083,train,4,2,2,1.0
tut_top5_train_0000084,train,4,3,3,1.0
tut_top5_train_0000085,train,4,1,1,1.0
tut_top5_train_0000086,train,4,3,3,1.0
tut_top5_train_0000087,train,4,2,2,1.0
tut_top5_train_0000088,train,4,0,0,1.0
tut_top5_train_0000089,train,4,1,1,1.0
tut_top5_train_0000090,train,4,2,2,1.0
tut_top5_train_0000091,train,4,2,2,1.0
tut_top5_train_0000092,train,4,2,2,1.0
tut_top5_train_0000093,train,4,0,0,1.0
tut_top5_train_0000094,train,4,2,2,1.0
tut_top5_train_0000095,train,4,3,3,1.0
tut_top5_train_0000096,train,4,0,0,1.0
tut_top5_train_0000097,train,4,2,2,1.0
tut_top5_train_0000098,train,4,3,3,1.0
tut_top5_train_0000099,train,4,0,0,1.0
tut_top5_train_0000100,train,4,1,1,1.0
tut_top5_train_0000101,train,4,1,1,1.0
tut_top5_train_0000102,train,4,2,2,1.0
tut_top5_train_0000103,train,4,3,3,1.0
tut_top5_train_0000104,train,4,0,0,1.0
tut_top5_train_0000105,train,4,1,1,1.0
tut_top5_train_0000106,train,4,2,2,1.0
tut_top5_train_0000107,train,4,2,2,1.0
tut_top5_train_0000108,train,4,1,1,1.0
tut_top5_train_0000109,train,4,0,0,1.0
tut_top5_train_0000110,train,4,2,2,1.0
tut_top5_train_0000111,train,4,0,0,1.0
tut_top5_train_0000112,train,4,1,1,1.0
tut_top5_train_0000113,train,4,1,1,1.0
tut_top5_train_0000114,train,4,2,2,1.0
tut_top5_train_0000115,train,4,1,1,1.0
tut_top5_train_0000116,train,4,3,3,1.0
tut_top5_train_0000117,train,4,1,1,1.0
tut_top5_train_0000118,train,4,2,2,1.0
tut_top5_train_0000119,train,4,3,3,1.0
tut_top5_train_0000120,train,4,1,1,1.0
tut_top5_train_0000121,train,4,1,1,1.0
tut_top5_train_0000122,train,4,2,2,1.0
tut_top5_train_0000123,train,4,2,2,1.0
tut_top5_train_0000124,train,4,1,1,1.0
tut_top5_train_0000125,train,4,2,2,1.0
tut_top5_train_0000126,train,4,2,2,1.0
tut_top5_train_0000127,train,4,0,0,1.0
tut_top5_train_0000128,train,4,1,1,1.0
tut_top5_train_0000129,train,4,0,0,1.0
tut_top5_train_0000130,train,4,2,2,1.0
tut_top5_train_0000131,train,4,2,2,1.0
tut_top5_train_0000132,train,4,0,0,1.0
tut_top5_train_0000133,train,4,1,1,1.0
tut_top5_train_0000134,train,4,1,1,1.0
tut_top5_train_0000135,train,4,1,1,1.0
tut_top5_train_0000136,train,4,2,2,1.0
tut_top5_train_0000137,train,4,2,2,1.0
tut_top5_train_0000138,train,4,2,2,1.0
tut_top5_train_0000139,train,4,3,3,1.0
tut_top5_train_0000140,train,4,0,0,1.0
tut_top5_train_0000141,train,4,0,0,1.0
tut_top5_train_0000142,train,4,0,0,1.0
tut_top5_train_0000143,train,4,3,3,1.0
tut_top5_train_0000144,train,4,1,1,1.0
tut_top5_train_0000145,train,4,2,2,1.0
tut_top5_train_0000146,train,4,2,2,1.0
tut_top5_train_0000147,train,4,1,1,1.0
tut_top5_train_0000148,train,4,0,0,1.0
tut_top5_train_0000149,train,4,1,1,1.0
tut_top5_train_0000150,train,4,2,2,1.0
tut_top5_train_0000151,train,4,2,2,1.0
tut_top5_train_0000152,train,4,0,0,1.0
tut_top5_train_0000153,train,4,2,2,1.0
tut_top5_train_0000154,train,4,3,3,1.0
tut_top5_train_0000155,train,4,1,1,1.0
tut_top5_train_0000156,train,4,0,0,1.0
tut_top5_train_0000157,train,4,0,0,1.0
tut_top5_train_0000158,train,4,1,1,1.0
tut_top5_train_0000159,train,4,2,2,1.0
tut_top5_train_0000160,train,4,2,2,1.0
tut_top5_train_0000161,train,4,0,0,1.0
tut_top5_train_0000162,train,4,2,2,1.0
tut_top5_train_0000163,train,4,2,2,1.0
tut_top5_train_0000164,train,4,2,2,1.0
tut_top5_train_0000165,train,4,2,2,1.0
tut_top5_train_0000166,train,4,2,2,1.0
tut_top5_train_0000167,train,4,0,0,1.0
tut_top5_train_0000168,train,4,1,1,1.0
tut_top5_train_0000169,train,4,0,0,1.0
tut_top5_train_0000170,train,4,2,2,1.0
tut_top5_train_0000171,train,4,2,2,1.0
tut_top5_train_0000172,train,4,0,0,1.0
tut_top5_train_0000173,train,4,0,0,1.0
tut_top5_train_0000174,train,4,2,2,1.0
tut_top5_train_0000175,train,4,2,2,1.0
tut_top5_train_0000176,train,4,2,2,1.0
tut_top5_train_0000177,train,4,1,1,1.0
tut_top5_train_0000178,train,4,2,2,1.0
tut_top5_train_0000179,train,4,0,0,1.0
tut_top5_train_0000180,train,4,1,1,1.0
tut_top5_train_0000181,train,4,0,0,1.0
tut_top5_train_0000182,train,4,2,2,1.0
tut_top5_train_0000183,train,4,0,0,1.0
tut_top5_train_0000184,train,4,0,0,1.0
tut_top5_train_0000185,train,4,0,0,1.0
tut_top5_train_0000186,train,4,2,2,1.0
tut_top5_train_0000187,train,4,1,1,1.0
tut_top5_train_0000188,train,4,3,3,1.0
tut_top5_train_0000189,train,4,1,1,1.0
tut_top5_train_0000190,train,4,2,2,1.0
tut_top5_train_0000191,train,4,0,0,1.0
tut_top5_train_0000192,train,4,3,3,1.0
tut_top5_train_0000193,train,4,1,1,1.0
tut_top5_train_0000194,train,4,2,2,1.0
tut_top5_train_0000195,train,4,2,2,1.0
tut_top5_train_0000196,train,4,0,0,1.0
tut_top5_train_0000197,train,4,0,0,1.0
tut_top5_train_0000198,train,4,1,1,1.0
tut_top5_train_0000199,train,4,1,1,1.0
tut_top5_train_0000200,train,4,2,2,1.0
tut_top5_train_0000201,train,4,3,3,1.0
tut_top5_train_0000202,train,4,2,2,1.0
tut_top5_train_0000203,train,4,1,1,1.0
tut_top5_train_0000204,train,4,2,2,1.0
tut_top5_train_0000205,train,4,2,2,1.0
tut_top5_train_0000206,train,4,0,0,1.0
tut_top5_train_0000207,train,4,0,0,1.0
tut_top5_train_0000208,train,4,0,0,1.0
tut_top5_train_0000209,train,4,0,0,1.0
tut_top5_train_0000210,train,4,3,3,1.0
tut_top5_train_0000211,train,4,1,1,1.0
tut_top5_train_0000212,train,4,2,2,1.0
tut_top5_train_0000213,train,4,2,2,1.0
tut_top5_train_0000214,train,4,0,0,1.0
tut_top5_train_0000215,train,4,1,1,1.0
tut_top5_train_0000216,train,4,3,3,1.0
tut_top5_train_0000217,train,4,1,1,1.0
tut_top5_train_0000218,train,4,0,0,1.0
tut_top5_train_0000219,train,4,1,1,1.0
tut_top5_train_0000220,train,4,2,2,1.0
tut_top5_train_0000221,train,4,1,1,1.0
tut_top5_train_0000222,train,4,3,3,1.0
tut_top5_train_0000223,train,4,2,2,1.0
tut_top5_train_0000224,train,4,0,0,1.0
tut_top5_train_0000225,train,4,0,0,1.0
tut_top5_train_0000226,train,4,2,2,1.0
tut_top5_train_0000227,train,4,2,2,1.0
tut_top5_train_0000228,train,4,0,0,1.0
tut_top5_train_0000229,train,4,0,0,1.0
tut_top5_train_0000230,train,4,0,0,1.0
tut_top5_train_0000231,train,4,1,1,1.0
tut_top5_train_0000232,train,4,0,0,1.0
tut_top5_train_0000233,train,4,2,2,1.0
tut_top5_train_0000234,train,4,2,2,1.0
tut_top5_train_0000235,train,4,2,2,1.0
tut_top5_train_0000236,train,4,0,0,1.0
tut_top5_train_0000237,train,4,1,1,1.0
tut_top5_train_0000238,train,4,2,2,1.0
tut_top5_train_0000239,train,4,2,2,1.0
tut_top5_train_0000240,train,4,1,1,1.0
tut_top5_train_0000241,train,4,2,2,1.0
tut_top5_train_0000242,train,4,3,3,1.0
tut_top5_train_0000243,train,4,2,2,1.0
tut_top5_train_0000244,train,4,1,1,1.0
tut_top5_train_0000245,train,4,2,2,1.0
tut_top5_train_0000246,train,4,2,2,1.0
tut_top5_train_0000247,train,4,0,0,1.0
tut_top5_train_0000248,train,4,1,1,1.0
tut_top5_train_0000249,train,4,0,0,1.0
tut_top5_train_0000250,train,4,0,0,1.0
tut_top5_train_0000251,train,4,2,2,1.0
tut_top5_train_0000252,train,4,0,0,1.0
tut_top5_train_0000253,train,4,1,1,1.0
tut_top5_train_0000254,train,4,3,3,1.0
tut_top5_train_0000255,train,4,3,3,1.0
tut_top5_train_0000256,train,4,0,0,1.0
tut_top5_train_0000257,train,4,2,2,1.0
tut_top5_train_0000258,train,4,2,2,1.0
tut_top5_train_0000259,train,4,2,2,1.0
tut_top5_train_0000260,train,4,2,2,1.0
tut_top5_train_0000261,train,4,1,1,1.0
tut_top5_train_0000262,train,4,2,2,1.0
tut_top5_train_0000263,train,4,1,1,1.0
tut_top5_train_0000264,train,4,2,2,1.0
tut_top5_train_0000265,train,4,2,2,1.0
tut_top5_train_0000266,train,4,0,0,1.0
tut_top5_train_0000267,train,4,0,0,1.0
tut_top5_train_0000268,train,4,1,1,1.0
tut_top5_train_0000269,train,4,0,0,1.0
tut_top5_train_0000270,train,4,2,2,1.0
tut_top5_train_0000271,train,4,3,3,1.0
tut_top5_train_0000272,train,4,3,3,1.0
tut_top5_train_0000273,train,4,2,2,1.0
tut_top5_train_0000274,train,4,3,3,1.0
tut_top5_train_0000275,train,4,2,2,1.0
tut_top5_train_0000276,train,4,0,0,1.0
tut_top5_train_0000277,train,4,3,3,1.0
tut_top5_train_0000278,train,4,1,1,1.0
tut_top5_train_0000279,train,4,0,0,1.0
tut_top5_train_0000280,train,4,1,1,1.0
tut_top5_train_0000281,train,4,1,1,1.0
tut_top5_train_0000282,train,4,3,3,1.0
tut_top5_train_0000283,train,4,3,3,1.0
tut_top5_train_0000284,train,4,0,0,1.0
tut_top5_train_0000285,train,4,2,2,1.0
tut_top5_train_0000286,train,4,1,1,1.0
tut_top5_train_0000287,train,4,2,2,1.0
tut_top5_train_0000288,train,4,2,2,1.0
tut_top5_train_0000289,train,4,1,1,1.0
tut_top5_train_0000290,train,4,0,0,1.0
tut_top5_train_0000291,train,4,1,1,1.0
tut_top5_train_0000292,train,4,3,3,1.0
tut_top5_train_0000293,train,4,1,1,1.0
tut_top5_train_0000294,train,4,2,2,1.0
tut_top5_train_0000295,train,4,2,2,1.0
tut_top5_train_0000296,train,4,2,2,1.0
tut_top5_train_0000297,train,4,2,2,1.0
tut_top5_train_0000298,train,4,1,1,1.0
tut_top5_train_0000299,train,4,0,0,1.0
tut_top5_train_0000300,train,4,3,3,1.0
tut_top5_train_0000301,train,4,3,3,1.0
tut_top5_train_0000302,train,4,0,0,1.0
tut_top5_train_0000303,train,4,2,2,1.0
tut_top5_train_0000304,train,4,0,0,1.0
tut_top5_train_0000305,train,4,0,0,1.0
tut_top5_train_0000306,train,4,0,0,1.0
tut_top5_train_0000307,train,4,0,0,1.0
tut_top5_train_0000308,train,4,2,2,1.0
tut_top5_train_0000309,train,4,2,2,1.0
tut_top5_train_0000310,train,4,1,1,1.0
tut_top5_train_0000311,train,4,2,2,1.0
tut_top5_train_0000312,train,4,1,1,1.0
tut_top5_train_0000313,train,4,2,2,1.0
tut_top5_train_0000314,train,4,2,2,1.0
tut_top5_train_0000315,train,4,3,3,1.0
tut_top5_train_0000316,train,4,1,1,1.0
tut_top5_train_0000317,train,4,3,3,1.0
tut_top5_train_0000318,train,4,0,0,1.0
tut_top5_train_0000319,train,4,2,2,1.0
tut_top5_train_0000320,train,4,3,3,1.0
tut_top5_train_0000321,train,4,1,1,1.0
tut_top5_train_0000322,train,4,2,2,1.0
tut_top5_train_0000323,train,4,2,2,1.0
tut_top5_train_0000324,train,4,2,2,1.0
tut_top5_train_0000325,train,4,1,1,1.0
tut_top5_train_0000326,train,4,0,0,1.0
tut_top5_train_0000327,train,4,3,3,1.0
tut_top5_train_0000328,train,4,2,2,1.0
tut_top5_train_0000329,train,4,0,0,1.0
tut_top5_train_0000330,train,4,0,0,1.0
tut_top5_train_0000331,train,4,3,3,1.0
tut_top5_train_0000332,train,4,1,1,1.0
tut_top5_train_0000333,train,4,2,2,1.0
tut_top5_train_0000334,train,4,3,3,1.0
tut_top5_train_0000335,train,4,1,1,1.0
tut_top5_train_0000336,train,4,1,1,1.0
tut_top5_train_0000337,train,4,3,3,1.0
tut_top5_train_0000338,train,4,1,1,1.0
tut_top5_train_0000339,train,4,2,2,1.0
tut_top5_train_0000340,train,4,3,3,1.0
tut_top5_train_0000341,train,4,1,1,1.0
tut_top5_train_0000342,train,4,2,2,1.0
tut_top5_train_0000343,train,4,2,2,1.0
tut_top5_train_0000344,train,4,2,2,1.0
tut_top5_train_0000345,train,4,0,0,1.0
tut_top5_train_0000346,train,4,2,2,1.0
tut_top5_train_0000347,train,4,3,3,1.0
tut_top5_train_0000348,train,4,1,1,1.0
tut_top5_train_0000349,train,4,2,2,1.0
tut_top5_train_0000350,train,4,2,2,1.0
tut_top5_train_0000351,train,4,3,3,1.0
tut_top5_train_0000352,train,4,1,1,1.0
tut_top5_train_0000353,train,4,3,3,1.0
tut_top5_train_0000354,train,4,3,3,1.0
tut_top5_train_0000355,train,4,2,2,1.0
tut_top5_train_0000356,train,4,2,2,1.0
tut_top5_train_0000357,train,4,0,0,1.0
tut_top5_train_0000358,train,4,0,0,1.0
tut_top5_train_0000359,train,4,3,3,1.0
tut_top5_train_0000360,train,4,3,3,1.0
tut_top5_train_0000361,train,4,2,2,1.0
tut_top5_train_0000362,train,4,1,1,1.0
tut_top5_train_0000363,train,4,1,1,1.0
tut_top5_train_0000364,train,4,2,2,1.0
tut_top5_train_0000365,train,4,2,2,1.0
tut_top5_train_0000366,train,4,0,0,1.0
tut_top5_train_0000367,train,4,2,2,1.0
tut_top5_train_0000368,train,4,1,1,1.0
tut_top5_train_0000369,train,4,1,1,1.0
tut_top5_train_0000370,train,4,2,2,1.0
tut_top5_train_0000371,train,4,3,3,1.0
tut_top5_train_0000372,train,4,2,2,1.0
tut_top5_train_0000373,train,4,2,2,1.0
tut_top5_train_0000374,train,4,1,1,1.0
tut_top5_train_0000375,train,4,0,0,1.0
tut_top5_train_0000376,train,4,0,0,1.0
tut_top5_train_0000377,train,4,2,2,1.0
tut_top5_train_0000378,train,4,3,3,1.0
tut_top5_train_0000379,train,4,0,0,1.0
tut_top5_train_0000380,train,4,0,0,1.0
tut_top5_train_0000381,train,4,1,1,1.0
tut_top5_train_0000382,train,4,2,2,1.0
tut_top5_train_0000383,train,4,2,2,1.0
tut_top5_train_0000384,train,4,2,2,1.0
tut_top5_train_0000385,train,4,1,1,1.0
tut_top5_train_0000386,train,4,2,2,1.0
tut_top5_train_0000387,train,4,0,0,1.0
tut_top5_train_0000388,train,4,2,2,1.0
tut_top5_train_0000389,train,4,0,0,1.0
tut_top5_train_0000390,train,4,1,1,1.0
tut_top5_train_0000391,train,4,2,2,1.0
tut_top5_train_0000392,train,4,0,0,1.0
tut_top5_train_0000393,train,4,0,0,1.0
tut_top5_train_0000394,train,4,1,1,1.0
tut_top5_train_0000395,train,4,2,2,1.0
tut_top5_train_0000396,train,4,2,2,1.0
tut_top5_train_0000397,train,4,0,0,1.0
tut_top5_train_0000398,train,4,1,1,1.0
tut_top5_train_0000399,train,4,0,0,1.0
tut_top5_train_0000400,train,4,2,2,1.0
tut_top5_train_0000401,train,4,3,3,1.0
tut_top5_train_0000402,train,4,1,1,1.0
tut_top5_train_0000403,train,4,2,2,1.0
tut_top5_train_0000404,train,4,2,2,1.0
tut_top5_train_0000405,train,4,0,0,1.0
tut_top5_train_0000406,train,4,2,2,1.0
tut_top5_train_0000407,train,4,1,1,1.0
tut_top5_train_0000408,train,4,1,1,1.0
tut_top5_train_0000409,train,4,2,2,1.0
tut_top5_train_0000410,train,4,2,2,1.0
tut_top5_train_0000411,train,4,2,2,1.0
tut_top5_train_0000412,train,4,1,1,1.0
tut_top5_train_0000413,train,4,0,0,1.0
tut_top5_train_0000414,train,4,2,2,1.0
tut_top5_train_0000415,train,4,1,1,1.0
tut_top5_train_0000416,train,4,0,0,1.0
tut_top5_train_0000417,train,4,1,1,1.0
tut_top5_train_0000418,train,4,0,0,1.0
tut_top5_train_0000419,train,4,2,2,1.0
tut_top5_train_0000420,train,4,2,2,1.0
tut_top5_train_0000421,train,4,2,2,1.0
tut_top5_train_0000422,train,4,0,0,1.0
tut_top5_train_0000423,train,4,0,0,1.0
tut_top5_train_0000424,train,4,2,2,1.0
tut_top5_train_0000425,train,4,2,2,1.0
tut_top5_train_0000426,train,4,0,0,1.0
tut_top5_train_0000427,train,4,1,1,1.0
tut_top5_train_0000428,train,4,0,0,1.0
tut_top5_train_0000429,train,4,1,1,1.0
tut_top5_train_0000430,train,4,3,3,1.0
tut_top5_train_0000431,train,4,2,2,1.0
tut_top5_train_0000432,train,4,1,1,1.0
tut_top5_train_0000433,train,4,3,3,1.0
tut_top5_train_0000434,train,4,0,0,1.0
tut_top5_train_0000435,train,4,1,1,1.0
tut_top5_train_0000436,train,4,2,2,1.0
tut_top5_train_0000437,train,4,0,0,1.0
tut_top5_train_0000438,train,4,1,1,1.0
tut_top5_train_0000439,train,4,1,1,1.0
tut_top5_train_0000440,train,4,1,1,1.0
tut_top5_train_0000441,train,4,0,0,1.0
tut_top5_train_0000442,train,4,1,1,1.0
tut_top5_train_0000443,train,4,0,0,1.0
tut_top5_train_0000444,train,4,2,2,1.0
tut_top5_train_0000445,train,4,1,1,1.0
tut_top5_train_0000446,train,4,3,3,1.0
tut_top5_train_0000447,train,4,0,0,1.0
tut_top5_train_0000448,train,4,3,3,1.0
tut_top5_train_0000449,train,4,3,3,1.0
tut_top5_train_0000450,train,4,2,2,1.0
tut_top5_train_0000451,train,4,2,2,1.0
tut_top5_train_0000452,train,4,2,2,1.0
tut_top5_train_0000453,train,4,0,0,1.0
tut_top5_train_0000454,train,4,1,1,1.0
tut_top5_train_0000455,train,4,0,0,1.0
tut_top5_train_0000456,train,4,1,1,1.0
tut_top5_train_0000457,train,4,3,3,1.0
tut_top5_train_0000458,train,4,1,1,1.0
tut_top5_train_0000459,train,4,2,2,1.0
tut_top5_train_0000460,train,4,1,1,1.0
tut_top5_train_0000461,train,4,2,2,1.0
tut_top5_train_0000462,train,4,0,0,1.0
tut_top5_train_0000463,train,4,1,1,1.0
tut_top5_train_0000464,train,4,1,1,1.0
tut_top5_train_0000465,train,4,1,1,1.0
tut_top5_train_0000466,train,4,2,2,1.0
tut_top5_train_0000467,train,4,0,0,1.0
tut_top5_train_0000468,train,4,0,0,1.0
tut_top5_train_0000469,train,4,2,2,1.0
tut_top5_train_0000470,train,4,2,2,1.0
tut_top5_train_0000471,train,4,2,2,1.0
tut_top5_train_0000472,train,4,2,2,1.0
tut_top5_train_0000473,train,4,0,0,1.0
tut_top5_train_0000474,train,4,3,3,1.0
tut_top5_train_0000475,train,4,1,1,1.0
tut_top5_train_0000476,train,4,2,2,1.0
tut_top5_train_0000477,train,4,2,2,1.0
tut_top5_train_0000478,train,4,2,2,1.0
tut_top5_train_0000479,train,4,0,0,1.0
tut_top5_train_0000480,train,4,3,3,1.0
tut_top5_train_0000481,train,4,1,1,1.0
tut_top5_train_0000482,train,4,0,0,1.0
tut_top5_train_0000483,train,4,0,0,1.0
tut_top5_train_0000484,train,4,3,3,1.0
tut_top5_train_0000485,train,4,1,1,1.0
tut_top5_train_0000486,train,4,1,1,1.0
tut_top5_train_0000487,train,4,1,1,1.0
tut_top5_train_0000488,train,4,3,3,1.0
tut_top5_train_0000489,train,4,2,2,1.0
tut_top5_train_0000490,train,4,1,1,1.0
tut_top5_train_0000491,train,4,2,2,1.0
tut_top5_train_0000492,train,4,1,1,1.0
tut_top5_train_0000493,train,4,2,2,1.0
tut_top5_train_0000494,train,4,2,2,1.0
tut_top5_train_0000495,train,4,1,1,1.0
tut_top5_train_0000496,train,4,2,2,1.0
tut_top5_train_0000497,train,4,0,0,1.0
tut_top5_train_0000498,train,4,2,2,1.0
tut_top5_train_0000499,train,4,1,1,1.0
tut_top5_train_0000500,train,4,0,0,1.0
tut_top5_train_0000501,train,4,2,2,1.0
tut_top5_train_0000502,train,4,0,0,1.0
tut_top5_train_0000503,train,4,2,2,1.0
tut_top5_train_0000504,train,4,0,0,1.0
tut_top5_train_0000505,train,4,2,2,1.0
tut_top5_train_0000506,train,4,1,1,1.0
tut_top5_train_0000507,train,4,0,0,1.0
tut_top5_train_0000508,train,4,2,2,1.0
tut_top5_train_0000509,train,4,0,0,1.0
tut_top5_train_0000510,train,4,0,0,1.0
tut_top5_train_0000511,train,4,2,2,1.0
tut_top5_train_0000512,train,4,2,2,1.0
tut_top5_train_0000513,train,4,2,2,1.0
tut_top5_train_0000514,train,4,1,1,1.0
tut_top5_train_0000515,train,4,0,0,1.0
tut_top5_train_0000516,train,4,0,0,1.0
tut_top5_train_0000517,train,4,2,2,1.0
tut_top5_train_0000518,train,4,1,1,1.0
tut_top5_train_0000519,train,4,0,0,1.0
tut_top5_train_0000520,train,4,1,1,1.0
tut_top5_train_0000521,train,4,2,2,1.0
tut_top5_train_0000522,train,4,0,0,1.0
tut_top5_train_0000523,train,4,3,3,1.0
tut_top5_train_0000524,train,4,1,1,1.0
tut_top5_train_0000525,train,4,1,1,1.0
tut_top5_train_0000526,train,4,2,2,1.0
tut_top5_train_0000527,train,4,0,0,1.0
tut_top5_train_0000528,train,4,1,1,1.0
tut_top5_train_0000529,train,4,2,2,1.0
tut_top5_train_0000530,train,4,2,2,1.0
tut_top5_train_0000531,train,4,1,1,1.0
tut_top5_train_0000532,train,4,1,1,1.0
tut_top5_train_0000533,train,4,1,1,1.0
tut_top5_train_0000534,train,4,1,1,1.0
tut_top5_train_0000535,train,4,0,0,1.0
tut_top5_train_0000536,train,4,2,2,1.0
tut_top5_train_0000537,train,4,1,1,1.0
tut_top5_train_0000538,train,4,2,2,1.0
tut_top5_train_0000539,train,4,0,0,1.0
tut_top5_train_0000540,train,4,0,0,1.0
tut_top5_train_0000541,train,4,2,2,1.0
tut_top5_train_0000542,train,4,1,1,1.0
tut_top5_train_0000543,train,4,0,0,1.0
tut_top5_train_0000544,train,4,1,1,1.0
tut_top5_train_0000545,train,4,2,2,1.0
tut_top5_train_0000546,train,4,3,3,1.0
tut_top5_train_0000547,train,4,0,0,1.0
tut_top5_train_0000548,train,4,1,1,1.0
tut_top5_train_0000549,train,4,2,2,1.0
tut_top5_train_0000550,train,4,0,0,1.0
tut_top5_train_0000551,train,4,2,2,1.0
tut_top5_train_0000552,train,4,1,1,1.0
tut_top5_train_0000553,train,4,0,0,1.0
tut_top5_train_0000554,train,4,2,2,1.0
tut_top5_train_0000555,train,4,2,2,1.0
tut_top5_train_0000556,train,4,2,2,1.0
tut_top5_train_0000557,train,4,1,1,1.0
tut_top5_train_0000558,train,4,1,1,1.0
tut_top5_train_0000559,train,4,3,3,1.0
tut_top5_train_0000560,train,4,1,1,1.0
tut_top5_train_0000561,train,4,2,2,1.0
tut_top5_train_0000562,train,4,1,1,1.0
tut_top5_train_0000563,train,4,3,3,1.0
tut_top5_train_0000564,train,4,2,2,1.0
tut_top5_train_0000565,train,4,2,2,1.0
tut_top5_train_0000566,train,4,0,0,1.0
tut_top5_train_0000567,train,4,2,2,1.0
tut_top5_train_0000568,train,4,2,2,1.0
tut_top5_train_0000569,train,4,1,1,1.0
tut_top5_train_0000570,train,4,2,2,1.0
tut_top5_train_0000571,train,4,0,0,1.0
tut_top5_train_0000572,train,4,1,1,1.0
tut_top5_train_0000573,train,4,1,1,1.0
tut_top5_train_0000574,train,4,1,1,1.0
tut_top5_train_0000575,train,4,3,3,1.0
tut_top5_train_0000576,train,4,2,2,1.0
tut_top5_train_0000577,train,4,2,2,1.0
tut_top5_train_0000578,train,4,3,3,1.0
tut_top5_train_0000579,train,4,0,0,1.0
tut_top5_train_0000580,train,4,2,2,1.0
tut_top5_train_0000581,train,4,0,0,1.0
tut_top5_train_0000582,train,4,1,1,1.0
tut_top5_train_0000583,train,4,0,0,1.0
tut_top5_train_0000584,train,4,2,2,1.0
tut_top5_train_0000585,train,4,3,3,1.0
tut_top5_train_0000586,train,4,1,1,1.0
tut_top5_train_0000587,train,4,0,0,1.0
tut_top5_train_0000588,train,4,1,1,1.0
tut_top5_train_0000589,train,4,2,2,1.0
tut_top5_train_0000590,train,4,3,3,1.0
tut_top5_train_0000591,train,4,3,3,1.0
tut_top5_train_0000592,train,4,2,2,1.0
tut_top5_train_0000593,train,4,3,3,1.0
tut_top5_train_0000594,train,4,0,0,1.0
tut_top5_train_0000595,train,4,2,2,1.0
tut_top5_train_0000596,train,4,2,2,1.0
tut_top5_train_0000597,train,4,0,0,1.0
tut_top5_train_0000598,train,4,2,2,1.0
tut_top5_train_0000599,train,4,3,3,1.0
tut_top5_train_0000600,train,4,1,1,1.0
tut_top5_train_0000601,train,4,0,0,1.0
tut_top5_train_0000602,train,4,3,3,1.0
tut_top5_train_0000603,train,4,1,1,1.0
tut_top5_train_0000604,train,4,2,2,1.0
tut_top5_train_0000605,train,4,1,1,1.0
tut_top5_train_0000606,train,4,0,0,1.0
tut_top5_train_0000607,train,4,1,1,1.0
tut_top5_train_0000608,train,4,2,2,1.0
tut_top5_train_0000609,train,4,2,2,1.0
tut_top5_train_0000610,train,4,1,1,1.0
tut_top5_train_0000611,train,4,2,2,1.0
tut_top5_train_0000612,train,4,1,1,1.0
tut_top5_train_0000613,train,4,2,2,1.0
tut_top5_train_0000614,train,4,0,0,1.0
tut_top5_train_0000615,train,4,2,2,1.0
tut_top5_train_0000616,train,4,1,1,1.0
tut_top5_train_0000617,train,4,3,3,1.0
tut_top5_train_0000618,train,4,1,1,1.0
tut_top5_train_0000619,train,4,2,2,1.0
tut_top5_train_0000620,train,4,1,1,1.0
tut_top5_train_0000621,train,4,1,1,1.0
tut_top5_train_0000622,train,4,0,0,1.0
tut_top5_train_0000623,train,4,0,0,1.0
tut_top5_train_0000624,train,4,1,1,1.0
tut_top5_train_0000625,train,4,1,1,1.0
tut_top5_train_0000626,train,4,2,2,1.0
tut_top5_train_0000627,train,4,2,2,1.0
tut_top5_train_0000628,train,4,1,1,1.0
tut_top5_train_0000629,train,4,2,2,1.0
tut_top5_train_0000630,train,4,1,1,1.0
tut_top5_train_0000631,train,4,1,1,1.0
tut_top5_train_0000632,train,4,1,1,1.0
tut_top5_train_0000633,train,4,2,2,1.0
tut_top5_train_0000634,train,4,3,3,1.0
tut_top5_train_0000635,train,4,2,2,1.0
tut_top5_train_0000636,train,4,2,2,1.0
tut_top5_train_0000637,train,4,0,0,1.0
tut_top5_train_0000638,train,4,3,3,1.0
tut_top5_train_0000639,train,4,1,1,1.0
tut_top5_train_0000640,train,4,1,1,1.0
tut_top5_train_0000641,train,4,1,1,1.0
tut_top5_train_0000642,train,4,1,1,1.0
tut_top5_train_0000643,train,4,0,0,1.0
tut_top5_train_0000644,train,4,2,2,1.0
tut_top5_train_0000645,train,4,3,3,1.0
tut_top5_train_0000646,train,4,2,2,1.0
tut_top5_train_0000647,train,4,1,1,1.0
tut_top5_train_0000648,train,4,3,3,1.0
tut_top5_train_0000649,train,4,1,1,1.0
tut_top5_train_0000650,train,4,3,3,1.0
tut_top5_train_0000651,train,4,2,2,1.0
tut_top5_train_0000652,train,4,2,2,1.0
tut_top5_train_0000653,train,4,3,3,1.0
tut_top5_train_0000654,train,4,2,2,1.0
tut_top5_train_0000655,train,4,2,2,1.0
tut_top5_train_0000656,train,4,2,2,1.0
tut_top5_train_0000657,train,4,1,1,1.0
tut_top5_train_0000658,train,4,0,0,1.0
tut_top5_train_0000659,train,4,0,0,1.0
tut_top5_train_0000660,train,4,0,0,1.0
tut_top5_train_0000661,train,4,1,1,1.0
tut_top5_train_0000662,train,4,1,1,1.0
tut_top5_train_0000663,train,4,0,0,1.0
tut_top5_train_0000664,train,4,0,0,1.0
tut_top5_train_0000665,train,4,1,1,1.0
tut_top5_train_0000666,train,4,2,2,1.0
tut_top5_train_0000667,train,4,3,3,1.0
tut_top5_train_0000668,train,4,0,0,1.0
tut_top5_train_0000669,train,4,0,0,1.0
tut_top5_train_0000670,train,4,0,0,1.0
tut_top5_train_0000671,train,4,1,1,1.0
tut_top5_train_0000672,train,4,2,2,1.0
tut_top5_train_0000673,train,4,1,1,1.0
tut_top5_train_0000674,train,4,0,0,1.0
tut_top5_train_0000675,train,4,0,0,1.0
tut_top5_train_0000676,train,4,1,1,1.0
tut_top5_train_0000677,train,4,0,0,1.0
tut_top5_train_0000678,train,4,1,1,1.0
tut_top5_train_0000679,train,4,0,0,1.0
tut_top5_train_0000680,train,4,0,0,1.0
tut_top5_train_0000681,train,4,1,1,1.0
tut_top5_train_0000682,train,4,2,2,1.0
tut_top5_train_0000683,train,4,1,1,1.0
tut_top5_train_0000684,train,4,0,0,1.0
tut_top5_train_0000685,train,4,1,1,1.0
tut_top5_train_0000686,train,4,1,1,1.0
tut_top5_train_0000687,train,4,0,0,1.0
tut_top5_train_0000688,train,4,1,1,1.0
tut_top5_train_0000689,train,4,2,2,1.0
tut_top5_train_0000690,train,4,1,1,1.0
tut_top5_train_0000691,train,4,1,1,1.0
tut_top5_train_0000692,train,4,2,2,1.0
tut_top5_train_0000693,train,4,0,0,1.0
tut_top5_train_0000694,train,4,2,2,1.0
tut_top5_train_0000695,train,4,2,2,1.0
tut_top5_train_0000696,train,4,2,2,1.0
tut_top5_train_0000697,train,4,0,0,1.0
tut_top5_train_0000698,train,4,0,0,1.0
tut_top5_train_0000699,train,4,2,2,1.0
tut_top5_train_0000700,train,4,2,2,1.0
tut_top5_train_0000701,train,4,2,2,1.0
tut_top5_train_0000702,train,4,1,1,1.0
tut_top5_train_0000703,train,4,0,0,1.0
tut_top5_train_0000704,train,4,1,1,1.0
tut_top5_train_0000705,train,4,0,0,1.0
tut_top5_train_0000706,train,4,2,2,1.0
tut_top5_train_0000707,train,4,1,1,1.0
tut_top5_train_0000708,train,4,0,0,1.0
tut_top5_train_0000709,train,4,0,0,1.0
tut_top5_train_0000710,train,4,2,2,1.0
tut_top5_train_0000711,train,4,2,2,1.0
tut_top5_train_0000712,train,4,3,3,1.0
tut_top5_train_0000713,train,4,1,1,1.0
tut_top5_train_0000714,train,4,1,1,1.0
tut_top5_train_0000715,train,4,1,1,1.0
tut_top5_train_0000716,train,4,3,3,1.0
tut_top5_train_0000717,train,4,2,2,1.0
tut_top5_train_0000718,train,4,2,2,1.0
tut_top5_train_0000719,train,4,1,1,1.0
tut_top5_train_0000720,train,4,3,3,1.0
tut_top5_train_0000721,train,4,3,3,1.0
tut_top5_train_0000722,train,4,2,2,1.0
tut_top5_train_0000723,train,4,2,2,1.0
tut_top5_train_0000724,train,4,2,2,1.0
tut_top5_train_0000725,train,4,0,0,1.0
tut_top5_train_0000726,train,4,2,2,1.0
tut_top5_train_0000727,train,4,2,2,1.0
tut_top5_train_0000728,train,4,1,1,1.0
tut_top5_train_0000729,train,4,2,2,1.0
tut_top5_train_0000730,train,4,3,3,1.0
tut_top5_train_0000731,train,4,0,0,1.0
tut_top5_train_0000732,train,4,1,1,1.0
tut_top5_train_0000733,train,4,0,0,1.0
tut_top5_train_0000734,train,4,0,0,1.0
tut_top5_train_0000735,train,4,2,2,1.0
tut_top5_train_0000736,train,4,1,1,1.0
tut_top5_train_0000737,train,4,2,2,1.0
tut_top5_train_0000738,train,4,2,2,1.0
tut_top5_train_0000739,train,4,3,3,1.0
tut_top5_train_0000740,train,4,2,2,1.0
tut_top5_train_0000741,train,4,2,2,1.0
tut_top5_train_0000742,train,4,0,0,1.0
tut_top5_train_0000743,train,4,3,3,1.0
tut_top5_train_0000744,train,4,1,1,1.0
tut_top5_train_0000745,train,4,1,1,1.0
tut_top5_train_0000746,train,4,2,2,1.0
tut_top5_train_0000747,train,4,0,0,1.0
tut_top5_train_0000748,train,4,0,0,1.0
tut_top5_train_0000749,train,4,2,2,1.0
tut_top5_train_0000750,train,4,2,2,1.0
tut_top5_train_0000751,train,4,0,0,1.0
tut_top5_train_0000752,train,4,0,0,1.0
tut_top5_train_0000753,train,4,0,0,1.0
tut_top5_train_0000754,train,4,2,2,1.0
tut_top5_train_0000755,train,4,0,0,1.0
tut_top5_train_0000756,train,4,3,3,1.0
tut_top5_train_0000757,train,4,2,2,1.0
tut_top5_train_0000758,train,4,1,1,1.0
tut_top5_train_0000759,train,4,0,0,1.0
tut_top5_train_0000760,train,4,0,0,1.0
tut_top5_train_0000761,train,4,1,1,1.0
tut_top5_train_0000762,train,4,3,3,1.0
tut_top5_train_0000763,train,4,1,1,1.0
tut_top5_train_0000764,train,4,2,2,1.0
tut_top5_train_0000765,train,4,3,3,1.0
tut_top5_train_0000766,train,4,1,1,1.0
tut_top5_train_0000767,train,4,0,0,1.0
tut_top5_train_0000768,train,4,3,3,1.0
tut_top5_train_0000769,train,4,2,2,1.0
tut_top5_train_0000770,train,4,3,3,1.0
tut_top5_train_0000771,train,4,2,2,1.0
tut_top5_train_0000772,train,4,3,3,1.0
tut_top5_train_0000773,train,4,1,1,1.0
tut_top5_train_0000774,train,4,0,0,1.0
tut_top5_train_0000775,train,4,1,1,1.0
tut_top5_train_0000776,train,4,3,3,1.0
tut_top5_train_0000777,train,4,2,2,1.0
tut_top5_train_0000778,train,4,1,1,1.0
tut_top5_train_0000779,train,4,0,0,1.0
tut_top5_train_0000780,train,4,2,2,1.0
tut_top5_train_0000781,train,4,1,1,1.0
tut_top5_train_0000782,train,4,2,2,1.0
tut_top5_train_0000783,train,4,2,2,1.0
tut_top5_train_0000784,train,4,0,0,1.0
tut_top5_train_0000785,train,4,0,0,1.0
tut_top5_train_0000786,train,4,1,1,1.0
tut_top5_train_0000787,train,4,3,3,1.0
tut_top5_train_0000788,train,4,1,1,1.0
tut_top5_train_0000789,train,4,1,1,1.0
tut_top5_train_0000790,train,4,2,2,1.0
tut_top5_train_0000791,train,4,1,1,1.0
tut_top5_train_0000792,train,4,2,2,1.0
tut_top5_train_0000793,train,4,0,0,1.0
tut_top5_train_0000794,train,4,2,2,1.0
tut_top5_train_0000795,train,4,0,0,1.0
tut_top5_train_0000796,train,4,3,3,1.0
tut_top5_train_0000797,train,4,3,3,1.0
tut_top5_train_0000798,train,4,3,3,1.0
tut_top5_train_0000799,train,4,0,0,1.0
tut_top5_train_0000800,train,4,2,2,1.0
tut_top5_train_0000801,train,4,0,0,1.0
tut_top5_train_0000802,train,4,2,2,1.0
tut_top5_train_0000803,train,4,0,0,1.0
tut_top5_train_0000804,train,4,2,2,1.0
tut_top5_train_0000805,train,4,1,1,1.0
tut_top5_train_0000806,train,4,0,0,1.0
tut_top5_train_0000807,train,4,2,2,1.0
tut_top5_train_0000808,train,4,2,2,1.0
tut_top5_train_0000809,train,4,0,0,1.0
tut_top5_train_0000810,train,4,1,1,1.0
tut_top5_train_0000811,train,4,1,1,1.0
tut_top5_train_0000812,train,4,3,3,1.0
tut_top5_train_0000813,train,4,2,2,1.0
tut_top5_train_0000814,train,4,1,1,1.0
tut_top5_train_0000815,train,4,0,0,1.0
tut_top5_train_0000816,train,4,2,2,1.0
tut_top5_train_0000817,train,4,1,1,1.0
tut_top5_train_0000818,train,4,1,1,1.0
tut_top5_train_0000819,train,4,2,2,1.0
tut_top5_train_0000820,train,4,1,1,1.0
tut_top5_train_0000821,train,4,1,1,1.0
tut_top5_train_0000822,train,4,2,2,1.0
tut_top5_train_0000823,train,4,3,3,1.0
tut_top5_train_0000824,train,4,2,2,1.0
tut_top5_train_0000825,train,4,3,3,1.0
tut_top5_train_0000826,train,4,1,1,1.0
tut_top5_train_0000827,train,4,1,1,1.0
tut_top5_train_0000828,train,4,0,0,1.0
tut_top5_train_0000829,train,4,2,2,1.0
tut_top5_train_0000830,train,4,2,2,1.0
tut_top5_train_0000831,train,4,1,1,1.0
tut_top5_train_0000832,train,4,2,2,1.0
tut_top5_train_0000833,train,4,2,2,1.0
tut_top5_train_0000834,train,4,1,1,1.0
tut_top5_train_0000835,train,4,1,1,1.0
tut_top5_train_0000836,train,4,1,1,1.0
tut_top5_train_0000837,train,4,0,0,1.0
tut_top5_train_0000838,train,4,3,3,1.0
tut_top5_train_0000839,train,4,2,2,1.0
tut_top5_train_0000840,train,4,1,1,1.0
tut_top5_train_0000841,train,4,1,1,1.0
tut_top5_train_0000842,train,4,3,3,1.0
tut_top5_train_0000843,train,4,2,2,1.0
tut_top5_train_0000844,train,4,0,0,1.0
tut_top5_train_0000845,train,4,1,1,1.0
tut_top5_train_0000846,train,4,3,3,1.0
tut_top5_train_0000847,train,4,0,0,1.0
tut_top5_train_0000848,train,4,1,1,1.0
tut_top5_train_0000849,train,4,2,2,1.0
tut_top5_train_0000850,train,4,1,1,1.0
tut_top5_train_0000851,train,4,2,2,1.0
tut_top5_train_0000852,train,4,1,1,1.0
tut_top5_train_0000853,train,4,3,3,1.0
tut_top5_train_0000854,train,4,2,2,1.0
tut_top5_train_0000855,train,4,2,2,1.0
tut_top5_train_0000856,train,4,0,0,1.0
tut_top5_train_0000857,train,4,3,3,1.0
tut_top5_train_0000858,train,4,3,3,1.0
tut_top5_train_0000859,train,4,1,1,1.0
tut_top5_train_0000860,train,4,1,1,1.0
tut_top5_train_0000861,train,4,3,3,1.0
tut_top5_train_0000862,train,4,3,3,1.0
tut_top5_train_0000863,train,4,2,2,1.0
tut_top5_train_0000864,train,4,3,3,1.0
tut_top5_train_0000865,train,4,2,2,1.0
tut_top5_train_0000866,train,4,0,0,1.0
tut_top5_train_0000867,train,4,2,2,1.0
tut_top5_train_0000868,train,4,0,0,1.0
tut_top5_train_0000869,train,4,0,0,1.0
tut_top5_train_0000870,train,4,0,0,1.0
tut_top5_train_0000871,train,4,2,2,1.0
tut_top5_train_0000872,train,4,2,2,1.0
tut_top5_train_0000873,train,4,0,0,1.0
tut_top5_train_0000874,train,4,2,2,1.0
tut_top5_train_0000875,train,4,1,1,1.0
tut_top5_train_0000876,train,4,3,3,1.0
tut_top5_train_0000877,train,4,0,0,1.0
tut_top5_train_0000878,train,4,2,2,1.0
tut_top5_train_0000879,train,4,2,2,1.0
tut_top5_train_0000880,train,4,0,0,1.0
tut_top5_train_0000881,train,4,2,2,1.0
tut_top5_train_0000882,train,4,3,3,1.0
tut_top5_train_0000883,train,4,0,0,1.0
tut_top5_train_0000884,train,4,0,0,1.0
tut_top5_train_0000885,train,4,3,3,1.0
tut_top5_train_0000886,train,4,2,2,1.0
tut_top5_train_0000887,train,4,0,0,1.0
tut_top5_train_0000888,train,4,1,1,1.0
tut_top5_train_0000889,train,4,2,2,1.0
tut_top5_train_0000890,train,4,0,0,1.0
tut_top5_train_0000891,train,4,2,2,1.0
tut_top5_train_0000892,train,4,3,3,1.0
tut_top5_train_0000893,train,4,2,2,1.0
tut_top5_train_0000894,train,4,3,3,1.0
tut_top5_train_0000895,train,4,2,2,1.0
tut_top5_train_0000896,train,4,1,1,1.0
tut_top5_train_0000897,train,4,0,0,1.0
tut_top5_train_0000898,train,4,1,1,1.0
tut_top5_train_0000899,train,4,2,2,1.0
tut_top5_train_0000900,train,4,0,0,1.0
tut_top5_train_0000901,train,4,1,1,1.0
tut_top5_train_0000902,train,4,2,2,1.0
tut_top5_train_0000903,train,4,1,1,1.0
tut_top5_train_0000904,train,4,1,1,1.0
tut_top5_train_0000905,train,4,0,0,1.0
tut_top5_train_0000906,train,4,3,3,1.0
tut_top5_train_0000907,train,4,2,2,1.0
tut_top5_train_0000908,train,4,2,2,1.0
tut_top5_train_0000909,train,4,0,0,1.0
tut_top5_train_0000910,train,4,2,2,1.0
tut_top5_train_0000911,train,4,2,2,1.0
tut_top5_train_0000912,train,4,3,3,1.0
tut_top5_train_0000913,train,4,3,3,1.0
tut_top5_train_0000914,train,4,1,1,1.0
tut_top5_train_0000915,train,4,1,1,1.0
tut_top5_train_0000916,train,4,2,2,1.0
tut_top5_train_0000917,train,4,3,3,1.0
tut_top5_train_0000918,train,4,2,2,1.0
tut_top5_train_0000919,train,4,1,1,1.0
tut_top5_train_0000920,train,4,1,1,1.0
tut_top5_train_0000921,train,4,2,2,1.0
tut_top5_train_0000922,train,4,0,0,1.0
tut_top5_train_0000923,train,4,1,1,1.0
tut_top5_train_0000924,train,4,2,2,1.0
tut_top5_train_0000925,train,4,0,0,1.0
tut_top5_train_0000926,train,4,2,2,1.0
tut_top5_train_0000927,train,4,1,1,1.0
tut_top5_train_0000928,train,4,1,1,1.0
tut_top5_train_0000929,train,4,0,0,1.0
tut_top5_train_0000930,train,4,2,2,1.0
tut_top5_train_0000931,train,4,0,0,1.0
tut_top5_train_0000932,train,4,3,3,1.0
tut_top5_train_0000933,train,4,0,0,1.0
tut_top5_train_0000934,train,4,1,1,1.0
tut_top5_train_0000935,train,4,2,2,1.0
tut_top5_train_0000936,train,4,3,3,1.0
tut_top5_train_0000937,train,4,2,2,1.0
tut_top5_train_0000938,train,4,0,0,1.0
tut_top5_train_0000939,train,4,2,2,1.0
tut_top5_train_0000940,train,4,2,2,1.0
tut_top5_train_0000941,train,4,2,2,1.0
tut_top5_train_0000942,train,4,0,0,1.0
tut_top5_train_0000943,train,4,3,3,1.0
tut_top5_train_0000944,train,4,0,0,1.0
tut_top5_train_0000945,train,4,1,1,1.0
tut_top5_train_0000946,train,4,2,2,1.0
tut_top5_train_0000947,train,4,1,1,1.0
tut_top5_train_0000948,train,4,3,3,1.0
tut_top5_train_0000949,train,4,0,0,1.0
tut_top5_train_0000950,train,4,0,0,1.0
tut_top5_train_0000951,train,4,1,1,1.0
tut_top5_train_0000952,train,4,0,0,1.0
tut_top5_train_0000953,train,4,2,2,1.0
tut_top5_train_0000954,train,4,2,2,1.0
tut_top5_train_0000955,train,4,0,0,1.0
tut_top5_train_0000956,train,4,2,2,1.0
tut_top5_train_0000957,train,4,1,1,1.0
tut_top5_train_0000958,train,4,1,1,1.0
tut_top5_train_0000959,train,4,3,3,1.0
tut_top5_train_0000960,train,4,0,0,1.0
tut_top5_train_0000961,train,4,2,2,1.0
tut_top5_train_0000962,train,4,1,1,1.0
tut_top5_train_0000963,train,4,2,2,1.0
tut_top5_train_0000964,train,4,0,0,1.0
tut_top5_train_0000965,train,4,3,3,1.0
tut_top5_train_0000966,train,4,0,0,1.0
tut_top5_train_0000967,train,4,0,0,1.0
tut_top5_train_0000968,train,4,0,0,1.0
tut_top5_train_0000969,train,4,2,2,1.0
tut_top5_train_0000970,train,4,0,0,1.0
tut_top5_train_0000971,train,4,0,0,1.0
tut_top5_train_0000972,train,4,0,0,1.0
tut_top5_train_0000973,train,4,3,3,1.0
tut_top5_train_0000974,train,4,0,0,1.0
tut_top5_train_0000975,train,4,0,0,1.0
tut_top5_train_0000976,train,4,2,2,1.0
tut_top5_train_0000977,train,4,2,2,1.0
tut_top5_train_0000978,train,4,2,2,1.0
tut_top5_train_0000979,train,4,2,2,1.0
tut_top5_train_0000980,train,4,2,2,1.0
tut_top5_train_0000981,train,4,1,1,1.0
tut_top5_train_0000982,train,4,1,1,1.0
tut_top5_train_0000983,train,4,1,1,1.0
tut_top5_train_0000984,train,4,2,2,1.0
tut_top5_train_0000985,train,4,2,2,1.0
tut_top5_train_0000986,train,4,2,2,1.0
tut_top5_train_0000987,train,4,1,1,1.0
tut_top5_train_0000988,train,4,2,2,1.0
tut_top5_train_0000989,train,4,2,2,1.0
tut_top5_train_0000990,train,4,1,1,1.0
tut_top5_train_0000991,train,4,3,3,1.0
tut_top5_train_0000992,train,4,0,0,1.0
tut_top5_train_0000993,train,4,1,1,1.0
tut_top5_train_0000994,train,4,0,0,1.0
tut_top5_train_0000995,train,4,0,0,1.0
tut_top5_train_0000996,train,4,1,1,1.0
tut_top5_train_0000997,train,4,0,0,1.0
tut_top5_train_0000998,train,4,2,2,1.0
tut_top5_train_0000999,train,4,2,2,1.0
tut_top5_train_0001000,train,4,2,2,1.0
tut_top5_train_0001001,train,4,0,0,1.0
tut_top5_train_0001002,train,4,0,0,1.0
tut_top5_train_0001003,train,4,2,2,1.0
tut_top5_train_0001004,train,4,3,3,1.0
tut_top5_train_0001005,train,4,0,0,1.0
tut_top5_train_0001006,train,4,1,1,1.0
tut_top5_train_0001007,train,4,1,1,1.0
tut_top5_train_0001008,train,4,1,1,1.0
tut_top5_train_0001009,train,4,1,1,1.0
tut_top5_train_0001010,train,4,0,0,1.0
tut_top5_train_0001011,train,4,2,2,1.0
tut_top5_train_0001012,train,4,2,2,1.0
tut_top5_train_0001013,train,4,0,0,1.0
tut_top5_train_0001014,train,4,2,2,1.0
tut_top5_train_0001015,train,4,1,1,1.0
tut_top5_train_0001016,train,4,2,2,1.0
tut_top5_train_0001017,train,4,0,0,1.0
tut_top5_train_0001018,train,4,3,3,1.0
tut_top5_train_0001019,train,4,0,0,1.0
tut_top5_train_0001020,train,4,2,2,1.0
tut_top5_train_0001021,train,4,1,1,1.0
tut_top5_train_0001022,train,4,3,3,1.0
tut_top5_train_0001023,train,4,2,2,1.0
tut_top5_train_0001024,train,4,2,2,1.0
tut_top5_train_0001025,train,4,1,1,1.0
tut_top5_train_0001026,train,4,2,2,1.0
tut_top5_train_0001027,train,4,3,3,1.0
tut_top5_train_0001028,train,4,2,2,1.0
tut_top5_train_0001029,train,4,3,3,1.0
tut_top5_train_0001030,train,4,2,2,1.0
tut_top5_train_0001031,train,4,2,2,1.0
tut_top5_train_0001032,train,4,2,2,1.0
tut_top5_train_0001033,train,4,1,1,1.0
tut_top5_train_0001034,train,4,0,0,1.0
tut_top5_train_0001035,train,4,0,0,1.0
tut_top5_train_0001036,train,4,0,0,1.0
tut_top5_train_0001037,train,4,2,2,1.0
tut_top5_train_0001038,train,4,1,1,1.0
tut_top5_train_0001039,train,4,1,1,1.0
tut_top5_train_0001040,train,4,1,1,1.0
tut_top5_train_0001041,train,4,1,1,1.0
tut_top5_train_0001042,train,4,0,0,1.0
tut_top5_train_0001043,train,4,2,2,1.0
tut_top5_train_0001044,train,4,0,0,1.0
tut_top5_train_0001045,train,4,2,2,1.0
tut_top5_train_0001046,train,4,1,1,1.0
tut_top5_train_0001047,train,4,2,2,1.0
tut_top5_train_0001048,train,4,2,2,1.0
tut_top5_train_0001049,train,4,2,2,1.0
tut_top5_train_0001050,train,4,2,2,1.0
tut_top5_train_0001051,train,4,0,0,1.0
tut_top5_train_0001052,train,4,2,2,1.0
tut_top5_train_0001053,train,4,1,1,1.0
tut_top5_train_0001054,train,4,2,2,1.0
tut_top5_train_0001055,train,4,0,0,1.0
tut_top5_train_0001056,train,4,0,0,1.0
tut_top5_train_0001057,train,4,2,2,1.0
tut_top5_train_0001058,train,4,0,0,1.0
tut_top5_train_0001059,train,4,2,2,1.0
tut_top5_train_0001060,train,4,2,2,1.0
tut_top5_train_0001061,train,4,1,1,1.0
tut_top5_train_0001062,train,4,2,2,1.0
tut_top5_train_0001063,train,4,2,2,1.0
tut_top5_train_0001064,train,4,0,0,1.0
tut_top5_train_0001065,train,4,3,3,1.0
tut_top5_train_0001066,train,4,2,2,1.0
tut_top5_train_0001067,train,4,3,3,1.0
tut_top5_train_0001068,train,4,2,2,1.0
tut_top5_train_0001069,train,4,0,0,1.0
tut_top5_train_0001070,train,4,2,2,1.0
tut_top5_train_0001071,train,4,1,1,1.0
tut_top5_train_0001072,train,4,2,2,1.0
tut_top5_train_0001073,train,4,0,0,1.0
tut_top5_train_0001074,train,4,0,0,1.0
tut_top5_train_0001075,train,4,0,0,1.0
tut_top5_train_0001076,train,4,0,0,1.0
tut_top5_train_0001077,train,4,0,0,1.0
tut_top5_train_0001078,train,4,1,1,1.0
tut_top5_train_0001079,train,4,1,1,1.0
tut_top5_train_0001080,train,4,0,0,1.0
tut_top5_train_0001081,train,4,1,1,1.0
tut_top5_train_0001082,train,4,2,2,1.0
tut_top5_train_0001083,train,4,0,0,1.0
tut_top5_train_0001084,train,4,3,3,1.0
tut_top5_train_0001085,train,4,0,0,1.0
tut_top5_train_0001086,train,4,2,2,1.0
tut_top5_train_0001087,train,4,3,3,1.0
tut_top5_train_0001088,train,4,2,2,1.0
tut_top5_train_0001089,train,4,0,0,1.0
tut_top5_train_0001090,train,4,1,1,1.0
tut_top5_train_0001091,train,4,1,1,1.0
tut_top5_train_0001092,train,4,0,0,1.0
tut_top5_train_0001093,train,4,2,2,1.0
tut_top5_train_0001094,train,4,0,0,1.0
tut_top5_train_0001095,train,4,1,1,1.0
tut_top5_train_0001096,train,4,1,1,1.0
tut_top5_train_0001097,train,4,3,3,1.0
tut_top5_train_0001098,train,4,1,1,1.0
tut_top5_train_0001099,train,4,0,0,1.0
tut_top5_train_0001100,train,4,0,0,1.0
tut_top5_train_0001101,train,4,1,1,1.0
tut_top5_train_0001102,train,4,2,2,1.0
tut_top5_train_0001103,train,4,1,1,1.0
tut_top5_train_0001104,train,4,1,1,1.0
tut_top5_train_0001105,train,4,0,0,1.0
tut_top5_train_0001106,train,4,3,3,1.0
tut_top5_train_0001107,train,4,3,3,1.0
tut_top5_train_0001108,train,4,0,0,1.0
tut_top5_train_0001109,train,4,1,1,1.0
tut_top5_train_0001110,train,4,1,1,1.0
tut_top5_train_0001111,train,4,0,0,1.0
tut_top5_train_0001112,train,4,0,0,1.0
tut_top5_train_0001113,train,4,1,1,1.0
tut_top5_train_0001114,train,4,0,0,1.0
tut_top5_train_0001115,train,4,2,2,1.0
tut_top5_train_0001116,train,4,2,2,1.0
tut_top5_train_0001117,train,4,0,0,1.0
tut_top5_train_0001118,train,4,1,1,1.0
tut_top5_train_0001119,train,4,1,1,1.0
tut_top5_train_0001120,train,4,2,2,1.0
tut_top5_train_0001121,train,4,2,2,1.0
tut_top5_train_0001122,train,4,2,2,1.0
tut_top5_train_0001123,train,4,2,2,1.0
tut_top5_train_0001124,train,4,2,2,1.0
tut_top5_train_0001125,train,4,1,1,1.0
tut_top5_train_0001126,train,4,1,1,1.0
tut_top5_train_0001127,train,4,2,2,1.0
tut_top5_train_0001128,train,4,0,0,1.0
tut_top5_train_0001129,train,4,1,1,1.0
tut_top5_train_0001130,train,4,0,0,1.0
tut_top5_train_0001131,train,4,0,0,1.0
tut_top5_train_0001132,train,4,1,1,1.0
tut_top5_train_0001133,train,4,3,3,1.0
tut_top5_train_0001134,train,4,3,3,1.0
tut_top5_train_0001135,train,4,3,3,1.0
tut_top5_train_0001136,train,4,1,1,1.0
tut_top5_train_0001137,train,4,2,2,1.0
tut_top5_train_0001138,train,4,3,3,1.0
tut_top5_train_0001139,train,4,1,1,1.0
tut_top5_train_0001140,train,4,2,2,1.0
tut_top5_train_0001141,train,4,3,3,1.0
tut_top5_train_0001142,train,4,0,0,1.0
tut_top5_train_0001143,train,4,1,1,1.0
tut_top5_train_0001144,train,4,2,2,1.0
tut_top5_train_0001145,train,4,3,3,1.0
tut_top5_train_0001146,train,4,3,3,1.0
tut_top5_train_0001147,train,4,2,2,1.0
tut_top5_train_0001148,train,4,3,3,1.0
tut_top5_train_0001149,train,4,0,0,1.0
tut_top5_train_0001150,train,4,2,2,1.0
tut_top5_train_0001151,train,4,2,2,1.0
tut_top5_train_0001152,train,4,0,0,1.0
tut_top5_train_0001153,train,4,3,3,1.0
tut_top5_train_0001154,train,4,0,0,1.0
tut_top5_train_0001155,train,4,1,1,1.0
tut_top5_train_0001156,train,4,1,1,1.0
tut_top5_train_0001157,train,4,1,1,1.0
tut_top5_train_0001158,train,4,2,2,1.0
tut_top5_train_0001159,train,4,0,0,1.0
tut_top5_train_0001160,train,4,0,0,1.0
tut_top5_train_0001161,train,4,0,0,1.0
tut_top5_train_0001162,train,4,3,3,1.0
tut_top5_train_0001163,train,4,1,1,1.0
tut_top5_train_0001164,train,4,3,3,1.0
tut_top5_train_0001165,train,4,1,1,1.0
tut_top5_train_0001166,train,4,0,0,1.0
tut_top5_train_0001167,train,4,1,1,1.0
tut_top5_train_0001168,train,4,1,1,1.0
tut_top5_train_0001169,train,4,1,1,1.0
tut_top5_train_0001170,train,4,0,0,1.0
tut_top5_train_0001171,train,4,0,0,1.0
tut_top5_train_0001172,train,4,1,1,1.0
tut_top5_train_0001173,train,4,2,2,1.0
tut_top5_train_0001174,train,4,2,2,1.0
tut_top5_train_0001175,train,4,2,2,1.0
tut_top5_train_0001176,train,4,1,1,1.0
tut_top5_train_0001177,train,4,2,2,1.0
tut_top5_train_0001178,train,4,1,1,1.0
tut_top5_train_0001179,train,4,0,0,1.0
tut_top5_train_0001180,train,4,0,0,1.0
tut_top5_train_0001181,train,4,1,1,1.0
tut_top5_train_0001182,train,4,1,1,1.0
tut_top5_train_0001183,train,4,2,2,1.0
tut_top5_train_0001184,train,4,1,1,1.0
tut_top5_train_0001185,train,4,2,2,1.0
tut_top5_train_0001186,train,4,3,3,1.0
tut_top5_train_0001187,train,4,1,1,1.0
tut_top5_train_0001188,train,4,1,1,1.0
tut_top5_train_0001189,train,4,0,0,1.0
tut_top5_train_0001190,train,4,1,1,1.0
tut_top5_train_0001191,train,4,0,0,1.0
tut_top5_train_0001192,train,4,0,0,1.0
tut_top5_train_0001193,train,4,2,2,1.0
tut_top5_train_0001194,train,4,2,2,1.0
tut_top5_train_0001195,train,4,0,0,1.0
tut_top5_train_0001196,train,4,2,2,1.0
tut_top5_train_0001197,train,4,3,3,1.0
tut_top5_train_0001198,train,4,0,0,1.0
tut_top5_train_0001199,train,4,3,3,1.0
tut_top5_train_0001200,train,4,0,0,1.0
tut_top5_train_0001201,train,4,0,0,1.0
tut_top5_train_0001202,train,4,2,2,1.0
tut_top5_train_0001203,train,4,3,3,1.0
tut_top5_train_0001204,train,4,1,1,1.0
tut_top5_train_0001205,train,4,0,0,1.0
tut_top5_train_0001206,train,4,0,0,1.0
tut_top5_train_0001207,train,4,0,0,1.0
tut_top5_train_0001208,train,4,1,1,1.0
tut_top5_train_0001209,train,4,0,0,1.0
tut_top5_train_0001210,train,4,1,1,1.0
tut_top5_train_0001211,train,4,2,2,1.0
tut_top5_train_0001212,train,4,0,0,1.0
tut_top5_train_0001213,train,4,0,0,1.0
tut_top5_train_0001214,train,4,0,0,1.0
tut_top5_train_0001215,train,4,2,2,1.0
tut_top5_train_0001216,train,4,1,1,1.0
tut_top5_train_0001217,train,4,1,1,1.0
tut_top5_train_0001218,train,4,1,1,1.0
tut_top5_train_0001219,train,4,0,0,1.0
tut_top5_train_0001220,train,4,2,2,1.0
tut_top5_train_0001221,train,4,1,1,1.0
tut_top5_train_0001222,train,4,0,0,1.0
tut_top5_train_0001223,train,4,0,0,1.0
tut_top5_train_0001224,train,4,2,2,1.0
tut_top5_train_0001225,train,4,2,2,1.0
tut_top5_train_0001226,train,4,3,3,1.0
tut_top5_train_0001227,train,4,1,1,1.0
tut_top5_train_0001228,train,4,2,2,1.0
tut_top5_train_0001229,train,4,1,1,1.0
tut_top5_train_0001230,train,4,2,2,1.0
tut_top5_train_0001231,train,4,2,2,1.0
tut_top5_train_0001232,train,4,3,3,1.0
tut_top5_train_0001233,train,4,0,0,1.0
tut_top5_train_0001234,train,4,1,1,1.0
tut_top5_train_0001235,train,4,0,0,1.0
tut_top5_train_0001236,train,4,1,1,1.0
tut_top5_train_0001237,train,4,3,3,1.0
tut_top5_train_0001238,train,4,2,2,1.0
tut_top5_train_0001239,train,4,1,1,1.0
tut_top5_train_0001240,train,4,0,0,1.0
tut_top5_train_0001241,train,4,2,2,1.0
tut_top5_train_0001242,train,4,2,2,1.0
tut_top5_train_0001243,train,4,0,0,1.0
tut_top5_train_0001244,train,4,0,0,1.0
tut_top5_train_0001245,train,4,1,1,1.0
tut_top5_train_0001246,train,4,2,2,1.0
tut_top5_train_0001247,train,4,2,2,1.0
tut_top5_train_0001248,train,4,0,0,1.0
tut_top5_train_0001249,train,4,3,3,1.0
tut_top5_train_0001250,train,4,2,2,1.0
tut_top5_train_0001251,train,4,2,2,1.0
tut_top5_train_0001252,train,4,1,1,1.0
tut_top5_train_0001253,train,4,1,1,1.0
tut_top5_train_0001254,train,4,2,2,1.0
tut_top5_train_0001255,train,4,0,0,1.0
tut_top5_train_0001256,train,4,1,1,1.0
tut_top5_train_0001257,train,4,2,2,1.0
tut_top5_train_0001258,train,4,0,0,1.0
tut_top5_train_0001259,train,4,1,1,1.0
tut_top5_train_0001260,train,4,1,1,1.0
tut_top5_train_0001261,train,4,0,0,1.0
tut_top5_train_0001262,train,4,2,2,1.0
tut_top5_train_0001263,train,4,2,2,1.0
tut_top5_train_0001264,train,4,3,3,1.0
tut_top5_train_0001265,train,4,3,3,1.0
tut_top5_train_0001266,train,4,2,2,1.0
tut_top5_train_0001267,train,4,3,3,1.0
tut_top5_train_0001268,train,4,2,2,1.0
tut_top5_train_0001269,train,4,2,2,1.0
tut_top5_train_0001270,train,4,0,0,1.0
tut_top5_train_0001271,train,4,0,0,1.0
tut_top5_train_0001272,train,4,0,0,1.0
tut_top5_train_0001273,train,4,2,2,1.0
tut_top5_train_0001274,train,4,0,0,1.0
tut_top5_train_0001275,train,4,2,2,1.0
tut_top5_train_0001276,train,4,2,2,1.0
tut_top5_train_0001277,train,4,2,2,1.0
tut_top5_train_0001278,train,4,0,0,1.0
tut_top5_train_0001279,train,4,3,3,1.0
tut_top5_train_0001280,train,4,2,2,1.0
tut_top5_train_0001281,train,4,2,2,1.0
tut_top5_train_0001282,train,4,1,1,1.0
tut_top5_train_0001283,train,4,1,1,1.0
tut_top5_train_0001284,train,4,3,3,1.0
tut_top5_train_0001285,train,4,2,2,1.0
tut_top5_train_0001286,train,4,0,0,1.0
tut_top5_train_0001287,train,4,2,2,1.0
tut_top5_train_0001288,train,4,2,2,1.0
tut_top5_train_0001289,train,4,1,1,1.0
tut_top5_train_0001290,train,4,0,0,1.0
tut_top5_train_0001291,train,4,2,2,1.0
tut_top5_train_0001292,train,4,2,2,1.0
tut_top5_train_0001293,train,4,2,2,1.0
tut_top5_train_0001294,train,4,3,3,1.0
tut_top5_train_0001295,train,4,2,2,1.0
tut_top5_train_0001296,train,4,1,1,1.0
tut_top5_train_0001297,train,4,2,2,1.0
tut_top5_train_0001298,train,4,3,3,1.0
tut_top5_train_0001299,train,4,1,1,1.0
tut_top5_train_0001300,train,4,2,2,1.0
tut_top5_train_0001301,train,4,0,0,1.0
tut_top5_train_0001302,train,4,2,2,1.0
tut_top5_train_0001303,train,4,1,1,1.0
tut_top5_train_0001304,train,4,0,0,1.0
tut_top5_train_0001305,train,4,1,1,1.0
tut_top5_train_0001306,train,4,1,1,1.0
tut_top5_train_0001307,train,4,1,1,1.0
tut_top5_train_0001308,train,4,3,3,1.0
tut_top5_train_0001309,train,4,0,0,1.0
tut_top5_train_0001310,train,4,2,2,1.0
tut_top5_train_0001311,train,4,2,2,1.0
tut_top5_train_0001312,train,4,2,2,1.0
tut_top5_train_0001313,train,4,0,0,1.0
tut_top5_train_0001314,train,4,3,3,1.0
tut_top5_train_0001315,train,4,2,2,1.0
tut_top5_train_0001316,train,4,2,2,1.0
tut_top5_train_0001317,train,4,3,3,1.0
tut_top5_train_0001318,train,4,3,3,1.0
tut_top5_train_0001319,train,4,0,0,1.0
tut_top5_train_0001320,train,4,2,2,1.0
tut_top5_train_0001321,train,4,1,1,1.0
tut_top5_train_0001322,train,4,0,0,1.0
tut_top5_train_0001323,train,4,2,2,1.0
tut_top5_train_0001324,train,4,1,1,1.0
tut_top5_train_0001325,train,4,2,2,1.0
tut_top5_train_0001326,train,4,0,0,1.0
tut_top5_train_0001327,train,4,2,2,1.0
tut_top5_train_0001328,train,4,3,3,1.0
tut_top5_train_0001329,train,4,3,3,1.0
tut_top5_train_0001330,train,4,0,0,1.0
tut_top5_train_0001331,train,4,1,1,1.0
tut_top5_train_0001332,train,4,0,0,1.0
tut_top5_train_0001333,train,4,0,0,1.0
tut_top5_train_0001334,train,4,2,2,1.0
tut_top5_train_0001335,train,4,0,0,1.0
tut_top5_train_0001336,train,4,0,0,1.0
tut_top5_train_0001337,train,4,1,1,1.0
tut_top5_train_0001338,train,4,1,1,1.0
tut_top5_train_0001339,train,4,3,3,1.0
tut_top5_train_0001340,train,4,1,1,1.0
tut_top5_train_0001341,train,4,1,1,1.0
tut_top5_train_0001342,train,4,3,3,1.0
tut_top5_train_0001343,train,4,1,1,1.0
tut_top5_train_0001344,train,4,1,1,1.0
tut_top5_train_0001345,train,4,0,0,1.0
tut_top5_train_0001346,train,4,2,2,1.0
tut_top5_train_0001347,train,4,0,0,1.0
tut_top5_train_0001348,train,4,3,3,1.0
tut_top5_train_0001349,train,4,1,1,1.0
tut_top5_train_0001350,train,4,0,0,1.0
tut_top5_train_0001351,train,4,1,1,1.0
tut_top5_train_0001352,train,4,3,3,1.0
tut_top5_train_0001353,train,4,0,0,1.0
tut_top5_train_0001354,train,4,0,0,1.0
tut_top5_train_0001355,train,4,2,2,1.0
tut_top5_train_0001356,train,4,0,0,1.0
tut_top5_train_0001357,train,4,1,1,1.0
tut_top5_train_0001358,train,4,1,1,1.0
tut_top5_train_0001359,train,4,0,0,1.0
tut_top5_train_0001360,train,4,0,0,1.0
tut_top5_train_0001361,train,4,0,0,1.0
tut_top5_train_0001362,train,4,3,3,1.0
tut_top5_train_0001363,train,4,1,1,1.0
tut_top5_train_0001364,train,4,3,3,1.0
tut_top5_train_0001365,train,4,2,2,1.0
tut_top5_train_0001366,train,4,0,0,1.0
tut_top5_train_0001367,train,4,2,2,1.0
tut_top5_train_0001368,train,4,3,3,1.0
tut_top5_train_0001369,train,4,1,1,1.0
tut_top5_train_0001370,train,4,0,0,1.0
tut_top5_train_0001371,train,4,3,3,1.0
tut_top5_train_0001372,train,4,1,1,1.0
tut_top5_train_0001373,train,4,1,1,1.0
tut_top5_train_0001374,train,4,1,1,1.0
tut_top5_train_0001375,train,4,0,0,1.0
tut_top5_train_0001376,train,4,2,2,1.0
tut_top5_train_0001377,train,4,1,1,1.0
tut_top5_train_0001378,train,4,1,1,1.0
tut_top5_train_0001379,train,4,1,1,1.0
tut_top5_train_0001380,train,4,2,2,1.0
tut_top5_train_0001381,train,4,0,0,1.0
tut_top5_train_0001382,train,4,0,0,1.0
tut_top5_train_0001383,train,4,1,1,1.0
tut_top5_train_0001384,train,4,1,1,1.0
tut_top5_train_0001385,train,4,0,0,1.0
tut_top5_train_0001386,train,4,3,3,1.0
tut_top5_train_0001387,train,4,2,2,1.0
tut_top5_train_0001388,train,4,1,1,1.0
tut_top5_train_0001389,train,4,0,0,1.0
tut_top5_train_0001390,train,4,0,0,1.0
tut_top5_train_0001391,train,4,2,2,1.0
tut_top5_train_0001392,train,4,0,0,1.0
tut_top5_train_0001393,train,4,0,0,1.0
tut_top5_train_0001394,train,4,1,1,1.0
tut_top5_train_0001395,train,4,2,2,1.0
tut_top5_train_0001396,train,4,0,0,1.0
tut_top5_train_0001397,train,4,1,1,1.0
tut_top5_train_0001398,train,4,0,0,1.0
tut_top5_train_0001399,train,4,2,2,1.0
tut_top5_train_0001400,train,4,2,2,1.0
tut_top5_train_0001401,train,4,1,1,1.0
tut_top5_train_0001402,train,4,1,1,1.0
tut_top5_train_0001403,train,4,2,2,1.0
tut_top5_train_0001404,train,4,3,3,1.0
tut_top5_train_0001405,train,4,2,2,1.0
tut_top5_train_0001406,train,4,1,1,1.0
tut_top5_train_0001407,train,4,2,2,1.0
tut_top5_train_0001408,train,4,2,2,1.0
tut_top5_train_0001409,train,4,2,2,1.0
tut_top5_train_0001410,train,4,2,2,1.0
tut_top5_train_0001411,train,4,0,0,1.0
tut_top5_train_0001412,train,4,2,2,1.0
tut_top5_train_0001413,train,4,3,3,1.0
tut_top5_train_0001414,train,4,1,1,1.0
tut_top5_train_0001415,train,4,0,0,1.0
tut_top5_train_0001416,train,4,3,3,1.0
tut_top5_train_0001417,train,4,2,2,1.0
tut_top5_train_0001418,train,4,2,2,1.0
tut_top5_train_0001419,train,4,2,2,1.0
tut_top5_train_0001420,train,4,3,3,1.0
tut_top5_train_0001421,train,4,1,1,1.0
tut_top5_train_0001422,train,4,2,2,1.0
tut_top5_train_0001423,train,4,1,1,1.0
tut_top5_train_0001424,train,4,1,1,1.0
tut_top5_train_0001425,train,4,3,3,1.0
tut_top5_train_0001426,train,4,1,1,1.0
tut_top5_train_0001427,train,4,2,2,1.0
tut_top5_train_0001428,train,4,2,2,1.0
tut_top5_train_0001429,train,4,0,0,1.0
tut_top5_train_0001430,train,4,1,1,1.0
tut_top5_train_0001431,train,4,1,1,1.0
tut_top5_train_0001432,train,4,2,2,1.0
tut_top5_train_0001433,train,4,1,1,1.0
tut_top5_train_0001434,train,4,1,1,1.0
tut_top5_train_0001435,train,4,0,0,1.0
tut_top5_train_0001436,train,4,1,1,1.0
tut_top5_train_0001437,train,4,0,0,1.0
tut_top5_train_0001438,train,4,1,1,1.0
tut_top5_train_0001439,train,4,2,2,1.0
tut_top5_train_0001440,train,4,0,0,1.0
tut_top5_train_0001441,train,4,3,3,1.0
tut_top5_train_0001442,train,4,0,0,1.0
tut_top5_train_0001443,train,4,3,3,1.0
tut_top5_train_0001444,train,4,1,1,1.0
tut_top5_train_0001445,train,4,0,0,1.0
tut_top5_train_0001446,train,4,0,0,1.0
tut_top5_train_0001447,train,4,1,1,1.0
tut_top5_train_0001448,train,4,2,2,1.0
tut_top5_train_0001449,train,4,2,2,1.0
tut_top5_train_0001450,train,4,3,3,1.0
tut_top5_train_0001451,train,4,1,1,1.0
tut_top5_train_0001452,train,4,1,1,1.0
tut_top5_train_0001453,train,4,1,1,1.0
tut_top5_train_0001454,train,4,1,1,1.0
tut_top5_train_0001455,train,4,3,3,1.0
tut_top5_train_0001456,train,4,2,2,1.0
tut_top5_train_0001457,train,4,1,1,1.0
tut_top5_train_0001458,train,4,1,1,1.0
tut_top5_train_0001459,train,4,2,2,1.0
tut_top5_train_0001460,train,4,2,2,1.0
tut_top5_train_0001461,train,4,0,0,1.0
tut_top5_train_0001462,train,4,2,2,1.0
tut_top5_train_0001463,train,4,1,1,1.0
tut_top5_train_0001464,train,4,1,1,1.0
tut_top5_train_0001465,train,4,1,1,1.0
tut_top5_train_0001466,train,4,0,0,1.0
tut_top5_train_0001467,train,4,3,3,1.0
tut_top5_train_0001468,train,4,2,2,1.0
tut_top5_train_0001469,train,4,0,0,1.0
tut_top5_train_0001470,train,4,2,2,1.0
tut_top5_train_0001471,train,4,0,0,1.0
tut_top5_train_0001472,train,4,2,2,1.0
tut_top5_train_0001473,train,4,0,0,1.0
tut_top5_train_0001474,train,4,3,3,1.0
tut_top5_train_0001475,train,4,1,1,1.0
tut_top5_train_0001476,train,4,1,1,1.0
tut_top5_train_0001477,train,4,1,1,1.0
tut_top5_train_0001478,train,4,3,3,1.0
tut_top5_train_0001479,train,4,2,2,1.0
tut_top5_train_0001480,train,4,2,2,1.0
tut_top5_train_0001481,train,4,1,1,1.0
tut_top5_train_0001482,train,4,2,2,1.0
tut_top5_train_0001483,train,4,2,2,1.0
tut_top5_train_0001484,train,4,1,1,1.0
tut_top5_train_0001485,train,4,2,2,1.0
tut_top5_train_0001486,train,4,0,0,1.0
tut_top5_train_0001487,train,4,2,2,1.0
tut_top5_train_0001488,train,4,1,1,1.0
tut_top5_train_0001489,train,4,2,2,1.0
tut_top5_train_0001490,train,4,3,3,1.0
tut_top5_train_0001491,train,4,2,2,1.0
tut_top5_train_0001492,train,4,2,2,1.0
tut_top5_train_0001493,train,4,2,2,1.0
tut_top5_train_0001494,train,4,1,1,1.0
tut_top5_train_0001495,train,4,2,2,1.0
tut_top5_train_0001496,train,4,2,2,1.0
tut_top5_train_0001497,train,4,0,0,1.0
tut_top5_train_0001498,train,4,2,2,1.0
tut_top5_train_0001499,train,4,2,2,1.0
tut_top5_train_0001500,train,4,0,0,1.0
tut_top5_train_0001501,train,4,3,3,1.0
tut_top5_train_0001502,train,4,3,3,1.0
tut_top5_train_0001503,train,4,3,3,1.0
tut_top5_train_0001504,train,4,1,1,1.0
tut_top5_train_0001505,train,4,0,0,1.0
tut_top5_train_0001506,train,4,2,2,1.0
tut_top5_train_0001507,train,4,0,0,1.0
tut_top5_train_0001508,train,4,0,0,1.0
tut_top5_train_0001509,train,4,2,2,1.0
tut_top5_train_0001510,train,4,2,2,1.0
tut_top5_train_0001511,train,4,0,0,1.0
tut_top5_train_0001512,train,4,0,0,1.0
tut_top5_train_0001513,train,4,1,1,1.0
tut_top5_train_0001514,train,4,1,1,1.0
tut_top5_train_0001515,train,4,0,0,1.0
tut_top5_train_0001516,train,4,0,0,1.0
tut_top5_train_0001517,train,4,2,2,1.0
tut_top5_train_0001518,train,4,2,2,1.0
tut_top5_train_0001519,train,4,1,1,1.0
tut_top5_train_0001520,train,4,1,1,1.0
tut_top5_train_0001521,train,4,1,1,1.0
tut_top5_train_0001522,train,4,1,1,1.0
tut_top5_train_0001523,train,4,1,1,1.0
tut_top5_train_0001524,train,4,2,2,1.0
tut_top5_train_0001525,train,4,2,2,1.0
tut_top5_train_0001526,train,4,2,2,1.0
tut_top5_train_0001527,train,4,0,0,1.0
tut_top5_train_0001528,train,4,1,1,1.0
tut_top5_train_0001529,train,4,1,1,1.0
tut_top5_train_0001530,train,4,2,2,1.0
tut_top5_train_0001531,train,4,0,0,1.0
tut_top5_train_0001532,train,4,1,1,1.0
tut_top5_train_0001533,train,4,2,2,1.0
tut_top5_train_0001534,train,4,1,1,1.0
tut_top5_train_0001535,train,4,1,1,1.0
tut_top5_train_0001536,train,4,0,0,1.0
tut_top5_train_0001537,train,4,2,2,1.0
tut_top5_train_0001538,train,4,2,2,1.0
tut_top5_train_0001539,train,4,0,0,1.0
tut_top5_train_0001540,train,4,2,2,1.0
tut_top5_train_0001541,train,4,2,2,1.0
tut_top5_train_0001542,train,4,2,2,1.0
tut_top5_train_0001543,train,4,1,1,1.0
tut_top5_train_0001544,train,4,1,1,1.0
tut_top5_train_0001545,train,4,2,2,1.0
tut_top5_train_0001546,train,4,2,2,1.0
tut_top5_train_0001547,train,4,3,3,1.0
tut_top5_train_0001548,train,4,3,3,1.0
tut_top5_train_0001549,train,4,1,1,1.0
tut_top5_train_0001550,train,4,3,3,1.0
tut_top5_train_0001551,train,4,2,2,1.0
tut_top5_train_0001552,train,4,3,3,1.0
tut_top5_train_0001553,train,4,0,0,1.0
tut_top5_train_0001554,train,4,2,2,1.0
tut_top5_train_0001555,train,4,0,0,1.0
tut_top5_train_0001556,train,4,3,3,1.0
tut_top5_train_0001557,train,4,3,3,1.0
tut_top5_train_0001558,train,4,0,0,1.0
tut_top5_train_0001559,train,4,3,3,1.0
tut_top5_train_0001560,train,4,0,0,1.0
tut_top5_train_0001561,train,4,0,0,1.0
tut_top5_train_0001562,train,4,2,2,1.0
tut_top5_train_0001563,train,4,1,1,1.0
tut_top5_train_0001564,train,4,0,0,1.0
tut_top5_train_0001565,train,4,1,1,1.0
tut_top5_train_0001566,train,4,2,2,1.0
tut_top5_train_0001567,train,4,1,1,1.0
tut_top5_train_0001568,train,4,3,3,1.0
tut_top5_train_0001569,train,4,3,3,1.0
tut_top5_train_0001570,train,4,0,0,1.0
tut_top5_train_0001571,train,4,2,2,1.0
tut_top5_train_0001572,train,4,2,2,1.0
tut_top5_train_0001573,train,4,0,0,1.0
tut_top5_train_0001574,train,4,2,2,1.0
tut_top5_train_0001575,train,4,3,3,1.0
tut_top5_train_0001576,train,4,0,0,1.0
tut_top5_train_0001577,train,4,1,1,1.0
tut_top5_train_0001578,train,4,1,1,1.0
tut_top5_train_0001579,train,4,0,0,1.0
tut_top5_train_0001580,train,4,2,2,1.0
tut_top5_train_0001581,train,4,3,3,1.0
tut_top5_train_0001582,train,4,0,0,1.0
tut_top5_train_0001583,train,4,2,2,1.0
tut_top5_train_0001584,train,4,2,2,1.0
tut_top5_train_0001585,train,4,1,1,1.0
tut_top5_train_0001586,train,4,2,2,1.0
tut_top5_train_0001587,train,4,0,0,1.0
tut_top5_train_0001588,train,4,3,3,1.0
tut_top5_train_0001589,train,4,0,0,1.0
tut_top5_train_0001590,train,4,2,2,1.0
tut_top5_train_0001591,train,4,2,2,1.0
tut_top5_train_0001592,train,4,2,2,1.0
tut_top5_train_0001593,train,4,2,2,1.0
tut_top5_train_0001594,train,4,2,2,1.0
tut_top5_train_0001595,train,4,1,1,1.0
tut_top5_train_0001596,train,4,3,3,1.0
tut_top5_train_0001597,train,4,1,1,1.0
tut_top5_train_0001598,train,4,0,0,1.0
tut_top5_train_0001599,train,4,1,1,1.0
tut_top5_train_0001600,train,4,3,3,1.0
tut_top5_train_0001601,train,4,2,2,1.0
tut_top5_train_0001602,train,4,2,2,1.0
tut_top5_train_0001603,train,4,0,0,1.0
tut_top5_train_0001604,train,4,2,2,1.0
tut_top5_train_0001605,train,4,0,0,1.0
tut_top5_train_0001606,train,4,1,1,1.0
tut_top5_train_0001607,train,4,1,1,1.0
tut_top5_train_0001608,train,4,1,1,1.0
tut_top5_train_0001609,train,4,3,3,1.0
tut_top5_train_0001610,train,4,2,2,1.0
tut_top5_train_0001611,train,4,1,1,1.0
tut_top5_train_0001612,train,4,2,2,1.0
tut_top5_train_0001613,train,4,2,2,1.0
tut_top5_train_0001614,train,4,0,0,1.0
tut_top5_train_0001615,train,4,3,3,1.0
tut_top5_train_0001616,train,4,0,0,1.0
tut_top5_train_0001617,train,4,2,2,1.0
tut_top5_train_0001618,train,4,2,2,1.0
tut_top5_train_0001619,train,4,1,1,1.0
tut_top5_train_0001620,train,4,0,0,1.0
tut_top5_train_0001621,train,4,2,2,1.0
tut_top5_train_0001622,train,4,1,1,1.0
tut_top5_train_0001623,train,4,3,3,1.0
tut_top5_train_0001624,train,4,2,2,1.0
tut_top5_train_0001625,train,4,2,2,1.0
tut_top5_train_0001626,train,4,1,1,1.0
tut_top5_train_0001627,train,4,1,1,1.0
tut_top5_train_0001628,train,4,2,2,1.0
tut_top5_train_0001629,train,4,2,2,1.0
tut_top5_train_0001630,train,4,2,2,1.0
tut_top5_train_0001631,train,4,2,2,1.0
tut_top5_train_0001632,train,4,0,0,1.0
tut_top5_train_0001633,train,4,2,2,1.0
tut_top5_train_0001634,train,4,2,2,1.0
tut_top5_train_0001635,train,4,1,1,1.0
tut_top5_train_0001636,train,4,1,1,1.0
tut_top5_train_0001637,train,4,2,2,1.0
tut_top5_train_0001638,train,4,0,0,1.0
tut_top5_train_0001639,train,4,1,1,1.0
tut_top5_train_0001640,train,4,0,0,1.0
tut_top5_train_0001641,train,4,3,3,1.0
tut_top5_train_0001642,train,4,1,1,1.0
tut_top5_train_0001643,train,4,2,2,1.0
tut_top5_train_0001644,train,4,0,0,1.0
tut_top5_train_0001645,train,4,3,3,1.0
tut_top5_train_0001646,train,4,0,0,1.0
tut_top5_train_0001647,train,4,2,2,1.0
tut_top5_train_0001648,train,4,1,1,1.0
tut_top5_train_0001649,train,4,2,2,1.0
tut_top5_train_0001650,train,4,0,0,1.0
tut_top5_train_0001651,train,4,1,1,1.0
tut_top5_train_0001652,train,4,2,2,1.0
tut_top5_train_0001653,train,4,3,3,1.0
tut_top5_train_0001654,train,4,0,0,1.0
tut_top5_train_0001655,train,4,3,3,1.0
tut_top5_train_0001656,train,4,0,0,1.0
tut_top5_train_0001657,train,4,0,0,1.0
tut_top5_train_0001658,train,4,2,2,1.0
tut_top5_train_0001659,train,4,3,3,1.0
tut_top5_train_0001660,train,4,2,2,1.0
tut_top5_train_0001661,train,4,2,2,1.0
tut_top5_train_0001662,train,4,2,2,1.0
tut_top5_train_0001663,train,4,0,0,1.0
tut_top5_train_0001664,train,4,2,2,1.0
tut_top5_train_0001665,train,4,3,3,1.0
tut_top5_train_0001666,train,4,1,1,1.0
tut_top5_train_0001667,train,4,0,0,1.0
tut_top5_train_0001668,train,4,0,0,1.0
tut_top5_train_0001669,train,4,1,1,1.0
tut_top5_train_0001670,train,4,0,0,1.0
tut_top5_train_0001671,train,4,2,2,1.0
tut_top5_train_0001672,train,4,1,1,1.0
tut_top5_train_0001673,train,4,1,1,1.0
tut_top5_train_0001674,train,4,3,3,1.0
tut_top5_train_0001675,train,4,0,0,1.0
tut_top5_train_0001676,train,4,2,2,1.0
tut_top5_train_0001677,train,4,1,1,1.0
tut_top5_train_0001678,train,4,0,0,1.0
tut_top5_train_0001679,train,4,2,2,1.0
tut_top5_train_0001680,train,4,2,2,1.0
tut_top5_train_0001681,train,4,0,0,1.0
tut_top5_train_0001682,train,4,2,2,1.0
tut_top5_train_0001683,train,4,3,3,1.0
tut_top5_train_0001684,train,4,0,0,1.0
tut_top5_train_0001685,train,4,0,0,1.0
tut_top5_train_0001686,train,4,0,0,1.0
tut_top5_train_0001687,train,4,0,0,1.0
tut_top5_train_0001688,train,4,1,1,1.0
tut_top5_train_0001689,train,4,2,2,1.0
tut_top5_train_0001690,train,4,2,2,1.0
tut_top5_train_0001691,train,4,2,2,1.0
tut_top5_train_0001692,train,4,2,2,1.0
tut_top5_train_0001693,train,4,1,1,1.0
tut_top5_train_0001694,train,4,0,0,1.0
tut_top5_train_0001695,train,4,0,0,1.0
tut_top5_train_0001696,train,4,1,1,1.0
tut_top5_train_0001697,train,4,2,2,1.0
tut_top5_train_0001698,train,4,1,1,1.0
tut_top5_train_0001699,train,4,1,1,1.0
tut_top5_train_0001700,train,4,2,2,1.0
tut_top5_train_0001701,train,4,3,3,1.0
tut_top5_train_0001702,train,4,2,2,1.0
tut_top5_train_0001703,train,4,1,1,1.0
tut_top5_train_0001704,train,4,1,1,1.0
tut_top5_train_0001705,train,4,1,1,1.0
tut_top5_train_0001706,train,4,1,1,1.0
tut_top5_train_0001707,train,4,2,2,1.0
tut_top5_train_0001708,train,4,0,0,1.0
tut_top5_train_0001709,train,4,1,1,1.0
tut_top5_train_0001710,train,4,2,2,1.0
tut_top5_train_0001711,train,4,1,1,1.0
tut_top5_train_0001712,train,4,2,2,1.0
tut_top5_train_0001713,train,4,2,2,1.0
tut_top5_train_0001714,train,4,2,2,1.0
tut_top5_train_0001715,train,4,1,1,1.0
tut_top5_train_0001716,train,4,1,1,1.0
tut_top5_train_0001717,train,4,0,0,1.0
tut_top5_train_0001718,train,4,0,0,1.0
tut_top5_train_0001719,train,4,1,1,1.0
tut_top5_train_0001720,train,4,2,2,1.0
tut_top5_train_0001721,train,4,1,1,1.0
tut_top5_train_0001722,train,4,0,0,1.0
tut_top5_train_0001723,train,4,1,1,1.0
tut_top5_train_0001724,train,4,0,0,1.0
tut_top5_train_0001725,train,4,3,3,1.0
tut_top5_train_0001726,train,4,2,2,1.0
tut_top5_train_0001727,train,4,0,0,1.0
tut_top5_train_0001728,train,4,1,1,1.0
tut_top5_train_0001729,train,4,1,1,1.0
tut_top5_train_0001730,train,4,2,2,1.0
tut_top5_train_0001731,train,4,1,1,1.0
tut_top5_train_0001732,train,4,3,3,1.0
tut_top5_train_0001733,train,4,2,2,1.0
tut_top5_train_0001734,train,4,2,2,1.0
tut_top5_train_0001735,train,4,0,0,1.0
tut_top5_train_0001736,train,4,2,2,1.0
tut_top5_train_0001737,train,4,1,1,1.0
tut_top5_train_0001738,train,4,0,0,1.0
tut_top5_train_0001739,train,4,1,1,1.0
tut_top5_train_0001740,train,4,2,2,1.0
tut_top5_train_0001741,train,4,3,3,1.0
tut_top5_train_0001742,train,4,1,1,1.0
tut_top5_train_0001743,train,4,2,2,1.0
tut_top5_train_0001744,train,4,2,2,1.0
tut_top5_train_0001745,train,4,0,0,1.0
tut_top5_train_0001746,train,4,2,2,1.0
tut_top5_train_0001747,train,4,0,0,1.0
tut_top5_train_0001748,train,4,3,3,1.0
tut_top5_train_0001749,train,4,2,2,1.0
tut_top5_train_0001750,train,4,2,2,1.0
tut_top5_train_0001751,train,4,2,2,1.0
tut_top5_train_0001752,train,4,1,1,1.0
tut_top5_train_0001753,train,4,3,3,1.0
tut_top5_train_0001754,train,4,2,2,1.0
tut_top5_train_0001755,train,4,3,3,1.0
tut_top5_train_0001756,train,4,0,0,1.0
tut_top5_train_0001757,train,4,2,2,1.0
tut_top5_train_0001758,train,4,1,1,1.0
tut_top5_train_0001759,train,4,1,1,1.0
tut_top5_train_0001760,train,4,3,3,1.0
tut_top5_train_0001761,train,4,3,3,1.0
tut_top5_train_0001762,train,4,2,2,1.0
tut_top5_train_0001763,train,4,3,3,1.0
tut_top5_train_0001764,train,4,1,1,1.0
tut_top5_train_0001765,train,4,2,2,1.0
tut_top5_train_0001766,train,4,1,1,1.0
tut_top5_train_0001767,train,4,1,1,1.0
tut_top5_train_0001768,train,4,2,2,1.0
tut_top5_train_0001769,train,4,2,2,1.0
tut_top5_train_0001770,train,4,0,0,1.0
tut_top5_train_0001771,train,4,2,2,1.0
tut_top5_train_0001772,train,4,2,2,1.0
tut_top5_train_0001773,train,4,1,1,1.0
tut_top5_train_0001774,train,4,0,0,1.0
tut_top5_train_0001775,train,4,3,3,1.0
tut_top5_train_0001776,train,4,0,0,1.0
tut_top5_train_0001777,train,4,3,3,1.0
tut_top5_train_0001778,train,4,3,3,1.0
tut_top5_train_0001779,train,4,0,0,1.0
tut_top5_train_0001780,train,4,0,0,1.0
tut_top5_train_0001781,train,4,3,3,1.0
tut_top5_train_0001782,train,4,3,3,1.0
tut_top5_train_0001783,train,4,3,3,1.0
tut_top5_train_0001784,train,4,1,1,1.0
tut_top5_train_0001785,train,4,3,3,1.0
tut_top5_train_0001786,train,4,0,0,1.0
tut_top5_train_0001787,train,4,3,3,1.0
tut_top5_train_0001788,train,4,2,2,1.0
tut_top5_train_0001789,train,4,2,2,1.0
tut_top5_train_0001790,train,4,2,2,1.0
tut_top5_train_0001791,train,4,1,1,1.0
tut_top5_train_0001792,train,4,0,0,1.0
tut_top5_train_0001793,train,4,1,1,1.0
tut_top5_train_0001794,train,4,1,1,1.0
tut_top5_train_0001795,train,4,1,1,1.0
tut_top5_train_0001796,train,4,1,1,1.0
tut_top5_train_0001797,train,4,0,0,1.0
tut_top5_train_0001798,train,4,3,3,1.0
tut_top5_train_0001799,train,4,0,0,1.0
tut_top5_train_0001800,train,4,2,2,1.0
tut_top5_train_0001801,train,4,2,2,1.0
tut_top5_train_0001802,train,4,1,1,1.0
tut_top5_train_0001803,train,4,2,2,1.0
tut_top5_train_0001804,train,4,1,1,1.0
tut_top5_train_0001805,train,4,0,0,1.0
tut_top5_train_0001806,train,4,0,0,1.0
tut_top5_train_0001807,train,4,2,2,1.0
tut_top5_train_0001808,train,4,3,3,1.0
tut_top5_train_0001809,train,4,2,2,1.0
tut_top5_train_0001810,train,4,2,2,1.0
tut_top5_train_0001811,train,4,2,2,1.0
tut_top5_train_0001812,train,4,0,0,1.0
tut_top5_train_0001813,train,4,3,3,1.0
tut_top5_train_0001814,train,4,1,1,1.0
tut_top5_train_0001815,train,4,0,0,1.0
tut_top5_train_0001816,train,4,2,2,1.0
tut_top5_train_0001817,train,4,2,2,1.0
tut_top5_train_0001818,train,4,3,3,1.0
tut_top5_train_0001819,train,4,2,2,1.0
tut_top5_train_0001820,train,4,2,2,1.0
tut_top5_train_0001821,train,4,2,2,1.0
tut_top5_train_0001822,train,4,0,0,1.0
tut_top5_train_0001823,train,4,2,2,1.0
tut_top5_train_0001824,train,4,3,3,1.0
tut_top5_train_0001825,train,4,0,0,1.0
tut_top5_train_0001826,train,4,3,3,1.0
tut_top5_train_0001827,train,4,2,2,1.0
tut_top5_train_0001828,train,4,3,3,1.0
tut_top5_train_0001829,train,4,1,1,1.0
tut_top5_train_0001830,train,4,1,1,1.0
tut_top5_train_0001831,train,4,2,2,1.0
tut_top5_train_0001832,train,4,1,1,1.0
tut_top5_train_0001833,train,4,0,0,1.0
tut_top5_train_0001834,train,4,0,0,1.0
tut_top5_train_0001835,train,4,2,2,1.0
tut_top5_train_0001836,train,4,3,3,1.0
tut_top5_train_0001837,train,4,3,3,1.0
tut_top5_train_0001838,train,4,0,0,1.0
tut_top5_train_0001839,train,4,3,3,1.0
tut_top5_train_0001840,train,4,1,1,1.0
tut_top5_train_0001841,train,4,0,0,1.0
tut_top5_train_0001842,train,4,3,3,1.0
tut_top5_train_0001843,train,4,0,0,1.0
tut_top5_train_0001844,train,4,2,2,1.0
tut_top5_train_0001845,train,4,2,2,1.0
tut_top5_train_0001846,train,4,1,1,1.0
tut_top5_train_0001847,train,4,2,2,1.0
tut_top5_train_0001848,train,4,1,1,1.0
tut_top5_train_0001849,train,4,2,2,1.0
tut_top5_train_0001850,train,4,0,0,1.0
tut_top5_train_0001851,train,4,0,0,1.0
tut_top5_train_0001852,train,4,1,1,1.0
tut_top5_train_0001853,train,4,0,0,1.0
tut_top5_train_0001854,train,4,1,1,1.0
tut_top5_train_0001855,train,4,2,2,1.0
tut_top5_train_0001856,train,4,0,0,1.0
tut_top5_train_0001857,train,4,0,0,1.0
tut_top5_train_0001858,train,4,1,1,1.0
tut_top5_train_0001859,train,4,1,1,1.0
tut_top5_train_0001860,train,4,1,1,1.0
tut_top5_train_0001861,train,4,1,1,1.0
tut_top5_train_0001862,train,4,0,0,1.0
tut_top5_train_0001863,train,4,2,2,1.0
tut_top5_train_0001864,train,4,3,3,1.0
tut_top5_train_0001865,train,4,2,2,1.0
tut_top5_train_0001866,train,4,1,1,1.0
tut_top5_train_0001867,train,4,1,1,1.0
tut_top5_val_0000000,val,4,2,2,0.8262059699233317
tut_top5_val_0000001,val,4,2,2,0.7088620937680428
tut_top5_val_0000002,val,4,0,0,0.5393619935715579
tut_top5_val_0000003,val,4,0,0,0.9495927302750747
tut_top5_val_0000004,val,4,0,0,0.810416965197049
tut_top5_val_0000005,val,4,3,3,0.7722843224639763
tut_top5_val_0000006,val,4,1,1,0.892881237623002
tut_top5_val_0000007,val,4,0,0,0.8205751112420131
tut_top5_val_0000008,val,4,0,0,0.5616284744796168
tut_top5_val_0000009,val,4,1,1,0.6571486535755114
tut_top5_val_0000010,val,4,3,3,0.90747929216082
tut_top5_val_0000011,val,4,3,3,0.8999505488075288
tut_top5_val_0000012,val,4,1,1,0.7697610239758024
tut_top5_val_0000013,val,4,2,2,0.853928078426145
tut_top5_val_0000014,val,4,0,0,0.9230698972456526
tut_top5_val_0000015,val,4,0,0,0.7571591015926998
tut_top5_val_0000016,val,4,2,2,0.9669672347194082
tut_top5_val_0000017,val,4,0,0,0.9119238515629339
tut_top5_val_0000018,val,4,2,2,0.9871006974061589
tut_top5_val_0000019,val,4,1,1,0.49487522215774077
tut_top5_val_0000020,val,4,2,2,0.9064158671045341
tut_top5_val_0000021,val,4,2,2,0.9056513771355205
tut_top5_val_0000022,val,4,1,1,0.9580681275302068
tut_top5_val_0000023,val,4,0,0,0.6069780532324799
tut_top5_val_0000024,val,4,2,2,0.994879161271459
tut_top5_val_0000025,val,4,1,1,0.9590554379608516
tut_top5_val_0000026,val,4,2,2,0.735935778651138
tut_top5_val_0000027,val,4,3,3,0.7726030385834793
tut_top5_val_0000028,val,4,1,1,0.7461741605542447
tut_top5_val_0000029,val,4,1,1,0.639723293065505
tut_top5_val_0000030,val,4,0,0,0.8921727561382831
tut_top5_val_0000031,val,4,1,1,0.9315798081208628
tut_top5_val_0000032,val,4,2,2,0.9805118464648338
tut_top5_val_0000033,val,4,3,3,0.9697894855228738
tut_top5_val_0000034,val,4,1,1,0.9678036971830986
tut_top5_val_0000035,val,4,2,2,0.954552837730314
tut_top5_val_0000036,val,4,1,1,0.9691841512253547
tut_top5_val_0000037,val,4,2,2,0.7580463614171478
tut_top5_val_0000038,val,4,2,2,0.8610305729698219
tut_top5_val_0000039,val,4,1,1,0.9996936018666339
tut_top5_val_0000040,val,4,0,0,0.7029584003689442
tut_top5_val_0000041,val,4,1,1,0.9529826157904805
tut_top5_val_0000042,val,4,2,2,0.7950077227215363
tut_top5_val_0000043,val,4,2,2,0.9059111829371952
tut_top5_val_0000044,val,4,1,1,0.8645708812728234
tut_top5_val_0000045,val,4,3,3,0.9680195561961176
tut_top5_val_0000046,val,4,1,1,0.9393676254734343
tut_top5_val_0000047,val,4,3,3,0.9984991577991251
tut_top5_val_0000048,val,4,1,1,0.971671462288192
tut_top5_val_0000049,val,4,1,1,0.9613336563747472
tut_top5_val_0000050,val,4,2,2,0.5250264943325736
tut_top5_val_0000051,val,4,0,0,0.7018303535215243
tut_top5_val_0000052,val,4,0,0,0.6993781717503491
tut_top5_val_0000053,val,4,1,1,0.8617926384758356
tut_top5_val_0000054,val,4,1,1,0.9839807741019283
tut_top5_val_0000055,val,4,1,1,0.9831085548825432
tut_top5_val_0000056,val,4,2,2,0.9159151892277753
tut_top5_val_0000057,val,4,3,3,0.9994075109204806
tut_top5_val_0000058,val,4,0,0,0.9770609771748283
tut_top5_val_0000059,val,4,1,1,0.9888563073669028
tut_top5_val_0000060,val,4,2,1,0.4342441401353112
tut_top5_val_0000061,val,4,2,2,0.785990696024239
tut_top5_val_0000062,val,4,1,1,0.8663938084828616
tut_top5_val_0000063,val,4,1,0,0.5068597392085742
tut_top5_val_0000064,val,4,1,1,0.9970592099926727
tut_top5_val_0000065,val,4,0,1,0.588017266712147
tut_top5_val_0000066,val,4,2,2,0.9346158082383568
tut_top5_val_0000067,val,4,1,1,0.9221225223427107
tut_top5_val_0000068,val,4,3,3,0.7889974912462216
tut_top5_val_0000069,val,4,2,2,0.4580856106120126
tut_top5_val_0000070,val,4,0,0,0.990363548744911
tut_top5_val_0000071,val,4,3,3,0.9995195364148239
tut_top5_val_0000072,val,4,3,3,0.9750076979913058
tut_top5_val_0000073,val,4,1,1,0.9983782929267697
tut_top5_val_0000074,val,4,1,1,0.9917841639454384
tut_top5_val_0000075,val,4,1,1,0.6063115648262497
tut_top5_val_0000076,val,4,0,0,0.8195747087604501
tut_top5_val_0000077,val,4,1,1,0.9948992353860164
tut_top5_val_0000078,val,4,1,1,0.5345829615068179
tut_top5_val_0000079,val,4,0,0,0.8670803055321291
tut_top5_val_0000080,val,4,1,1,0.9965045359076844
tut_top5_val_0000081,val,4,1,1,0.9752931982045733
tut_top5_val_0000082,val,4,1,1,0.9751314424475216
tut_top5_val_0000083,val,4,2,2,0.792569228318252
tut_top5_val_0000084,val,4,0,0,0.9365016921649079
tut_top5_val_0000085,val,4,2,2,0.7310161780379216
tut_top5_val_0000086,val,4,1,1,0.9787590251690935
tut_top5_val_0000087,val,4,2,2,0.84551254501649
tut_top5_val_0000088,val,4,0,0,0.9761176625412813
tut_top5_val_0000089,val,4,1,1,0.9676456426527111
tut_top5_val_0000090,val,4,2,2,0.5622539458049105
tut_top5_val_0000091,val,4,2,2,0.9503068133763509
tut_top5_val_0000092,val,4,1,1,0.8540175629699576
tut_top5_val_0000093,val,4,2,0,0.602055136424564
tut_top5_val_0000094,val,4,2,2,0.8654653143078664
tut_top5_val_0000095,val,4,2,2,0.9767540880101676
tut_top5_val_0000096,val,4,3,3,0.9144019597059865
tut_top5_val_0000097,val,4,2,2,0.8310738174304555
tut_top5_val_0000098,val,4,0,0,0.5286716664100872
tut_top5_val_0000099,val,4,0,0,0.9264956166018214
tut_top5_val_0000100,val,4,3,2,0.6575471258001067
tut_top5_val_0000101,val,4,2,2,0.9090605982016992
tut_top5_val_0000102,val,4,2,2,0.7915087524124729
tut_top5_val_0000103,val,4,2,2,0.6581509670575376
tut_top5_val_0000104,val,4,0,0,0.9601212851516193
tut_top5_val_0000105,val,4,2,2,0.8899274596219209
tut_top5_val_0000106,val,4,2,2,0.4988084147918029
tut_top5_val_0000107,val,4,1,2,0.5943792682330146
tut_top5_val_0000108,val,4,0,0,0.9924060760111431
tut_top5_val_0000109,val,4,1,1,0.9809801010255681
tut_top5_val_0000110,val,4,1,1,0.9984500642579067
tut_top5_val_0000111,val,4,2,2,0.779676909646428
tut_top5_val_0000112,val,4,2,2,0.951563067019224
tut_top5_val_0000113,val,4,3,3,0.9999484331614439
tut_top5_val_0000114,val,4,1,1,1.0
tut_top5_val_0000115,val,4,3,3,0.5337065655271176
tut_top5_val_0000116,val,4,3,3,0.9984182831298791
tut_top5_val_0000117,val,4,0,0,0.8159419470576195
tut_top5_val_0000118,val,4,0,0,0.8730649210138036
tut_top5_val_0000119,val,4,2,2,0.632647413681886
tut_top5_val_0000120,val,4,2,2,0.9795439240006735
tut_top5_val_0000121,val,4,1,1,0.9985927805978568
tut_top5_val_0000122,val,4,1,1,0.9954480942478843
tut_top5_val_0000123,val,4,0,0,0.7111658560192795
tut_top5_val_0000124,val,4,2,2,0.48944097188918634
tut_top5_val_0000125,val,4,0,0,0.839264202450234
tut_top5_val_0000126,val,4,2,2,0.993478860955965
tut_top5_val_0000127,val,4,0,0,0.8208437719045983
tut_top5_val_0000128,val,4,0,0,0.9384987051753858
tut_top5_val_0000129,val,4,0,0,0.9975695159629248
tut_top5_val_0000130,val,4,3,2,0.6968180041907932
tut_top5_val_0000131,val,4,0,0,0.8857928429103734
tut_top5_val_0000132,val,4,1,1,0.8799944788773731
tut_top5_val_0000133,val,4,0,0,0.936403819703427
tut_top5_val_0000134,val,4,1,1,0.9958325039762046
tut_top5_val_0000135,val,4,2,2,0.8860962806566688
tut_top5_val_0000136,val,4,2,2,0.691660871581938
tut_top5_val_0000137,val,4,1,1,0.9970592099926727
tut_top5_val_0000138,val,4,1,1,0.8049225578944015
tut_top5_val_0000139,val,4,1,1,0.9988194145373599
tut_top5_val_0000140,val,4,1,1,0.9449104210340245
tut_top5_val_0000141,val,4,0,0,0.8447193369603433
tut_top5_val_0000142,val,4,1,1,0.795063421753933
tut_top5_val_0000143,val,4,0,0,0.8846817719136542
tut_top5_val_0000144,val,4,1,0,0.5295650569312262
tut_top5_val_0000145,val,4,3,3,0.9915470051708565
tut_top5_val_0000146,val,4,3,3,0.4621440661934861
tut_top5_val_0000147,val,4,2,2,0.8074205760456826
tut_top5_val_0000148,val,4,2,0,0.8066381244784033
tut_top5_val_0000149,val,4,0,0,0.9729981672799763
tut_top5_val_0000150,val,4,1,1,0.986486380800304
tut_top5_val_0000151,val,4,3,3,0.9999294034592304
tut_top5_val_0000152,val,4,3,3,0.5596578459077558
tut_top5_val_0000153,val,4,2,2,0.7139925617243696
tut_top5_val_0000154,val,4,1,1,0.9781406693919814
tut_top5_val_0000155,val,4,3,3,0.5780595684345795
tut_top5_val_0000156,val,4,0,2,0.5021047523922865
tut_top5_val_0000157,val,4,1,1,0.9956073943661972
tut_top5_val_0000158,val,4,2,2,0.8989888600362386
tut_top5_val_0000159,val,4,0,0,0.9387015423694094
tut_top5_val_0000160,val,4,1,1,0.9724458198098352
tut_top5_val_0000161,val,4,0,0,0.6010854505008332
tut_top5_val_0000162,val,4,0,2,0.8956236862416879
tut_top5_val_0000163,val,4,0,0,0.8535023048270272
tut_top5_val_0000164,val,4,1,1,0.953666122225729
tut_top5_val_0000165,val,4,2,2,0.8826501460088313
tut_top5_val_0000166,val,4,2,2,0.7051211309707704
tut_top5_val_0000167,val,4,2,2,0.8520487791405904
tut_top5_val_0000168,val,4,0,0,0.7208231105466798
tut_top5_val_0000169,val,4,2,2,0.8072743415575593
tut_top5_val_0000170,val,4,2,2,0.7749766640118998
tut_top5_val_0000171,val,4,0,0,0.9860555381712973
tut_top5_val_0000172,val,4,2,2,0.5399062108958672
tut_top5_val_0000173,val,4,2,2,0.8572753566700996
tut_top5_val_0000174,val,4,2,2,0.9222849267465963
tut_top5_val_0000175,val,4,2,0,0.6961719788620475
tut_top5_val_0000176,val,4,2,2,0.9952814366567969
tut_top5_val_0000177,val,4,2,2,0.644609813093308
tut_top5_val_0000178,val,4,0,0,0.8400094240221363
tut_top5_val_0000179,val,4,3,3,0.990004541813255
tut_top5_val_0000180,val,4,2,0,0.6343238674843446
tut_top5_val_0000181,val,4,1,1,0.9180196934568393
tut_top5_val_0000182,val,4,0,0,0.9832504233982716
tut_top5_val_0000183,val,4,0,1,0.40557170530786957
tut_top5_val_0000184,val,4,3,2,0.44637926671551753
tut_top5_val_0000185,val,4,1,1,0.993373635425274
tut_top5_val_0000186,val,4,3,3,0.9926813096544471
tut_top5_val_0000187,val,4,1,1,0.9353715164950303
tut_top5_val_0000188,val,4,1,1,0.9147594386136534
tut_top5_val_0000189,val,4,2,2,0.9220550259554318
tut_top5_val_0000190,val,4,3,3,0.8590532768058938
tut_top5_val_0000191,val,4,2,2,0.9186662368227203
tut_top5_val_0000192,val,4,0,0,0.8605810146440446
tut_top5_val_0000193,val,4,1,0,0.710199730747595
tut_top5_val_0000194,val,4,2,2,0.7147462523905268
tut_top5_val_0000195,val,4,2,2,0.9580143695322623
tut_top5_val_0000196,val,4,2,2,0.9679651791404444
tut_top5_val_0000197,val,4,2,2,0.8007078015090643
tut_top5_val_0000198,val,4,0,0,0.7874152657283499
tut_top5_val_0000199,val,4,1,1,0.9396727756759747
tut_top5_val_0000200,val,4,2,2,0.9914317114586986
tut_top5_val_0000201,val,4,1,1,0.98310318475643
tut_top5_val_0000202,val,4,1,1,0.9537011851087941
tut_top5_val_0000203,val,4,3,3,0.9882720931159831
tut_top5_val_0000204,val,4,0,2,0.5120831598741493
tut_top5_val_0000205,val,4,1,1,0.8478193767529304
tut_top5_val_0000206,val,4,0,0,0.7652180109557161
tut_top5_val_0000207,val,4,1,1,0.8841522046985341
tut_top5_val_0000208,val,4,1,1,0.8764532274098792
tut_top5_val_0000209,val,4,2,2,0.9080388650912665
tut_top5_val_0000210,val,4,1,1,0.8386862208156859
tut_top5_val_0000211,val,4,2,2,0.8955190157965336
tut_top5_val_0000212,val,4,3,3,0.5313456349634084
tut_top5_val_0000213,val,4,2,2,0.9921854522988993
tut_top5_val_0000214,val,4,2,2,0.9364039708629255
tut_top5_val_0000215,val,4,2,2,0.8003895338427692
tut_top5_val_0000216,val,4,0,0,0.8039497756982726
tut_top5_val_0000217,val,4,1,1,0.8071616447057582
tut_top5_val_0000218,val,4,2,2,0.9212926098343059
tut_top5_val_0000219,val,4,1,0,0.5049343408252073
tut_top5_val_0000220,val,4,1,1,0.9341754660963113
tut_top5_val_0000221,val,4,1,1,0.9390186938260932
tut_top5_val_0000222,val,4,0,0,0.9871333896782505
tut_top5_val_0000223,val,4,0,0,0.9567559130620024
tut_top5_val_0000224,val,4,2,2,0.9663261895179087
tut_top5_val_0000225,val,4,0,0,0.9702213262925927
tut_top5_val_0000226,val,4,1,1,0.6750937421579971
tut_top5_val_0000227,val,4,3,3,0.9742020263131732
tut_top5_val_0000228,val,4,2,2,0.8688372023725829
tut_top5_val_0000229,val,4,2,2,0.7775676099250723
tut_top5_val_0000230,val,4,1,1,0.9214916342684569
tut_top5_val_0000231,val,4,0,0,0.9833509629042375
tut_top5_val_0000232,val,4,0,0,0.9923685020034893
tut_top5_val_0000233,val,4,3,3,0.9426659507446322
tut_top5_val_0000234,val,4,2,2,0.9069998195461789
tut_top5_val_0000235,val,4,0,2,0.5209171018816771
tut_top5_val_0000236,val,4,0,0,0.8737362304989676
tut_top5_val_0000237,val,4,2,1,0.47186767193970947
tut_top5_val_0000238,val,4,1,1,0.7665391613877891
tut_top5_val_0000239,val,4,1,1,0.7714885975258823
tut_top5_val_0000240,val,4,2,2,0.5871549148791894
tut_top5_val_0000241,val,4,2,2,0.6454806014893311
tut_top5_val_0000242,val,4,1,1,0.7722263965191641
tut_top5_val_0000243,val,4,1,1,0.9186239647623242
tut_top5_val_0000244,val,4,1,1,0.9865901625931897
tut_top5_val_0000245,val,4,0,0,0.5160645437486441
tut_top5_val_0000246,val,4,1,1,0.9800536690238377
tut_top5_val_0000247,val,4,3,3,0.9547669471936253
tut_top5_val_0000248,val,4,1,1,0.9919872570362351
tut_top5_val_0000249,val,4,1,1,0.9917584521055954
tut_top5_val_0000250,val,4,2,2,0.4886806492933268
tut_top5_val_0000251,val,4,3,3,0.6833476155685748
tut_top5_val_0000252,val,4,2,2,0.959396122668324
tut_top5_val_0000253,val,4,2,2,0.9772723238367144
tut_top5_val_0000254,val,4,2,2,0.7171618870039232
tut_top5_val_0000255,val,4,1,1,0.7630321478738934
tut_top5_val_0000256,val,4,3,3,0.9937259360906642
tut_top5_val_0000257,val,4,1,1,0.675064499139226
tut_top5_val_0000258,val,4,0,0,0.9974416275093867
tut_top5_val_0000259,val,4,2,2,0.6742809762814006
tut_top5_val_0000260,val,4,0,0,0.5693226386173112
tut_top5_val_0000261,val,4,1,1,0.8250688493250193
tut_top5_val_0000262,val,4,1,1,0.9947203925722689
tut_top5_val_0000263,val,4,3,3,0.8668328605948133
tut_top5_val_0000264,val,4,1,1,0.978281259522583
tut_top5_val_0000265,val,4,3,3,0.9957378365731426
tut_top5_val_0000266,val,4,2,2,0.756810336437444
tut_top5_val_0000267,val,4,3,3,0.9980524390017257
tut_top5_val_0000268,val,4,3,3,0.9118658078412467
tut_top5_val_0000269,val,4,2,2,0.8144435678156644
tut_top5_val_0000270,val,4,1,0,0.5621711293538861
tut_top5_val_0000271,val,4,2,2,0.8131319820181182
tut_top5_val_0000272,val,4,3,3,0.5830651443784671
tut_top5_val_0000273,val,4,1,1,0.9816159350744736
tut_top5_val_0000274,val,4,3,3,0.9975558332392347
tut_top5_val_0000275,val,4,1,1,0.9492328510647237
tut_top5_val_0000276,val,4,0,0,0.9583594633508082
tut_top5_val_0000277,val,4,2,2,0.8392302675124665
tut_top5_val_0000278,val,4,0,0,0.9704236590561877
tut_top5_val_0000279,val,4,2,2,0.7496864073897679
tut_top5_val_0000280,val,4,1,1,0.985776283560816
tut_top5_val_0000281,val,4,1,1,0.9325846227778727
tut_top5_val_0000282,val,4,2,2,0.7825779644842134
tut_top5_val_0000283,val,4,2,2,0.9771732274794751
tut_top5_val_0000284,val,4,2,2,0.9118603747859086
tut_top5_val_0000285,val,4,3,3,0.9136543042939416
tut_top5_val_0000286,val,4,1,1,0.8553497291877086
tut_top5_val_0000287,val,4,0,0,0.5861605528860704
tut_top5_val_0000288,val,4,0,0,0.9923212711448778
tut_top5_val_0000289,val,4,2,2,1.0
tut_top5_val_0000290,val,4,1,1,0.9566937792434581
tut_top5_val_0000291,val,4,2,2,0.9399257575213723
tut_top5_val_0000292,val,4,2,2,0.9646249415357372
tut_top5_val_0000293,val,4,3,3,0.9920494854567022
tut_top5_val_0000294,val,4,0,0,1.0
tut_top5_val_0000295,val,4,2,2,0.4931287617563548
tut_top5_val_0000296,val,4,2,2,0.55957147060275
tut_top5_val_0000297,val,4,2,2,0.7242581143032816
tut_top5_val_0000298,val,4,0,0,0.8961399693887846
tut_top5_val_0000299,val,4,1,1,0.9378243842266698
tut_top5_val_0000300,val,4,0,0,0.8983497815505364
tut_top5_val_0000301,val,4,0,0,0.9064016150012367
tut_top5_val_0000302,val,4,2,2,0.9278622966862224
tut_top5_val_0000303,val,4,1,1,0.9932756408433028
tut_top5_val_0000304,val,4,2,2,0.9721037452273447
tut_top5_val_0000305,val,4,1,1,0.9840081647216553
tut_top5_val_0000306,val,4,1,1,0.9676108350292134
tut_top5_val_0000307,val,4,0,0,0.8368561621141072
tut_top5_val_0000308,val,4,1,1,0.9958325039762046
tut_top5_val_0000309,val,4,3,3,0.9682569962556461
tut_top5_val_0000310,val,4,3,3,0.96379114852943
tut_top5_val_0000311,val,4,0,0,0.5219735743716913
tut_top5_val_0000312,val,4,1,1,0.9742437425943118
tut_top5_val_0000313,val,4,0,0,0.8340555559409036
tut_top5_val_0000314,val,4,2,2,0.9328790645447217
tut_top5_val_0000315,val,4,2,2,0.7570866031719946
tut_top5_val_0000316,val,4,2,0,0.4495874738458017
tut_top5_val_0000317,val,4,0,2,0.48805920295923216
tut_top5_val_0000318,val,4,2,2,0.6025770248820131
tut_top5_val_0000319,val,4,1,1,0.9965161076328617
tut_top5_val_0000320,val,4,2,2,0.6877044452748242
tut_top5_val_0000321,val,4,3,3,0.7318188439509632
tut_top5_val_0000322,val,4,1,1,0.902801855659083
tut_top5_val_0000323,val,4,3,3,0.9984606172750807
tut_top5_val_0000324,val,4,2,2,0.737831311903858
tut_top5_val_0000325,val,4,3,3,0.8976525876944257
tut_top5_val_0000326,val,4,1,1,0.5845550352334061
tut_top5_val_0000327,val,4,2,2,0.6934367371271222
tut_top5_val_0000328,val,4,1,1,0.9097854661483845
tut_top5_val_0000329,val,4,3,3,0.9780707226877142
tut_top5_val_0000330,val,4,3,3,0.764313274144059
tut_top5_val_0000331,val,4,3,3,0.9986409367859317
tut_top5_val_0000332,val,4,3,3,0.9995195364148239
tut_top5_val_0000333,val,4,2,2,0.9857747531346326
tut_top5_val_0000334,val,4,0,0,0.9958033705541796
tut_top5_val_0000335,val,4,0,2,0.8807350740063439
tut_top5_val_0000336,val,4,3,3,0.7887191235848509
tut_top5_val_0000337,val,4,3,3,0.8367161438468134
tut_top5_val_0000338,val,4,2,2,0.9372632080950765
tut_top5_val_0000339,val,4,3,3,0.9898487520087843
tut_top5_val_0000340,val,4,1,1,0.906096600749582
tut_top5_val_0000341,val,4,2,2,0.9733917819015941
tut_top5_val_0000342,val,4,0,0,0.9661151053503164
tut_top5_val_0000343,val,4,1,1,0.9620038721471524
tut_top5_val_0000344,val,4,3,3,0.6516894992955088
tut_top5_val_0000345,val,4,2,2,0.6359585242726468
tut_top5_val_0000346,val,4,1,1,0.9986323295443867
tut_top5_val_0000347,val,4,3,3,0.6614710259015828
tut_top5_val_0000348,val,4,3,3,0.958037673128193
tut_top5_val_0000349,val,4,0,0,0.8328944871549825
tut_top5_val_0000350,val,4,2,2,0.9807592117794787
tut_top5_val_0000351,val,4,2,2,0.8201645754592966
tut_top5_val_0000352,val,4,1,1,1.0
tut_top5_val_0000353,val,4,2,2,0.6001013384928854
tut_top5_val_0000354,val,4,2,2,0.9715873006489778
tut_top5_val_0000355,val,4,0,0,0.708681477239186
tut_top5_val_0000356,val,4,2,2,0.6853838931840288
tut_top5_val_0000357,val,4,0,0,0.6444627791049444
tut_top5_val_0000358,val,4,1,1,0.9859427377115614
tut_top5_val_0000359,val,4,2,2,0.9000760722084464
tut_top5_val_0000360,val,4,0,0,0.6806424341784578
tut_top5_val_0000361,val,4,2,3,0.6145823911175919
tut_top5_val_0000362,val,4,1,1,0.9782287111314527
tut_top5_val_0000363,val,4,1,1,0.9719651693760691
tut_top5_val_0000364,val,4,2,2,0.8062412645165523
tut_top5_val_0000365,val,4,3,2,0.5192368659106186
tut_top5_val_0000366,val,4,2,2,0.8813390619960373
tut_top5_val_0000367,val,4,2,2,0.8375145685351545
tut_top5_val_0000368,val,4,2,2,0.9961844616151733
tut_top5_val_0000369,val,4,2,2,0.686485681629238
tut_top5_val_0000370,val,4,2,2,0.399885229534
tut_top5_val_0000371,val,4,0,0,0.671597284144819
tut_top5_val_0000372,val,4,2,2,0.9911844616151733
tut_top5_val_0000373,val,4,2,2,0.9863700828862886
tut_top5_val_0000374,val,4,0,0,0.8713570446892684
tut_top5_val_0000375,val,4,1,1,0.4198024313841245
tut_top5_val_0000376,val,4,2,2,0.6746345634441228
tut_top5_val_0000377,val,4,1,1,0.9708090876342643
tut_top5_val_0000378,val,4,2,2,0.9543280922970742
tut_top5_val_0000379,val,4,1,1,0.92634998929621
tut_top5_val_0000380,val,4,2,2,0.9739085600867042
tut_top5_val_0000381,val,4,0,0,0.9988754229165713
tut_top5_val_0000382,val,4,1,1,0.9338716232351516
tut_top5_val_0000383,val,4,3,3,0.9403745112735272
tut_top5_val_0000384,val,4,0,2,0.6668730763217272
tut_top5_val_0000385,val,4,1,1,0.624137465971626
tut_top5_val_0000386,val,4,0,0,0.9463166281922318
tut_top5_val_0000387,val,4,3,3,0.9650379174395701
tut_top5_val_0000388,val,4,0,0,0.7723118970950749
tut_top5_val_0000389,val,4,3,3,0.9731443414275393
tut_top5_val_0000390,val,4,2,2,0.9703011200025865
tut_top5_val_0000391,val,4,3,3,0.881620494273301
tut_top5_val_0000392,val,4,1,1,0.7563392393966744
tut_top5_val_0000393,val,4,2,2,0.7191409810937922
tut_top5_val_0000394,val,4,2,2,0.905511590755034
tut_top5_val_0000395,val,4,0,0,0.9475445904249556
tut_top5_val_0000396,val,4,1,1,0.8823995669431638
tut_top5_val_0000397,val,4,2,2,0.8452076822942765
tut_top5_val_0000398,val,4,2,2,0.6758866646078348
tut_top5_val_0000399,val,4,0,0,0.6972373782053165
tut_top5_val_0000400,val,4,2,2,0.729213103578259
tut_top5_val_0000401,val,4,1,1,0.9753181355912904
tut_top5_val_0000402,val,4,0,0,0.9704829768637273
tut_top5_val_0000403,val,4,0,0,0.8010646980842506
tut_top5_val_0000404,val,4,1,1,0.5799305144109563
tut_top5_val_0000405,val,4,2,2,0.9591564857488681
tut_top5_val_0000406,val,4,0,0,0.4856964607149252
tut_top5_val_0000407,val,4,2,3,0.5021673185996938
tut_top5_val_0000408,val,4,0,0,0.5854234491184296
tut_top5_test_0000000,test,4,1,1,0.8527495224409717
tut_top5_test_0000001,test,4,0,0,0.9353861479123137
tut_top5_test_0000002,test,4,3,3,0.9996728018254756
tut_top5_test_0000003,test,4,1,1,0.9235454764482366
tut_top5_test_0000004,test,4,1,1,0.8896417456693959
tut_top5_test_0000005,test,4,3,3,0.9861885326741218
tut_top5_test_0000006,test,4,0,0,0.7351938793197742
tut_top5_test_0000007,test,4,2,2,0.9708001217771915
tut_top5_test_0000008,test,4,1,1,0.9242689616742408
tut_top5_test_0000009,test,4,0,0,0.8329024339007196
tut_top5_test_0000010,test,4,3,2,0.6503851497635634
tut_top5_test_0000011,test,4,1,1,0.964200174964054
tut_top5_test_0000012,test,4,2,2,0.5983896120015024
tut_top5_test_0000013,test,4,1,1,0.9776928809992175
tut_top5_test_0000014,test,4,2,2,0.9573379581826924
tut_top5_test_0000015,test,4,0,2,0.5450126712168296
tut_top5_test_0000016,test,4,1,1,0.8928332373535884
tut_top5_test_0000017,test,4,2,2,0.810807123195313
tut_top5_test_0000018,test,4,0,2,0.5026692628605118
tut_top5_test_0000019,test,4,2,2,0.7490721034672059
tut_top5_test_0000020,test,4,0,0,0.9574995317388607
tut_top5_test_0000021,test,4,3,3,0.9653314115381594
tut_top5_test_0000022,test,4,1,1,0.9903668031721825
tut_top5_test_0000023,test,4,1,1,0.8046026270133898
tut_top5_test_0000024,test,4,1,1,0.9939055274685574
tut_top5_test_0000025,test,4,0,0,0.9964018389023619
tut_top5_test_0000026,test,4,2,2,0.516241568791013
tut_top5_test_0000027,test,4,1,1,0.9984500642579067
tut_top5_test_0000028,test,4,2,2,0.7117097568277395
tut_top5_test_0000029,test,4,0,0,0.8868791521729109
tut_top5_test_0000030,test,4,1,1,0.9978036971830986
tut_top5_test_0000031,test,4,0,0,0.9827136705444934
tut_top5_test_0000032,test,4,2,2,0.9283224907686768
tut_top5_test_0000033,test,4,1,1,0.9182324200491091
tut_top5_test_0000034,test,4,1,1,0.8717557413937
tut_top5_test_0000035,test,4,0,0,0.7899603633292048
tut_top5_test_0000036,test,4,1,0,0.527756341654614
tut_top5_test_0000037,test,4,0,0,0.9367901513998084
tut_top5_test_0000038,test,4,0,0,0.9993190998268898
tut_top5_test_0000039,test,4,0,0,0.9840754652584759
tut_top5_test_0000040,test,4,1,1,0.9675702142398777
tut_top5_test_0000041,test,4,2,2,0.9259668229407487
tut_top5_test_0000042,test,4,2,2,0.8619129213801118
tut_top5_test_0000043,test,4,1,1,0.9417442553714159
tut_top5_test_0000044,test,4,1,1,0.9601382335450471
tut_top5_test_0000045,test,4,0,0,0.5854153903049376
tut_top5_test_0000046,test,4,0,0,0.9562978699251568
tut_top5_test_0000047,test,4,2,2,0.9667907365193561
tut_top5_test_0000048,test,4,1,1,0.6499908961327704
tut_top5_test_0000049,test,4,2,2,0.8927917861017517
tut_top5_test_0000050,test,4,1,1,0.9799082780769703
tut_top5_test_0000051,test,4,0,0,0.8504331563854862
tut_top5_test_0000052,test,4,3,3,0.9972961998193726
tut_top5_test_0000053,test,4,1,1,0.9935092286780207
tut_top5_test_0000054,test,4,1,1,0.6741232897422978
tut_top5_test_0000055,test,4,3,3,0.9984182831298791
tut_top5_test_0000056,test,4,3,3,0.9994011976047904
tut_top5_test_0000057,test,4,2,2,0.9689640359013694
tut_top5_test_0000058,test,4,2,2,0.7673189953974305
tut_top5_test_0000059,test,4,1,1,0.7172504202700775
tut_top5_test_0000060,test,4,1,1,0.9719078119952667
tut_top5_test_0000061,test,4,3,3,0.61602300285412
tut_top5_test_0000062,test,4,0,0,0.9989596191147946
tut_top5_test_0000063,test,4,1,1,0.977981455828452
tut_top5_test_0000064,test,4,2,2,0.9764692521847627
tut_top5_test_0000065,test,4,2,2,0.5357213942704001
tut_top5_test_0000066,test,4,0,0,0.9933038276544327
tut_top5_test_0000067,test,4,1,1,0.8547899463347879
tut_top5_test_0000068,test,4,2,2,0.7510936692023767
tut_top5_test_0000069,test,4,2,3,0.6529440216442396
tut_top5_test_0000070,test,4,2,2,0.8824023933914531
tut_top5_test_0000071,test,4,2,2,0.47569802086836943
tut_top5_test_0000072,test,4,2,2,0.7823698857225476
tut_top5_test_0000073,test,4,2,2,0.5699018235051729
tut_top5_test_0000074,test,4,0,0,0.9983945578231292
tut_top5_test_0000075,test,4,1,2,0.5530046758789912
tut_top5_test_0000076,test,4,3,3,0.8390163962941662
tut_top5_test_0000077,test,4,3,3,0.9100541866722568
tut_top5_test_0000078,test,4,2,2,0.9011039380843922
tut_top5_test_0000079,test,4,0,0,0.7941804106324659
tut_top5_test_0000080,test,4,0,0,0.7513142561201055
tut_top5_test_0000081,test,4,2,1,0.7794814434958777
tut_top5_test_0000082,test,4,2,2,0.8563246204226549
tut_top5_test_0000083,test,4,3,3,0.993572653159735
tut_top5_test_0000084,test,4,2,2,0.7583414340818354
tut_top5_test_0000085,test,4,1,1,0.9189228255686979
tut_top5_test_0000086,test,4,1,1,0.9409461283560293
tut_top5_test_0000087,test,4,2,2,0.9706972004342179
tut_top5_test_0000088,test,4,3,3,0.9994750304890013
tut_top5_test_0000089,test,4,2,2,0.6243613070543237
tut_top5_test_0000090,test,4,2,2,0.609237480907343
tut_top5_test_0000091,test,4,0,0,0.9676607712842901
tut_top5_test_0000092,test,4,2,2,0.9400296284423176
tut_top5_test_0000093,test,4,2,2,0.9979854522454142
tut_top5_test_0000094,test,4,1,0,0.5932211298950719
tut_top5_test_0000095,test,4,3,3,0.9427753470858389
tut_top5_test_0000096,test,4,1,1,0.9984500642579067
tut_top5_test_0000097,test,4,3,3,0.9456913101673932
tut_top5_test_0000098,test,4,2,2,0.7367178115611647
tut_top5_test_0000099,test,4,0,0,0.6892001050453673
tut_top5_test_0000100,test,4,0,0,0.9506918208302276
tut_top5_test_0000101,test,4,2,2,0.9191093733723296
tut_top5_test_0000102,test,4,2,2,0.6080488578953943
tut_top5_test_0000103,test,4,2,2,0.8148435284859116
tut_top5_test_0000104,test,4,3,3,0.7012225259449772
tut_top5_test_0000105,test,4,2,2,0.5288459341531369
tut_top5_test_0000106,test,4,2,2,0.6615551031987963
tut_top5_test_0000107,test,4,2,2,0.7746086214094261
tut_top5_test_0000108,test,4,1,2,0.7698815776838052
tut_top5_test_0000109,test,4,0,0,0.6079964850348222
tut_top5_test_0000110,test,4,2,2,0.8279940870556777
tut_top5_test_0000111,test,4,3,3,0.7455191167437004
tut_top5_test_0000112,test,4,1,1,0.9962537614410053
tut_top5_test_0000113,test,4,2,2,0.9565983395399352
tut_top5_test_0000114,test,4,0,0,0.9542716877072404
tut_top5_test_0000115,test,4,2,2,0.8005129760640386
tut_top5_test_0000116,test,4,1,1,0.9925697120895485
tut_top5_test_0000117,test,4,0,0,0.8182893059148862
tut_top5_test_0000118,test,4,2,2,0.9959354119030054
tut_top5_test_0000119,test,4,0,0,1.0
tut_top5_test_0000120,test,4,3,3,0.9997505125826652
tut_top5_test_0000121,test,4,0,0,0.9864104843828068
tut_top5_test_0000122,test,4,1,1,0.8298254152295818
tut_top5_test_0000123,test,4,2,2,0.8616422960124634
tut_top5_test_0000124,test,4,2,2,0.8916226284810659
tut_top5_test_0000125,test,4,1,1,0.8219566814713012
tut_top5_test_0000126,test,4,2,2,0.7808135132148294
tut_top5_test_0000127,test,4,2,2,0.8392500819183272
tut_top5_test_0000128,test,4,2,2,0.6203571417562308
tut_top5_test_0000129,test,4,0,0,0.7808821210164679
tut_top5_test_0000130,test,4,3,3,0.99848615008732
tut_top5_test_0000131,test,4,1,1,0.7960438212255254
tut_top5_test_0000132,test,4,1,1,0.9729884883961121
tut_top5_test_0000133,test,4,1,1,0.838486708220942
tut_top5_test_0000134,test,4,3,3,0.6503806404854623
tut_top5_test_0000135,test,4,1,1,0.961946835521947
tut_top5_test_0000136,test,4,1,1,0.9044090726083752
tut_top5_test_0000137,test,4,0,0,0.9908181151783585
tut_top5_test_0000138,test,4,1,1,0.9859801010255681
tut_top5_test_0000139,test,4,0,0,0.4760723772889903
tut_top5_test_0000140,test,4,1,1,0.9878194287836958
tut_top5_test_0000141,test,4,3,3,0.9599790273864255
tut_top5_test_0000142,test,4,1,1,0.9538256356126382
tut_top5_test_0000143,test,4,2,2,0.9670053578488765
tut_top5_test_0000144,test,4,2,2,0.9337449833378777
tut_top5_test_0000145,test,4,0,0,0.9778749838091697
tut_top5_test_0000146,test,4,2,2,0.8593891172099108
tut_top5_test_0000147,test,4,3,3,0.9819646604530609
tut_top5_test_0000148,test,4,0,0,0.9405967197527046
tut_top5_test_0000149,test,4,2,2,0.9835633232809394
tut_top5_test_0000150,test,4,3,3,0.9994883944130503
tut_top5_test_0000151,test,4,3,3,0.9147246414248522
tut_top5_test_0000152,test,4,1,1,0.8320302386518879
tut_top5_test_0000153,test,4,0,0,0.9505216906564347
tut_top5_test_0000154,test,4,0,0,0.975961503016824
tut_top5_test_0000155,test,4,1,1,0.941918578340866
tut_top5_test_0000156,test,4,0,0,0.8662353463884723
tut_top5_test_0000157,test,4,1,1,0.9967919165442335
tut_top5_test_0000158,test,4,0,0,0.857886839789054
tut_top5_test_0000159,test,4,1,1,0.9983782929267697
tut_top5_test_0000160,test,4,3,3,0.9972859519415291
tut_top5_test_0000161,test,4,0,0,0.893080362096971
tut_top5_test_0000162,test,4,2,2,0.9067235994353147
tut_top5_test_0000163,test,4,2,2,0.9923870300836677
tut_top5_test_0000164,test,4,2,2,0.8811529274418866
tut_top5_test_0000165,test,4,0,0,0.8409977720114604
tut_top5_test_0000166,test,4,2,2,0.9594658143128474
tut_top5_test_0000167,test,4,2,2,0.8918394331460263
tut_top5_test_0000168,test,4,1,1,0.9701141163378457
tut_top5_test_0000169,test,4,0,0,0.8805575345936097
tut_top5_test_0000170,test,4,0,0,0.9935038283869683
tut_top5_test_0000171,test,4,0,2,0.588411400510233
tut_top5_test_0000172,test,4,2,2,0.989489816641794
tut_top5_test_0000173,test,4,2,2,0.6346228119251704
tut_top5_test_0000174,test,4,2,2,0.8654316002567903
tut_top5_test_0000175,test,4,2,2,0.8117750830208176
tut_top5_test_0000176,test,4,2,2,0.6434907829620478
tut_top5_test_0000177,test,4,0,0,0.9090122358403228
tut_top5_test_0000178,test,4,0,2,0.8974101348765126
tut_top5_test_0000179,test,4,0,0,0.5058087600389409
tut_top5_test_0000180,test,4,1,1,0.9701141163378457
tut_top5_test_0000181,test,4,2,2,0.9084499168233893
tut_top5_test_0000182,test,4,1,1,0.9868180174591356
tut_top5_test_0000183,test,4,0,0,0.9887152304052483
tut_top5_test_0000184,test,4,1,1,0.8329018013124803
tut_top5_test_0000185,test,4,2,2,0.9679800517914111
tut_top5_test_0000186,test,4,1,1,0.9381827128101569
tut_top5_test_0000187,test,4,2,2,0.8137026488994437
tut_top5_test_0000188,test,4,1,1,0.9948770880141795
tut_top5_test_0000189,test,4,1,1,0.9182614776491489
tut_top5_test_0000190,test,4,1,1,0.5681220128614419
tut_top5_test_0000191,test,4,0,0,0.56646398253591
tut_top5_test_0000192,test,4,0,0,0.9785539464013701
tut_top5_test_0000193,test,4,0,1,0.6537185528553519
tut_top5_test_0000194,test,4,2,2,0.7820546154198539
tut_top5_test_0000195,test,4,0,0,0.996890552294384
tut_top5_test_0000196,test,4,1,1,0.9943985752453753
tut_top5_test_0000197,test,4,1,1,0.9102731465729742
tut_top5_test_0000198,test,4,1,1,0.9850327526690603
tut_top5_test_0000199,test,4,1,1,0.9275266686011965
tut_top5_test_0000200,test,4,0,0,0.8077444546765095
tut_top5_test_0000201,test,4,2,2,0.8959705286862225
tut_top5_test_0000202,test,4,0,0,0.8242126058691368
tut_top5_test_0000203,test,4,3,3,0.8094891870904695
tut_top5_test_0000204,test,4,3,3,0.9951090277414062
tut_top5_test_0000205,test,4,0,0,0.962548553911629
tut_top5_test_0000206,test,4,0,0,0.8736234259682432
tut_top5_test_0000207,test,4,3,3,0.88269907282338
tut_top5_test_0000208,test,4,2,2,0.950451091379519
tut_top5_test_0000209,test,4,3,3,0.9926813096544471
tut_top5_test_0000210,test,4,2,2,0.7997168530432752
tut_top5_test_0000211,test,4,0,0,0.998565155384172
tut_top5_test_0000212,test,4,2,0,0.764546828889004
tut_top5_test_0000213,test,4,0,0,0.6231678317667495
tut_top5_test_0000214,test,4,2,2,0.8428855554060105
tut_top5_test_0000215,test,4,3,3,0.9943452960925967
tut_top5_test_0000216,test,4,2,2,0.959090978626111
tut_top5_test_0000217,test,4,3,3,0.8750928686547834
tut_top5_test_0000218,test,4,1,1,0.8794802419400228
tut_top5_test_0000219,test,4,1,1,0.9749835611950307
tut_top5_test_0000220,test,4,2,2,0.5900209447527642
tut_top5_test_0000221,test,4,2,2,0.7699945199849502
tut_top5_test_0000222,test,4,2,2,0.8892995905374663
tut_top5_test_0000223,test,4,3,3,0.9975620198972129
tut_top5_test_0000224,test,4,3,3,0.9624692006737011
tut_top5_test_0000225,test,4,2,2,0.7685651533918008
tut_top5_test_0000226,test,4,1,1,0.9470988128744042
tut_top5_test_0000227,test,4,3,3,0.957516196095717
tut_top5_test_0000228,test,4,2,2,0.9271249203361637
tut_top5_test_0000229,test,4,2,2,0.869509025327936
tut_top5_test_0000230,test,4,3,3,0.9984635406795295
tut_top5_test_0000231,test,4,1,1,0.9970832067374719
tut_top5_test_0000232,test,4,3,3,0.9997505125826652
tut_top5_test_0000233,test,4,2,2,0.9543645224576833
tut_top5_test_0000234,test,4,1,1,0.9653330351281413
tut_top5_test_0000235,test,4,2,2,0.5281928307250147
tut_top5_test_0000236,test,4,2,2,0.9164367091001435
tut_top5_test_0000237,test,4,0,0,0.7400331327657246
tut_top5_test_0000238,test,4,2,0,0.7114068603234971
tut_top5_test_0000239,test,4,1,1,0.9952003413723749
tut_top5_test_0000240,test,4,1,1,0.9608994439741753
tut_top5_test_0000241,test,4,2,2,0.9908474576271186
tut_top5_test_0000242,test,4,1,1,0.9046638731416872
tut_top5_test_0000243,test,4,0,0,0.9859584246090302
tut_top5_test_0000244,test,4,0,0,0.9765220925922917
tut_top5_test_0000245,test,4,1,1,0.9402754020138733
tut_top5_test_0000246,test,4,1,1,0.817235031114907
tut_top5_test_0000247,test,4,1,1,0.9897476162887243
tut_top5_test_0000248,test,4,1,1,0.9155385340532456
tut_top5_test_0000249,test,4,0,0,0.9792838797937253
tut_top5_test_0000250,test,4,0,0,0.9959917144062813
tut_top5_test_0000251,test,4,0,0,0.8695265192786927
tut_top5_test_0000252,test,4,0,0,0.8822348183409021
tut_top5_test_0000253,test,4,0,0,0.7437472883247284
tut_top5_test_0000254,test,4,2,2,0.942946478984933
tut_top5_test_0000255,test,4,1,1,0.9561896888900262
tut_top5_test_0000256,test,4,2,2,0.951462647213977
tut_top5_test_0000257,test,4,0,0,0.8151843492339386
tut_top5_test_0000258,test,4,2,2,0.9891438954716308
tut_top5_test_0000259,test,4,2,2,0.6112914331566232
tut_top5_test_0000260,test,4,0,0,0.993008357319901
tut_top5_test_0000261,test,4,3,3,0.9998778366206743
tut_top5_test_0000262,test,4,2,2,0.9620954253405292
tut_top5_test_0000263,test,4,1,1,0.7531702314060617
tut_top5_test_0000264,test,4,3,3,0.7479564515391937
tut_top5_test_0000265,test,4,0,0,0.8763674082597704
tut_top5_test_0000266,test,4,0,0,0.9778866566797678
tut_top5_test_0000267,test,4,0,2,0.5130438717666442
tut_top5_test_0000268,test,4,0,0,0.7316612962745878
tut_top5_test_0000269,test,4,2,2,0.8651833049993608
tut_top5_test_0000270,test,4,2,0,0.7091524106378247
tut_top5_test_0000271,test,4,1,1,0.9913119695216226
tut_top5_test_0000272,test,4,2,2,0.9504857666186581
tut_top5_test_0000273,test,4,3,3,0.9973848968023752
tut_top5_test_0000274,test,4,2,2,0.9750199768224438
tut_top5_test_0000275,test,4,0,0,0.9988754229165713
tut_top5_test_0000276,test,4,1,1,0.7956503487401654
tut_top5_test_0000277,test,4,3,2,0.7469265885361394
tut_top5_test_0000278,test,4,2,2,0.8337603621713255
tut_top5_test_0000279,test,4,0,0,0.9978069525867861
tut_top5_test_0000280,test,4,0,0,0.9738386951387562
tut_top5_test_0000281,test,4,1,1,0.6918219080107861
tut_top5_test_0000282,test,4,1,1,0.9889102217865758
tut_top5_test_0000283,test,4,0,0,0.7406792073202947
tut_top5_test_0000284,test,4,2,2,0.9874237165952507
tut_top5_test_0000285,test,4,0,0,0.8666019080394295
tut_top5_test_0000286,test,4,2,2,0.9748113222379299
tut_top5_test_0000287,test,4,0,2,0.43806783833755264
tut_top5_test_0000288,test,4,2,2,0.4997491137202964
tut_top5_test_0000289,test,4,1,1,0.9147594386136534
tut_top5_test_0000290,test,4,3,3,0.6164203862041001
tut_top5_test_0000291,test,4,1,1,0.991257240556707
tut_top5_test_0000292,test,4,2,2,0.9611586102539083
tut_top5_test_0000293,test,4,0,0,0.9392804355170635
tut_top5_test_0000294,test,4,0,0,0.911975227184324
tut_top5_test_0000295,test,4,0,0,0.9967335619939865
tut_top5_test_0000296,test,4,0,0,0.8678408220032878
tut_top5_test_0000297,test,4,2,2,0.9908474576271186
tut_top5_test_0000298,test,4,2,2,0.5035579897576627
tut_top5_test_0000299,test,4,0,0,0.9953771289902924
tut_top5_test_0000300,test,4,1,1,0.9984167339398298
tut_top5_test_0000301,test,4,1,1,0.7482673906762084
tut_top5_test_0000302,test,4,3,3,0.9902345123538956
tut_top5_test_0000303,test,4,2,2,0.78368696392941
tut_top5_test_0000304,test,4,1,1,0.9933967988847243
tut_top5_test_0000305,test,4,0,0,0.9927783788536015
tut_top5_test_0000306,test,4,1,1,0.9182324200491091
tut_top5_test_0000307,test,4,3,3,0.9958050106913124
tut_top5_test_0000308,test,4,2,2,0.910660965114461
tut_top5_test_0000309,test,4,2,2,0.9252271659478829
tut_top5_test_0000310,test,4,1,1,0.9470785637231978
tut_top5_test_0000311,test,4,2,2,1.0
tut_top5_test_0000312,test,4,2,2,0.959245015352651
tut_top5_test_0000313,test,4,1,1,0.6134001256426967
tut_top5_test_0000314,test,4,0,0,0.9990373538143453
tut_top5_test_0000315,test,4,0,0,0.9936816759618842
tut_top5_test_0000316,test,4,0,0,0.7617644194430199
tut_top5_test_0000317,test,4,2,2,0.779220857564498
tut_top5_test_0000318,test,4,1,1,0.9339917181348656
tut_top5_test_0000319,test,4,2,3,0.8558302196879383
tut_top5_test_0000320,test,4,1,1,0.8179260974627346
tut_top5_test_0000321,test,4,1,2,0.8341598308998398
tut_top5_test_0000322,test,4,0,0,0.998349905582013
tut_top5_test_0000323,test,4,2,2,0.9853183020001346
tut_top5_test_0000324,test,4,0,2,0.5838179729929095
tut_top5_test_0000325,test,4,3,2,0.7117353108968983
tut_top5_test_0000326,test,4,2,2,0.6699190085726072
tut_top5_test_0000327,test,4,2,2,0.6191106706995481
tut_top5_test_0000328,test,4,1,1,0.8665447470842877
tut_top5_test_0000329,test,4,2,2,0.5756496160039514
tut_top5_test_0000330,test,4,0,0,0.9971736092358655
tut_top5_test_0000331,test,4,1,1,0.993863078165639
tut_top5_test_0000332,test,4,3,3,0.47763318033417873
tut_top5_test_0000333,test,4,0,0,0.8592078737088061
tut_top5_test_0000334,test,4,2,2,0.9831803781677262
tut_top5_test_0000335,test,4,0,0,0.6361799675139198
tut_top5_test_0000336,test,4,2,2,0.9971963028169014
tut_top5_test_0000337,test,4,1,1,0.9342175324700515
tut_top5_test_0000338,test,4,2,2,0.9368550140969313
tut_top5_test_0000339,test,4,1,1,0.993764035254306
tut_top5_test_0000340,test,4,2,2,0.5542397647768876
tut_top5_test_0000341,test,4,1,1,0.9213140160208999
tut_top5_test_0000342,test,4,3,2,0.7825110542630865
tut_top5_test_0000343,test,4,3,3,0.8855100141606443
tut_top5_test_0000344,test,4,0,0,0.6378860253218477
tut_top5_test_0000345,test,4,2,2,0.9523722970073115
tut_top5_test_0000346,test,4,2,2,0.9352127587034376
tut_top5_test_0000347,test,4,1,1,0.6728189610738754
tut_top5_test_0000348,test,4,2,2,0.8383415376066639
tut_top5_test_0000349,test,4,0,0,0.750945543519548
tut_top5_test_0000350,test,4,1,1,0.9705906348458926
tut_top5_test_0000351,test,4,1,1,0.9490931353874097
tut_top5_test_0000352,test,4,2,2,0.9071991486371384
tut_top5_test_0000353,test,4,1,1,0.9805681068405906
tut_top5_test_0000354,test,4,2,2,0.9899788732387279
tut_top5_test_0000355,test,4,2,2,0.6992005421487008
tut_top5_test_0000356,test,4,1,1,0.9163645775107692
tut_top5_test_0000357,test,4,2,2,0.6302709526489152
tut_top5_test_0000358,test,4,0,0,0.9626440498492593
tut_top5_test_0000359,test,4,2,2,0.7147202617293799
tut_top5_test_0000360,test,4,0,1,0.7199866189139723
tut_top5_test_0000361,test,4,1,1,0.9806756766360213
tut_top5_test_0000362,test,4,1,1,0.9827876734443994
tut_top5_test_0000363,test,4,2,2,0.5683174010313666
tut_top5_test_0000364,test,4,2,2,0.9920835008525576
tut_top5_test_0000365,test,4,3,3,0.9136097928613354
tut_top5_test_0000366,test,4,1,1,0.8875323764410524
tut_top5_test_0000367,test,4,1,1,0.9476701948892007
tut_top5_test_0000368,test,4,0,0,0.6475626794046861
tut_top5_test_0000369,test,4,0,0,0.9500018862605583
tut_top5_test_0000370,test,4,0,0,0.8722782052374618
tut_top5_test_0000371,test,4,1,1,0.9245299743770775
tut_top5_test_0000372,test,4,2,2,0.929029184727759
tut_top5_test_0000373,test,4,0,2,0.6339089618778443
tut_top5_test_0000374,test,4,2,2,0.9785845270192494
tut_top5_test_0000375,test,4,3,3,0.9239216870136601
tut_top5_test_0000376,test,4,0,0,0.6731187534734029
tut_top5_test_0000377,test,4,0,0,0.9978069525867861
tut_top5_test_0000378,test,4,1,1,0.9957132070280923
tut_top5_test_0000379,test,4,1,1,0.8121891172710933
tut_top5_test_0000380,test,4,2,2,0.9570553240541386
tut_top5_test_0000381,test,4,3,3,0.9973848968023752
tut_top5_test_0000382,test,4,1,1,0.9974712964370288
tut_top5_test_0000383,test,4,2,2,0.9029563829734133
tut_top5_test_0000384,test,4,2,2,0.8997831693257701
tut_top5_test_0000385,test,4,2,2,0.7887519586045201
tut_top5_test_0000386,test,4,1,1,0.8296351029838
tut_top5_test_0000387,test,4,3,3,0.9803964945563779
tut_top5_test_0000388,test,4,0,0,0.9842846049525188
tut_top5_test_0000389,test,4,1,1,0.9916320678386201
tut_top5_test_0000390,test,4,0,0,0.7525200003834368
tut_top5_test_0000391,test,4,3,3,0.9598709731031231
tut_top5_test_0000392,test,4,0,0,0.9986118333526994
tut_top5_test_0000393,test,4,3,3,0.9867788717908553
tut_top5_test_0000394,test,4,3,3,0.9658113376974613
tut_top5_test_0000395,test,4,3,3,0.9960062179808259
tut_top5_test_0000396,test,4,2,2,0.8663091780166602
tut_top5_test_0000397,test,4,1,1,0.9647264908167051
tut_top5_test_0000398,test,4,2,3,0.47751402752685684
tut_top5_test_0000399,test,4,1,1,0.9976683567979616
tut_top5_train_0000000,train,5,3,3,1.0
tut_top5_train_0000001,train,5,0,0,1.0
tut_top5_train_0000002,train,5,2,2,1.0
tut_top5_train_0000003,train,5,2,2,1.0
tut_top5_train_0000004,train,5,0,0,1.0
tut_top5_train_0000005,train,5,4,4,1.0
tut_top5_train_0000006,train,5,0,0,1.0
tut_top5_train_0000007,train,5,3,3,1.0
tut_top5_train_0000008,train,5,0,0,1.0
tut_top5_train_0000009,train,5,4,4,1.0
tut_top5_train_0000010,train,5,4,4,1.0
tut_top5_train_0000011,train,5,0,0,1.0
tut_top5_train_0000012,train,5,4,4,1.0
tut_top5_train_0000013,train,5,1,1,1.0
tut_top5_train_0000014,train,5,4,4,1.0
tut_top5_train_0000015,train,5,0,0,1.0
tut_top5_train_0000016,train,5,4,4,1.0
tut_top5_train_0000017,train,5,4,4,1.0
tut_top5_train_0000018,train,5,4,4,1.0
tut_top5_train_0000019,train,5,4,4,1.0
tut_top5_train_0000020,train,5,3,3,1.0
tut_top5_train_0000021,train,5,3,3,1.0
tut_top5_train_0000022,train,5,0,0,1.0
tut_top5_train_0000023,train,5,0,0,1.0
tut_top5_train_0000024,train,5,3,3,1.0
tut_top5_train_0000025,train,5,2,2,1.0
tut_top5_train_0000026,train,5,4,4,1.0
tut_top5_train_0000027,train,5,1,1,1.0
tut_top5_train_0000028,train,5,1,1,1.0
tut_top5_train_0000029,train,5,4,4,1.0
tut_top5_train_0000030,train,5,0,0,1.0
tut_top5_train_0000031,train,5,4,4,1.0
tut_top5_train_0000032,train,5,4,4,1.0
tut_top5_train_0000033,train,5,0,0,1.0
tut_top5_train_0000034,train,5,1,1,1.0
tut_top5_train_0000035,train,5,4,4,1.0
tut_top5_train_0000036,train,5,2,2,1.0
tut_top5_train_0000037,train,5,0,0,1.0
tut_top5_train_0000038,train,5,0,0,1.0
tut_top5_train_0000039,train,5,1,1,1.0
tut_top5_train_0000040,train,5,2,2,1.0
tut_top5_train_0000041,train,5,2,2,1.0
tut_top5_train_0000042,train,5,0,0,1.0
tut_top5_train_0000043,train,5,1,1,1.0
tut_top5_train_0000044,train,5,0,0,1.0
tut_top5_train_0000045,train,5,3,3,1.0
tut_top5_train_0000046,train,5,0,0,1.0
tut_top5_train_0000047,train,5,2,2,1.0
tut_top5_train_0000048,train,5,4,4,1.0
tut_top5_train_0000049,train,5,0,0,1.0
tut_top5_train_0000050,train,5,1,1,1.0
tut_top5_train_0000051,train,5,0,0,1.0
tut_top5_train_0000052,train,5,0,0,1.0
tut_top5_train_0000053,train,5,4,4,1.0
tut_top5_train_0000054,train,5,4,4,1.0
tut_top5_train_0000055,train,5,0,0,1.0
tut_top5_train_0000056,train,5,0,0,1.0
tut_top5_train_0000057,train,5,0,0,1.0
tut_top5_train_0000058,train,5,1,1,1.0
tut_top5_train_0000059,train,5,4,4,1.0
tut_top5_train_0000060,train,5,3,3,1.0
tut_top5_train_0000061,train,5,1,1,1.0
tut_top5_train_0000062,train,5,3,3,1.0
tut_top5_train_0000063,train,5,0,0,1.0
tut_top5_train_0000064,train,5,4,4,1.0
tut_top5_train_0000065,train,5,3,3,1.0
tut_top5_train_0000066,train,5,1,1,1.0
tut_top5_train_0000067,train,5,0,0,1.0
tut_top5_train_0000068,train,5,0,0,1.0
tut_top5_train_0000069,train,5,1,1,1.0
tut_top5_train_0000070,train,5,3,3,1.0
tut_top5_train_0000071,train,5,0,0,1.0
tut_top5_train_0000072,train,5,0,0,1.0
tut_top5_train_0000073,train,5,0,0,1.0
tut_top5_train_0000074,train,5,0,0,1.0
tut_top5_train_0000075,train,5,3,3,1.0
tut_top5_train_0000076,train,5,3,3,1.0
tut_top5_train_0000077,train,5,3,3,1.0
tut_top5_train_0000078,train,5,1,1,1.0
tut_top5_train_0000079,train,5,4,4,1.0
tut_top5_train_0000080,train,5,4,4,1.0
tut_top5_train_0000081,train,5,0,0,1.0
tut_top5_train_0000082,train,5,1,1,1.0
tut_top5_train_0000083,train,5,0,0,1.0
tut_top5_train_0000084,train,5,3,3,1.0
tut_top5_train_0000085,train,5,2,2,1.0
tut_top5_train_0000086,train,5,0,0,1.0
tut_top5_train_0000087,train,5,4,4,1.0
tut_top5_train_0000088,train,5,1,1,1.0
tut_top5_train_0000089,train,5,2,2,1.0
tut_top5_train_0000090,train,5,0,0,1.0
tut_top5_train_0000091,train,5,0,0,1.0
tut_top5_train_0000092,train,5,0,0,1.0
tut_top5_train_0000093,train,5,4,4,1.0
tut_top5_train_0000094,train,5,0,0,1.0
tut_top5_train_0000095,train,5,3,3,1.0
tut_top5_train_0000096,train,5,4,4,1.0
tut_top5_train_0000097,train,5,0,0,1.0
tut_top5_train_0000098,train,5,3,3,1.0
tut_top5_train_0000099,train,5,4,4,1.0
tut_top5_train_0000100,train,5,2,2,1.0
tut_top5_train_0000101,train,5,4,4,1.0
tut_top5_train_0000102,train,5,0,0,1.0
tut_top5_train_0000103,train,5,3,3,1.0
tut_top5_train_0000104,train,5,4,4,1.0
tut_top5_train_0000105,train,5,4,4,1.0
tut_top5_train_0000106,train,5,0,0,1.0
tut_top5_train_0000107,train,5,0,0,1.0
tut_top5_train_0000108,train,5,2,2,1.0
tut_top5_train_0000109,train,5,1,1,1.0
tut_top5_train_0000110,train,5,4,4,1.0
tut_top5_train_0000111,train,5,4,4,1.0
tut_top5_train_0000112,train,5,4,4,1.0
tut_top5_train_0000113,train,5,2,2,1.0
tut_top5_train_0000114,train,5,0,0,1.0
tut_top5_train_0000115,train,5,2,2,1.0
tut_top5_train_0000116,train,5,3,3,1.0
tut_top5_train_0000117,train,5,2,2,1.0
tut_top5_train_0000118,train,5,0,0,1.0
tut_top5_train_0000119,train,5,3,3,1.0
tut_top5_train_0000120,train,5,2,2,1.0
tut_top5_train_0000121,train,5,2,2,1.0
tut_top5_train_0000122,train,5,0,0,1.0
tut_top5_train_0000123,train,5,0,0,1.0
tut_top5_train_0000124,train,5,2,2,1.0
tut_top5_train_0000125,train,5,0,0,1.0
tut_top5_train_0000126,train,5,0,0,1.0
tut_top5_train_0000127,train,5,4,4,1.0
tut_top5_train_0000128,train,5,4,4,1.0
tut_top5_train_0000129,train,5,1,1,1.0
tut_top5_train_0000130,train,5,0,0,1.0
tut_top5_train_0000131,train,5,0,0,1.0
tut_top5_train_0000132,train,5,1,1,1.0
tut_top5_train_0000133,train,5,4,4,1.0
tut_top5_train_0000134,train,5,2,2,1.0
tut_top5_train_0000135,train,5,2,2,1.0
tut_top5_train_0000136,train,5,0,0,1.0
tut_top5_train_0000137,train,5,0,0,1.0
tut_top5_train_0000138,train,5,0,0,1.0
tut_top5_train_0000139,train,5,3,3,1.0
tut_top5_train_0000140,train,5,0,0,1.0
tut_top5_train_0000141,train,5,4,4,1.0
tut_top5_train_0000142,train,5,4,4,1.0
tut_top5_train_0000143,train,5,3,3,1.0
tut_top5_train_0000144,train,5,4,4,1.0
tut_top5_train_0000145,train,5,0,0,1.0
tut_top5_train_0000146,train,5,0,0,1.0
tut_top5_train_0000147,train,5,2,2,1.0
tut_top5_train_0000148,train,5,1,1,1.0
tut_top5_train_0000149,train,5,2,2,1.0
tut_top5_train_0000150,train,5,4,4,1.0
tut_top5_train_0000151,train,5,0,0,1.0
tut_top5_train_0000152,train,5,1,1,1.0
tut_top5_train_0000153,train,5,0,0,1.0
tut_top5_train_0000154,train,5,3,3,1.0
tut_top5_train_0000155,train,5,4,4,1.0
tut_top5_train_0000156,train,5,1,1,1.0
tut_top5_train_0000157,train,5,1,1,1.0
tut_top5_train_0000158,train,5,2,2,1.0
tut_top5_train_0000159,train,5,0,0,1.0
tut_top5_train_0000160,train,5,4,4,1.0
tut_top5_train_0000161,train,5,4,4,1.0
tut_top5_train_0000162,train,5,0,0,1.0
tut_top5_train_0000163,train,5,4,4,1.0
tut_top5_train_0000164,train,5,4,4,1.0
tut_top5_train_0000165,train,5,4,4,1.0
tut_top5_train_0000166,train,5,0,0,1.0
tut_top5_train_0000167,train,5,4,4,1.0
tut_top5_train_0000168,train,5,4,4,1.0
tut_top5_train_0000169,train,5,1,1,1.0
tut_top5_train_0000170,train,5,0,0,1.0
tut_top5_train_0000171,train,5,0,0,1.0
tut_top5_train_0000172,train,5,4,4,1.0
tut_top5_train_0000173,train,5,4,4,1.0
tut_top5_train_0000174,train,5,0,0,1.0
tut_top5_train_0000175,train,5,4,4,1.0
tut_top5_train_0000176,train,5,0,0,1.0
tut_top5_train_0000177,train,5,2,2,1.0
tut_top5_train_0000178,train,5,0,0,1.0
tut_top5_train_0000179,train,5,4,4,1.0
tut_top5_train_0000180,train,5,4,4,1.0
tut_top5_train_0000181,train,5,1,1,1.0
tut_top5_train_0000182,train,5,0,0,1.0
tut_top5_train_0000183,train,5,1,1,1.0
tut_top5_train_0000184,train,5,1,1,1.0
tut_top5_train_0000185,train,5,4,4,1.0
tut_top5_train_0000186,train,5,0,0,1.0
tut_top5_train_0000187,train,5,2,2,1.0
tut_top5_train_0000188,train,5,3,3,1.0
tut_top5_train_0000189,train,5,2,2,1.0
tut_top5_train_0000190,train,5,0,0,1.0
tut_top5_train_0000191,train,5,1,1,1.0
tut_top5_train_0000192,train,5,3,3,1.0
tut_top5_train_0000193,train,5,2,2,1.0
tut_top5_train_0000194,train,5,0,0,1.0
tut_top5_train_0000195,train,5,0,0,1.0
tut_top5_train_0000196,train,5,1,1,1.0
tut_top5_train_0000197,train,5,1,1,1.0
tut_top5_train_0000198,train,5,2,2,1.0
tut_top5_train_0000199,train,5,2,2,1.0
tut_top5_train_0000200,train,5,4,4,1.0
tut_top5_train_0000201,train,5,3,3,1.0
tut_top5_train_0000202,train,5,0,0,1.0
tut_top5_train_0000203,train,5,2,2,1.0
tut_top5_train_0000204,train,5,4,4,1.0
tut_top5_train_0000205,train,5,0,0,1.0
tut_top5_train_0000206,train,5,4,4,1.0
tut_top5_train_0000207,train,5,4,4,1.0
tut_top5_train_0000208,train,5,4,4,1.0
tut_top5_train_0000209,train,5,1,1,1.0
tut_top5_train_0000210,train,5,3,3,1.0
tut_top5_train_0000211,train,5,2,2,1.0
tut_top5_train_0000212,train,5,4,4,1.0
tut_top5_train_0000213,train,5,0,0,1.0
tut_top5_train_0000214,train,5,4,4,1.0
tut_top5_train_0000215,train,5,4,4,1.0
tut_top5_train_0000216,train,5,3,3,1.0
tut_top5_train_0000217,train,5,4,4,1.0
tut_top5_train_0000218,train,5,1,1,1.0
tut_top5_train_0000219,train,5,2,2,1.0
tut_top5_train_0000220,train,5,0,0,1.0
tut_top5_train_0000221,train,5,2,2,1.0
tut_top5_train_0000222,train,5,3,3,1.0
tut_top5_train_0000223,train,5,0,0,1.0
tut_top5_train_0000224,train,5,1,1,1.0
tut_top5_train_0000225,train,5,1,1,1.0
tut_top5_train_0000226,train,5,0,0,1.0
tut_top5_train_0000227,train,5,4,4,1.0
tut_top5_train_0000228,train,5,4,4,1.0
tut_top5_train_0000229,train,5,4,4,1.0
tut_top5_train_0000230,train,5,1,1,1.0
tut_top5_train_0000231,train,5,4,4,1.0
tut_top5_train_0000232,train,5,1,1,1.0
tut_top5_train_0000233,train,5,4,4,1.0
tut_top5_train_0000234,train,5,4,4,1.0
tut_top5_train_0000235,train,5,0,0,1.0
tut_top5_train_0000236,train,5,4,4,1.0
tut_top5_train_0000237,train,5,4,4,1.0
tut_top5_train_0000238,train,5,0,0,1.0
tut_top5_train_0000239,train,5,0,0,1.0
tut_top5_train_0000240,train,5,2,2,1.0
tut_top5_train_0000241,train,5,0,0,1.0
tut_top5_train_0000242,train,5,3,3,1.0
tut_top5_train_0000243,train,5,4,4,1.0
tut_top5_train_0000244,train,5,2,2,1.0
tut_top5_train_0000245,train,5,0,0,1.0
tut_top5_train_0000246,train,5,4,4,1.0
tut_top5_train_0000247,train,5,1,1,1.0
tut_top5_train_0000248,train,5,4,4,1.0
tut_top5_train_0000249,train,5,4,4,1.0
tut_top5_train_0000250,train,5,0,0,1.0
tut_top5_train_0000251,train,5,0,0,1.0
tut_top5_train_0000252,train,5,1,1,1.0
tut_top5_train_0000253,train,5,2,2,1.0
tut_top5_train_0000254,train,5,3,3,1.0
tut_top5_train_0000255,train,5,3,3,1.0
tut_top5_train_0000256,train,5,1,1,1.0
tut_top5_train_0000257,train,5,0,0,1.0
tut_top5_train_0000258,train,5,0,0,1.0
tut_top5_train_0000259,train,5,0,0,1.0
tut_top5_train_0000260,train,5,0,0,1.0
tut_top5_train_0000261,train,5,2,2,1.0
tut_top5_train_0000262,train,5,4,4,1.0
tut_top5_train_0000263,train,5,2,2,1.0
tut_top5_train_0000264,train,5,0,0,1.0
tut_top5_train_0000265,train,5,4,4,1.0
tut_top5_train_0000266,train,5,4,4,1.0
tut_top5_train_0000267,train,5,1,1,1.0
tut_top5_train_0000268,train,5,4,4,1.0
tut_top5_train_0000269,train,5,1,1,1.0
tut_top5_train_0000270,train,5,4,4,1.0
tut_top5_train_0000271,train,5,3,3,1.0
tut_top5_train_0000272,train,5,3,3,1.0
tut_top5_train_0000273,train,5,0,0,1.0
tut_top5_train_0000274,train,5,3,3,1.0
tut_top5_train_0000275,train,5,0,0,1.0
tut_top5_train_0000276,train,5,1,1,1.0
tut_top5_train_0000277,train,5,3,3,1.0
tut_top5_train_0000278,train,5,2,2,1.0
tut_top5_train_0000279,train,5,4,4,1.0
tut_top5_train_0000280,train,5,2,2,1.0
tut_top5_train_0000281,train,5,4,4,1.0
tut_top5_train_0000282,train,5,3,3,1.0
tut_top5_train_0000283,train,5,3,3,1.0
tut_top5_train_0000284,train,5,1,1,1.0
tut_top5_train_0000285,train,5,4,4,1.0
tut_top5_train_0000286,train,5,2,2,1.0
tut_top5_train_0000287,train,5,0,0,1.0
tut_top5_train_0000288,train,5,0,0,1.0
tut_top5_train_0000289,train,5,2,2,1.0
tut_top5_train_0000290,train,5,1,1,1.0
tut_top5_train_0000291,train,5,4,4,1.0
tut_top5_train_0000292,train,5,3,3,1.0
tut_top5_train_0000293,train,5,2,2,1.0
tut_top5_train_0000294,train,5,0,0,1.0
tut_top5_train_0000295,train,5,0,0,1.0
tut_top5_train_0000296,train,5,0,0,1.0
tut_top5_train_0000297,train,5,0,0,1.0
tut_top5_train_0000298,train,5,2,2,1.0
tut_top5_train_0000299,train,5,4,4,1.0
tut_top5_train_0000300,train,5,3,3,1.0
tut_top5_train_0000301,train,5,3,3,1.0
tut_top5_train_0000302,train,5,1,1,1.0
tut_top5_train_0000303,train,5,0,0,1.0
tut_top5_train_0000304,train,5,1,1,1.0
tut_top5_train_0000305,train,5,1,1,1.0
tut_top5_train_0000306,train,5,1,1,1.0
tut_top5_train_0000307,train,5,0,0,1.0
tut_top5_train_0000308,train,5,0,0,1.0
tut_top5_train_0000309,train,5,4,4,1.0
tut_top5_train_0000310,train,5,4,4,1.0
tut_top5_train_0000311,train,5,0,0,1.0
tut_top5_train_0000312,train,5,2,2,1.0
tut_top5_train_0000313,train,5,0,0,1.0
tut_top5_train_0000314,train,5,0,0,1.0
tut_top5_train_0000315,train,5,3,3,1.0
tut_top5_train_0000316,train,5,2,2,1.0
tut_top5_train_0000317,train,5,3,3,1.0
tut_top5_train_0000318,train,5,1,1,1.0
tut_top5_train_0000319,train,5,0,0,1.0
tut_top5_train_0000320,train,5,3,3,1.0
tut_top5_train_0000321,train,5,2,2,1.0
tut_top5_train_0000322,train,5,0,0,1.0
tut_top5_train_0000323,train,5,0,0,1.0
tut_top5_train_0000324,train,5,0,0,1.0
tut_top5_train_0000325,train,5,4,4,1.0
tut_top5_train_0000326,train,5,1,1,1.0
tut_top5_train_0000327,train,5,3,3,1.0
tut_top5_train_0000328,train,5,0,0,1.0
tut_top5_train_0000329,train,5,4,4,1.0
tut_top5_train_0000330,train,5,4,4,1.0
tut_top5_train_0000331,train,5,3,3,1.0
tut_top5_train_0000332,train,5,4,4,1.0
tut_top5_train_0000333,train,5,0,0,1.0
tut_top5_train_0000334,train,5,3,3,1.0
tut_top5_train_0000335,train,5,4,4,1.0
tut_top5_train_0000336,train,5,2,2,1.0
tut_top5_train_0000337,train,5,3,3,1.0
tut_top5_train_0000338,train,5,2,2,1.0
tut_top5_train_0000339,train,5,0,0,1.0
tut_top5_train_0000340,train,5,3,3,1.0
tut_top5_train_0000341,train,5,4,4,1.0
tut_top5_train_0000342,train,5,0,0,1.0
tut_top5_train_0000343,train,5,0,0,1.0
tut_top5_train_0000344,train,5,0,0,1.0
tut_top5_train_0000345,train,5,4,4,1.0
tut_top5_train_0000346,train,5,0,0,1.0
tut_top5_train_0000347,train,5,0,0,1.0
tut_top5_train_0000348,train,5,4,4,1.0
tut_top5_train_0000349,train,5,4,4,1.0
tut_top5_train_0000350,train,5,0,0,1.0
tut_top5_train_0000351,train,5,3,3,1.0
tut_top5_train_0000352,train,5,2,2,1.0
tut_top5_train_0000353,train,5,3,3,1.0
tut_top5_train_0000354,train,5,3,3,1.0
tut_top5_train_0000355,train,5,0,0,1.0
tut_top5_train_0000356,train,5,4,4,1.0
tut_top5_train_0000357,train,5,1,1,1.0
tut_top5_train_0000358,train,5,1,1,1.0
tut_top5_train_0000359,train,5,3,3,1.0
tut_top5_train_0000360,train,5,3,3,1.0
tut_top5_train_0000361,train,5,0,0,1.0
tut_top5_train_0000362,train,5,2,2,1.0
tut_top5_train_0000363,train,5,2,2,1.0
tut_top5_train_0000364,train,5,0,0,1.0
tut_top5_train_0000365,train,5,4,4,1.0
tut_top5_train_0000366,train,5,4,4,1.0
tut_top5_train_0000367,train,5,0,0,1.0
tut_top5_train_0000368,train,5,2,2,1.0
tut_top5_train_0000369,train,5,2,2,1.0
tut_top5_train_0000370,train,5,0,0,1.0
tut_top5_train_0000371,train,5,3,3,1.0
tut_top5_train_0000372,train,5,4,4,1.0
tut_top5_train_0000373,train,5,4,4,1.0
tut_top5_train_0000374,train,5,4,4,1.0
tut_top5_train_0000375,train,5,4,4,1.0
tut_top5_train_0000376,train,5,1,1,1.0
tut_top5_train_0000377,train,5,0,0,1.0
tut_top5_train_0000378,train,5,3,3,1.0
tut_top5_train_0000379,train,5,1,1,1.0
tut_top5_train_0000380,train,5,1,1,1.0
tut_top5_train_0000381,train,5,2,2,1.0
tut_top5_train_0000382,train,5,4,4,1.0
tut_top5_train_0000383,train,5,0,0,1.0
tut_top5_train_0000384,train,5,4,4,1.0
tut_top5_train_0000385,train,5,4,4,1.0
tut_top5_train_0000386,train,5,0,0,1.0
tut_top5_train_0000387,train,5,0,0,1.0
tut_top5_train_0000388,train,5,0,0,1.0
tut_top5_train_0000389,train,5,4,4,1.0
tut_top5_train_0000390,train,5,2,2,1.0
tut_top5_train_0000391,train,5,0,0,1.0
tut_top5_train_0000392,train,5,4,4,1.0
tut_top5_train_0000393,train,5,4,4,1.0
tut_top5_train_0000394,train,5,2,2,1.0
tut_top5_train_0000395,train,5,0,0,1.0
tut_top5_train_0000396,train,5,0,0,1.0
tut_top5_train_0000397,train,5,0,0,1.0
tut_top5_train_0000398,train,5,2,2,1.0
tut_top5_train_0000399,train,5,4,4,1.0
tut_top5_train_0000400,train,5,0,0,1.0
tut_top5_train_0000401,train,5,3,3,1.0
tut_top5_train_0000402,train,5,2,2,1.0
tut_top5_train_0000403,train,5,0,0,1.0
tut_top5_train_0000404,train,5,0,0,1.0
tut_top5_train_0000405,train,5,4,4,1.0
tut_top5_train_0000406,train,5,0,0,1.0
tut_top5_train_0000407,train,5,2,2,1.0
tut_top5_train_0000408,train,5,4,4,1.0
tut_top5_train_0000409,train,5,0,0,1.0
tut_top5_train_0000410,train,5,0,0,1.0
tut_top5_train_0000411,train,5,0,0,1.0
tut_top5_train_0000412,train,5,2,2,1.0
tut_top5_train_0000413,train,5,4,4,1.0
tut_top5_train_0000414,train,5,0,0,1.0
tut_top5_train_0000415,train,5,4,4,1.0
tut_top5_train_0000416,train,5,4,4,1.0
tut_top5_train_0000417,train,5,4,4,1.0
tut_top5_train_0000418,train,5,1,1,1.0
tut_top5_train_0000419,train,5,0,0,1.0
tut_top5_train_0000420,train,5,0,0,1.0
tut_top5_train_0000421,train,5,0,0,1.0
tut_top5_train_0000422,train,5,1,1,1.0
tut_top5_train_0000423,train,5,1,1,1.0
tut_top5_train_0000424,train,5,0,0,1.0
tut_top5_train_0000425,train,5,0,0,1.0
tut_top5_train_0000426,train,5,4,4,1.0
tut_top5_train_0000427,train,5,2,2,1.0
tut_top5_train_0000428,train,5,4,4,1.0
tut_top5_train_0000429,train,5,2,2,1.0
tut_top5_train_0000430,train,5,3,3,1.0
tut_top5_train_0000431,train,5,0,0,1.0
tut_top5_train_0000432,train,5,2,2,1.0
tut_top5_train_0000433,train,5,3,3,1.0
tut_top5_train_0000434,train,5,1,1,1.0
tut_top5_train_0000435,train,5,2,2,1.0
tut_top5_train_0000436,train,5,0,0,1.0
tut_top5_train_0000437,train,5,1,1,1.0
tut_top5_train_0000438,train,5,2,2,1.0
tut_top5_train_0000439,train,5,2,2,1.0
tut_top5_train_0000440,train,5,2,2,1.0
tut_top5_train_0000441,train,5,1,1,1.0
tut_top5_train_0000442,train,5,2,2,1.0
tut_top5_train_0000443,train,5,1,1,1.0
tut_top5_train_0000444,train,5,0,0,1.0
tut_top5_train_0000445,train,5,4,4,1.0
tut_top5_train_0000446,train,5,3,3,1.0
tut_top5_train_0000447,train,5,1,1,1.0
tut_top5_train_0000448,train,5,3,3,1.0
tut_top5_train_0000449,train,5,3,3,1.0
tut_top5_train_0000450,train,5,0,0,1.0
tut_top5_train_0000451,train,5,0,0,1.0
tut_top5_train_0000452,train,5,0,0,1.0
tut_top5_train_0000453,train,5,1,1,1.0
tut_top5_train_0000454,train,5,2,2,1.0
tut_top5_train_0000455,train,5,4,4,1.0
tut_top5_train_0000456,train,5,4,4,1.0
tut_top5_train_0000457,train,5,3,3,1.0
tut_top5_train_0000458,train,5,2,2,1.0
tut_top5_train_0000459,train,5,0,0,1.0
tut_top5_train_0000460,train,5,2,2,1.0
tut_top5_train_0000461,train,5,0,0,1.0
tut_top5_train_0000462,train,5,1,1,1.0
tut_top5_train_0000463,train,5,4,4,1.0
tut_top5_train_0000464,train,5,2,2,1.0
tut_top5_train_0000465,train,5,4,4,1.0
tut_top5_train_0000466,train,5,4,4,1.0
tut_top5_train_0000467,train,5,1,1,1.0
tut_top5_train_0000468,train,5,1,1,1.0
tut_top5_train_0000469,train,5,0,0,1.0
tut_top5_train_0000470,train,5,0,0,1.0
tut_top5_train_0000471,train,5,0,0,1.0
tut_top5_train_0000472,train,5,0,0,1.0
tut_top5_train_0000473,train,5,4,4,1.0
tut_top5_train_0000474,train,5,3,3,1.0
tut_top5_train_0000475,train,5,4,4,1.0
tut_top5_train_0000476,train,5,0,0,1.0
tut_top5_train_0000477,train,5,0,0,1.0
tut_top5_train_0000478,train,5,0,0,1.0
tut_top5_train_0000479,train,5,4,4,1.0
tut_top5_train_0000480,train,5,3,3,1.0
tut_top5_train_0000481,train,5,4,4,1.0
tut_top5_train_0000482,train,5,4,4,1.0
tut_top5_train_0000483,train,5,1,1,1.0
tut_top5_train_0000484,train,5,3,3,1.0
tut_top5_train_0000485,train,5,2,2,1.0
tut_top5_train_0000486,train,5,4,4,1.0
tut_top5_train_0000487,train,5,2,2,1.0
tut_top5_train_0000488,train,5,3,3,1.0
tut_top5_train_0000489,train,5,0,0,1.0
tut_top5_train_0000490,train,5,2,2,1.0
tut_top5_train_0000491,train,5,0,0,1.0
tut_top5_train_0000492,train,5,4,4,1.0
tut_top5_train_0000493,train,5,0,0,1.0
tut_top5_train_0000494,train,5,0,0,1.0
tut_top5_train_0000495,train,5,4,4,1.0
tut_top5_train_0000496,train,5,0,0,1.0
tut_top5_train_0000497,train,5,1,1,1.0
tut_top5_train_0000498,train,5,4,4,1.0
tut_top5_train_0000499,train,5,2,2,1.0
tut_top5_train_0000500,train,5,1,1,1.0
tut_top5_train_0000501,train,5,0,0,1.0
tut_top5_train_0000502,train,5,1,1,1.0
tut_top5_train_0000503,train,5,0,0,1.0
tut_top5_train_0000504,train,5,1,1,1.0
tut_top5_train_0000505,train,5,0,0,1.0
tut_top5_train_0000506,train,5,2,2,1.0
tut_top5_train_0000507,train,5,1,1,1.0
tut_top5_train_0000508,train,5,0,0,1.0
tut_top5_train_0000509,train,5,4,4,1.0
tut_top5_train_0000510,train,5,4,4,1.0
tut_top5_train_0000511,train,5,0,0,1.0
tut_top5_train_0000512,train,5,0,0,1.0
tut_top5_train_0000513,train,5,0,0,1.0
tut_top5_train_0000514,train,5,4,4,1.0
tut_top5_train_0000515,train,5,4,4,1.0
tut_top5_train_0000516,train,5,1,1,1.0
tut_top5_train_0000517,train,5,0,0,1.0
tut_top5_train_0000518,train,5,2,2,1.0
tut_top5_train_0000519,train,5,1,1,1.0
tut_top5_train_0000520,train,5,2,2,1.0
tut_top5_train_0000521,train,5,4,4,1.0
tut_top5_train_0000522,train,5,4,4,1.0
tut_top5_train_0000523,train,5,3,3,1.0
tut_top5_train_0000524,train,5,2,2,1.0
tut_top5_train_0000525,train,5,2,2,1.0
tut_top5_train_0000526,train,5,4,4,1.0
tut_top5_train_0000527,train,5,4,4,1.0
tut_top5_train_0000528,train,5,2,2,1.0
tut_top5_train_0000529,train,5,0,0,1.0
tut_top5_train_0000530,train,5,0,0,1.0
tut_top5_train_0000531,train,5,2,2,1.0
tut_top5_train_0000532,train,5,2,2,1.0
tut_top5_train_0000533,train,5,4,4,1.0
tut_top5_train_0000534,train,5,4,4,1.0
tut_top5_train_0000535,train,5,1,1,1.0
tut_top5_train_0000536,train,5,0,0,1.0
tut_top5_train_0000537,train,5,2,2,1.0
tut_top5_train_0000538,train,5,0,0,1.0
tut_top5_train_0000539,train,5,4,4,1.0
tut_top5_train_0000540,train,5,4,4,1.0
tut_top5_train_0000541,train,5,0,0,1.0
tut_top5_train_0000542,train,5,2,2,1.0
tut_top5_train_0000543,train,5,4,4,1.0
tut_top5_train_0000544,train,5,2,2,1.0
tut_top5_train_0000545,train,5,0,0,1.0
tut_top5_train_0000546,train,5,3,3,1.0
tut_top5_train_0000547,train,5,4,4,1.0
tut_top5_train_0000548,train,5,2,2,1.0
tut_top5_train_0000549,train,5,0,0,1.0
tut_top5_train_0000550,train,5,1,1,1.0
tut_top5_train_0000551,train,5,0,0,1.0
tut_top5_train_0000552,train,5,2,2,1.0
tut_top5_train_0000553,train,5,1,1,1.0
tut_top5_train_0000554,train,5,0,0,1.0
tut_top5_train_0000555,train,5,0,0,1.0
tut_top5_train_0000556,train,5,0,0,1.0
tut_top5_train_0000557,train,5,2,2,1.0
tut_top5_train_0000558,train,5,4,4,1.0
tut_top5_train_0000559,train,5,3,3,1.0
tut_top5_train_0000560,train,5,2,2,1.0
tut_top5_train_0000561,train,5,0,0,1.0
tut_top5_train_0000562,train,5,2,2,1.0
tut_top5_train_0000563,train,5,3,3,1.0
tut_top5_train_0000564,train,5,0,0,1.0
tut_top5_train_0000565,train,5,0,0,1.0
tut_top5_train_0000566,train,5,4,4,1.0
tut_top5_train_0000567,train,5,4,4,1.0
tut_top5_train_0000568,train,5,0,0,1.0
tut_top5_train_0000569,train,5,4,4,1.0
tut_top5_train_0000570,train,5,0,0,1.0
tut_top5_train_0000571,train,5,1,1,1.0
tut_top5_train_0000572,train,5,2,2,1.0
tut_top5_train_0000573,train,5,2,2,1.0
tut_top5_train_0000574,train,5,2,2,1.0
tut_top5_train_0000575,train,5,3,3,1.0
tut_top5_train_0000576,train,5,0,0,1.0
tut_top5_train_0000577,train,5,0,0,1.0
tut_top5_train_0000578,train,5,3,3,1.0
tut_top5_train_0000579,train,5,1,1,1.0
tut_top5_train_0000580,train,5,0,0,1.0
tut_top5_train_0000581,train,5,1,1,1.0
tut_top5_train_0000582,train,5,2,2,1.0
tut_top5_train_0000583,train,5,1,1,1.0
tut_top5_train_0000584,train,5,0,0,1.0
tut_top5_train_0000585,train,5,3,3,1.0
tut_top5_train_0000586,train,5,2,2,1.0
tut_top5_train_0000587,train,5,0,0,1.0
tut_top5_train_0000588,train,5,2,2,1.0
tut_top5_train_0000589,train,5,0,0,1.0
tut_top5_train_0000590,train,5,3,3,1.0
tut_top5_train_0000591,train,5,3,3,1.0
tut_top5_train_0000592,train,5,0,0,1.0
tut_top5_train_0000593,train,5,3,3,1.0
tut_top5_train_0000594,train,5,0,0,1.0
tut_top5_train_0000595,train,5,0,0,1.0
tut_top5_train_0000596,train,5,4,4,1.0
tut_top5_train_0000597,train,5,1,1,1.0
tut_top5_train_0000598,train,5,0,0,1.0
tut_top5_train_0000599,train,5,3,3,1.0
tut_top5_train_0000600,train,5,4,4,1.0
tut_top5_train_0000601,train,5,1,1,1.0
tut_top5_train_0000602,train,5,3,3,1.0
tut_top5_train_0000603,train,5,2,2,1.0
tut_top5_train_0000604,train,5,0,0,1.0
tut_top5_train_0000605,train,5,4,4,1.0
tut_top5_train_0000606,train,5,4,4,1.0
tut_top5_train_0000607,train,5,4,4,1.0
tut_top5_train_0000608,train,5,0,0,1.0
tut_top5_train_0000609,train,5,4,4,1.0
tut_top5_train_0000610,train,5,2,2,1.0
tut_top5_train_0000611,train,5,0,0,1.0
tut_top5_train_0000612,train,5,2,2,1.0
tut_top5_train_0000613,train,5,0,0,1.0
tut_top5_train_0000614,train,5,4,4,1.0
tut_top5_train_0000615,train,5,0,0,1.0
tut_top5_train_0000616,train,5,4,4,1.0
tut_top5_train_0000617,train,5,0,0,1.0
tut_top5_train_0000618,train,5,2,2,1.0
tut_top5_train_0000619,train,5,0,0,1.0
tut_top5_train_0000620,train,5,4,4,1.0
tut_top5_train_0000621,train,5,4,4,1.0
tut_top5_train_0000622,train,5,1,1,1.0
tut_top5_train_0000623,train,5,1,1,1.0
tut_top5_train_0000624,train,5,4,4,1.0
tut_top5_train_0000625,train,5,4,4,1.0
tut_top5_train_0000626,train,5,0,0,1.0
tut_top5_train_0000627,train,5,0,0,1.0
tut_top5_train_0000628,train,5,4,4,1.0
tut_top5_train_0000629,train,5,0,0,1.0
tut_top5_train_0000630,train,5,4,4,1.0
tut_top5_train_0000631,train,5,2,2,1.0
tut_top5_train_0000632,train,5,4,4,1.0
tut_top5_train_0000633,train,5,0,0,1.0
tut_top5_train_0000634,train,5,3,3,1.0
tut_top5_train_0000635,train,5,0,0,1.0
tut_top5_train_0000636,train,5,0,0,1.0
tut_top5_train_0000637,train,5,1,1,1.0
tut_top5_train_0000638,train,5,3,3,1.0
tut_top5_train_0000639,train,5,2,2,1.0
tut_top5_train_0000640,train,5,2,2,1.0
tut_top5_train_0000641,train,5,2,2,1.0
tut_top5_train_0000642,train,5,4,4,1.0
tut_top5_train_0000643,train,5,4,4,1.0
tut_top5_train_0000644,train,5,4,4,1.0
tut_top5_train_0000645,train,5,3,3,1.0
tut_top5_train_0000646,train,5,0,0,1.0
tut_top5_train_0000647,train,5,2,2,1.0
tut_top5_train_0000648,train,5,3,3,1.0
tut_top5_train_0000649,train,5,4,4,1.0
tut_top5_train_0000650,train,5,3,3,1.0
tut_top5_train_0000651,train,5,0,0,1.0
tut_top5_train_0000652,train,5,0,0,1.0
tut_top5_train_0000653,train,5,3,3,1.0
tut_top5_train_0000654,train,5,0,0,1.0
tut_top5_train_0000655,train,5,4,4,1.0
tut_top5_train_0000656,train,5,4,4,1.0
tut_top5_train_0000657,train,5,4,4,1.0
tut_top5_train_0000658,train,5,1,1,1.0
tut_top5_train_0000659,train,5,4,4,1.0
tut_top5_train_0000660,train,5,4,4,1.0
tut_top5_train_0000661,train,5,2,2,1.0
tut_top5_train_0000662,train,5,2,2,1.0
tut_top5_train_0000663,train,5,1,1,1.0
tut_top5_train_0000664,train,5,4,4,1.0
tut_top5_train_0000665,train,5,2,2,1.0
tut_top5_train_0000666,train,5,0,0,1.0
tut_top5_train_0000667,train,5,3,3,1.0
tut_top5_train_0000668,train,5,1,1,1.0
tut_top5_train_0000669,train,5,4,4,1.0
tut_top5_train_0000670,train,5,4,4,1.0
tut_top5_train_0000671,train,5,2,2,1.0
tut_top5_train_0000672,train,5,0,0,1.0
tut_top5_train_0000673,train,5,2,2,1.0
tut_top5_train_0000674,train,5,4,4,1.0
tut_top5_train_0000675,train,5,1,1,1.0
tut_top5_train_0000676,train,5,2,2,1.0
tut_top5_train_0000677,train,5,4,4,1.0
tut_top5_train_0000678,train,5,4,4,1.0
tut_top5_train_0000679,train,5,1,1,1.0
tut_top5_train_0000680,train,5,0,0,1.0
tut_top5_train_0000681,train,5,2,2,1.0
tut_top5_train_0000682,train,5,0,0,1.0
tut_top5_train_0000683,train,5,4,4,1.0
tut_top5_train_0000684,train,5,4,4,1.0
tut_top5_train_0000685,train,5,2,2,1.0
tut_top5_train_0000686,train,5,2,2,1.0
tut_top5_train_0000687,train,5,4,4,1.0
tut_top5_train_0000688,train,5,4,4,1.0
tut_top5_train_0000689,train,5,0,0,1.0
tut_top5_train_0000690,train,5,4,4,1.0
tut_top5_train_0000691,train,5,2,2,1.0
tut_top5_train_0000692,train,5,4,4,1.0
tut_top5_train_0000693,train,5,1,1,1.0
tut_top5_train_0000694,train,5,0,0,1.0
tut_top5_train_0000695,train,5,0,0,1.0
tut_top5_train_0000696,train,5,4,4,1.0
tut_top5_train_0000697,train,5,4,4,1.0
tut_top5_train_0000698,train,5,1,1,1.0
tut_top5_train_0000699,train,5,0,0,1.0
tut_top5_train_0000700,train,5,0,0,1.0
tut_top5_train_0000701,train,5,0,0,1.0
tut_top5_train_0000702,train,5,2,2,1.0
tut_top5_train_0000703,train,5,1,1,1.0
tut_top5_train_0000704,train,5,4,4,1.0
tut_top5_train_0000705,train,5,1,1,1.0
tut_top5_train_0000706,train,5,0,0,1.0
tut_top5_train_0000707,train,5,2,2,1.0
tut_top5_train_0000708,train,5,1,1,1.0
tut_top5_train_0000709,train,5,1,1,1.0
tut_top5_train_0000710,train,5,0,0,1.0
tut_top5_train_0000711,train,5,0,0,1.0
tut_top5_train_0000712,train,5,3,3,1.0
tut_top5_train_0000713,train,5,2,2,1.0
tut_top5_train_0000714,train,5,4,4,1.0
tut_top5_train_0000715,train,5,4,4,1.0
tut_top5_train_0000716,train,5,3,3,1.0
tut_top5_train_0000717,train,5,0,0,1.0
tut_top5_train_0000718,train,5,0,0,1.0
tut_top5_train_0000719,train,5,2,2,1.0
tut_top5_train_0000720,train,5,3,3,1.0
tut_top5_train_0000721,train,5,3,3,1.0
tut_top5_train_0000722,train,5,0,0,1.0
tut_top5_train_0000723,train,5,0,0,1.0
tut_top5_train_0000724,train,5,4,4,1.0
tut_top5_train_0000725,train,5,4,4,1.0
tut_top5_train_0000726,train,5,0,0,1.0
tut_top5_train_0000727,train,5,0,0,1.0
tut_top5_train_0000728,train,5,4,4,1.0
tut_top5_train_0000729,train,5,0,0,1.0
tut_top5_train_0000730,train,5,3,3,1.0
tut_top5_train_0000731,train,5,4,4,1.0
tut_top5_train_0000732,train,5,4,4,1.0
tut_top5_train_0000733,train,5,4,4,1.0
tut_top5_train_0000734,train,5,4,4,1.0
tut_top5_train_0000735,train,5,0,0,1.0
tut_top5_train_0000736,train,5,4,4,1.0
tut_top5_train_0000737,train,5,0,0,1.0
tut_top5_train_0000738,train,5,0,0,1.0
tut_top5_train_0000739,train,5,3,3,1.0
tut_top5_train_0000740,train,5,0,0,1.0
tut_top5_train_0000741,train,5,0,0,1.0
tut_top5_train_0000742,train,5,4,4,1.0
tut_top5_train_0000743,train,5,3,3,1.0
tut_top5_train_0000744,train,5,4,4,1.0
tut_top5_train_0000745,train,5,4,4,1.0
tut_top5_train_0000746,train,5,0,0,1.0
tut_top5_train_0000747,train,5,1,1,1.0
tut_top5_train_0000748,train,5,4,4,1.0
tut_top5_train_0000749,train,5,0,0,1.0
tut_top5_train_0000750,train,5,4,4,1.0
tut_top5_train_0000751,train,5,1,1,1.0
tut_top5_train_0000752,train,5,4,4,1.0
tut_top5_train_0000753,train,5,4,4,1.0
tut_top5_train_0000754,train,5,0,0,1.0
tut_top5_train_0000755,train,5,1,1,1.0
tut_top5_train_0000756,train,5,3,3,1.0
tut_top5_train_0000757,train,5,0,0,1.0
tut_top5_train_0000758,train,5,4,4,1.0
tut_top5_train_0000759,train,5,1,1,1.0
tut_top5_train_0000760,train,5,4,4,1.0
tut_top5_train_0000761,train,5,2,2,1.0
tut_top5_train_0000762,train,5,3,3,1.0
tut_top5_train_0000763,train,5,4,4,1.0
tut_top5_train_0000764,train,5,0,0,1.0
tut_top5_train_0000765,train,5,3,3,1.0
tut_top5_train_0000766,train,5,4,4,1.0
tut_top5_train_0000767,train,5,4,4,1.0
tut_top5_train_0000768,train,5,3,3,1.0
tut_top5_train_0000769,train,5,4,4,1.0
tut_top5_train_0000770,train,5,3,3,1.0
tut_top5_train_0000771,train,5,0,0,1.0
tut_top5_train_0000772,train,5,3,3,1.0
tut_top5_train_0000773,train,5,4,4,1.0
tut_top5_train_0000774,train,5,1,1,1.0
tut_top5_train_0000775,train,5,2,2,1.0
tut_top5_train_0000776,train,5,3,3,1.0
tut_top5_train_0000777,train,5,0,0,1.0
tut_top5_train_0000778,train,5,4,4,1.0
tut_top5_train_0000779,train,5,1,1,1.0
tut_top5_train_0000780,train,5,0,0,1.0
tut_top5_train_0000781,train,5,4,4,1.0
tut_top5_train_0000782,train,5,0,0,1.0
tut_top5_train_0000783,train,5,4,4,1.0
tut_top5_train_0000784,train,5,1,1,1.0
tut_top5_train_0000785,train,5,0,0,1.0
tut_top5_train_0000786,train,5,2,2,1.0
tut_top5_train_0000787,train,5,3,3,1.0
tut_top5_train_0000788,train,5,4,4,1.0
tut_top5_train_0000789,train,5,4,4,1.0
tut_top5_train_0000790,train,5,0,0,1.0
tut_top5_train_0000791,train,5,2,2,1.0
tut_top5_train_0000792,train,5,0,0,1.0
tut_top5_train_0000793,train,5,1,1,1.0
tut_top5_train_0000794,train,5,0,0,1.0
tut_top5_train_0000795,train,5,0,0,1.0
tut_top5_train_0000796,train,5,3,3,1.0
tut_top5_train_0000797,train,5,3,3,1.0
tut_top5_train_0000798,train,5,0,0,1.0
tut_top5_train_0000799,train,5,4,4,1.0
tut_top5_train_0000800,train,5,0,0,1.0
tut_top5_train_0000801,train,5,1,1,1.0
tut_top5_train_0000802,train,5,0,0,1.0
tut_top5_train_0000803,train,5,1,1,1.0
tut_top5_train_0000804,train,5,0,0,1.0
tut_top5_train_0000805,train,5,2,2,1.0
tut_top5_train_0000806,train,5,4,4,1.0
tut_top5_train_0000807,train,5,4,4,1.0
tut_top5_train_0000808,train,5,0,0,1.0
tut_top5_train_0000809,train,5,1,1,1.0
tut_top5_train_0000810,train,5,2,2,1.0
tut_top5_train_0000811,train,5,2,2,1.0
tut_top5_train_0000812,train,5,0,0,1.0
tut_top5_train_0000813,train,5,0,0,1.0
tut_top5_train_0000814,train,5,2,2,1.0
tut_top5_train_0000815,train,5,1,1,1.0
tut_top5_train_0000816,train,5,4,4,1.0
tut_top5_train_0000817,train,5,2,2,1.0
tut_top5_train_0000818,train,5,2,2,1.0
tut_top5_train_0000819,train,5,0,0,1.0
tut_top5_train_0000820,train,5,2,2,1.0
tut_top5_train_0000821,train,5,4,4,1.0
tut_top5_train_0000822,train,5,0,0,1.0
tut_top5_train_0000823,train,5,3,3,1.0
tut_top5_train_0000824,train,5,0,0,1.0
tut_top5_train_0000825,train,5,3,3,1.0
tut_top5_train_0000826,train,5,2,2,1.0
tut_top5_train_0000827,train,5,4,4,1.0
tut_top5_train_0000828,train,5,0,0,1.0
tut_top5_train_0000829,train,5,0,0,1.0
tut_top5_train_0000830,train,5,0,0,1.0
tut_top5_train_0000831,train,5,2,2,1.0
tut_top5_train_0000832,train,5,0,0,1.0
tut_top5_train_0000833,train,5,0,0,1.0
tut_top5_train_0000834,train,5,4,4,1.0
tut_top5_train_0000835,train,5,2,2,1.0
tut_top5_train_0000836,train,5,2,2,1.0
tut_top5_train_0000837,train,5,1,1,1.0
tut_top5_train_0000838,train,5,3,3,1.0
tut_top5_train_0000839,train,5,0,0,1.0
tut_top5_train_0000840,train,5,2,2,1.0
tut_top5_train_0000841,train,5,2,2,1.0
tut_top5_train_0000842,train,5,3,3,1.0
tut_top5_train_0000843,train,5,0,0,1.0
tut_top5_train_0000844,train,5,1,1,1.0
tut_top5_train_0000845,train,5,4,4,1.0
tut_top5_train_0000846,train,5,3,3,1.0
tut_top5_train_0000847,train,5,1,1,1.0
tut_top5_train_0000848,train,5,2,2,1.0
tut_top5_train_0000849,train,5,0,0,1.0
tut_top5_train_0000850,train,5,4,4,1.0
tut_top5_train_0000851,train,5,0,0,1.0
tut_top5_train_0000852,train,5,2,2,1.0
tut_top5_train_0000853,train,5,0,0,1.0
tut_top5_train_0000854,train,5,0,0,1.0
tut_top5_train_0000855,train,5,4,4,1.0
tut_top5_train_0000856,train,5,1,1,1.0
tut_top5_train_0000857,train,5,3,3,1.0
tut_top5_train_0000858,train,5,3,3,1.0
tut_top5_train_0000859,train,5,2,2,1.0
tut_top5_train_0000860,train,5,2,2,1.0
tut_top5_train_0000861,train,5,3,3,1.0
tut_top5_train_0000862,train,5,3,3,1.0
tut_top5_train_0000863,train,5,0,0,1.0
tut_top5_train_0000864,train,5,3,3,1.0
tut_top5_train_0000865,train,5,0,0,1.0
tut_top5_train_0000866,train,5,4,4,1.0
tut_top5_train_0000867,train,5,0,0,1.0
tut_top5_train_0000868,train,5,4,4,1.0
tut_top5_train_0000869,train,5,1,1,1.0
tut_top5_train_0000870,train,5,4,4,1.0
tut_top5_train_0000871,train,5,0,0,1.0
tut_top5_train_0000872,train,5,0,0,1.0
tut_top5_train_0000873,train,5,1,1,1.0
tut_top5_train_0000874,train,5,0,0,1.0
tut_top5_train_0000875,train,5,2,2,1.0
tut_top5_train_0000876,train,5,3,3,1.0
tut_top5_train_0000877,train,5,1,1,1.0
tut_top5_train_0000878,train,5,0,0,1.0
tut_top5_train_0000879,train,5,0,0,1.0
tut_top5_train_0000880,train,5,4,4,1.0
tut_top5_train_0000881,train,5,0,0,1.0
tut_top5_train_0000882,train,5,3,3,1.0
tut_top5_train_0000883,train,5,4,4,1.0
tut_top5_train_0000884,train,5,1,1,1.0
tut_top5_train_0000885,train,5,3,3,1.0
tut_top5_train_0000886,train,5,4,4,1.0
tut_top5_train_0000887,train,5,1,1,1.0
tut_top5_train_0000888,train,5,4,4,1.0
tut_top5_train_0000889,train,5,0,0,1.0
tut_top5_train_0000890,train,5,1,1,1.0
tut_top5_train_0000891,train,5,0,0,1.0
tut_top5_train_0000892,train,5,3,3,1.0
tut_top5_train_0000893,train,5,0,0,1.0
tut_top5_train_0000894,train,5,3,3,1.0
tut_top5_train_0000895,train,5,0,0,1.0
tut_top5_train_0000896,train,5,4,4,1.0
tut_top5_train_0000897,train,5,1,1,1.0
tut_top5_train_0000898,train,5,4,4,1.0
tut_top5_train_0000899,train,5,0,0,1.0
tut_top5_train_0000900,train,5,4,4,1.0
tut_top5_train_0000901,train,5,2,2,1.0
tut_top5_train_0000902,train,5,4,4,1.0
tut_top5_train_0000903,train,5,2,2,1.0
tut_top5_train_0000904,train,5,2,2,1.0
tut_top5_train_0000905,train,5,4,4,1.0
tut_top5_train_0000906,train,5,3,3,1.0
tut_top5_train_0000907,train,5,0,0,1.0
tut_top5_train_0000908,train,5,4,4,1.0
tut_top5_train_0000909,train,5,1,1,1.0
tut_top5_train_0000910,train,5,0,0,1.0
tut_top5_train_0000911,train,5,0,0,1.0
tut_top5_train_0000912,train,5,3,3,1.0
tut_top5_train_0000913,train,5,3,3,1.0
tut_top5_train_0000914,train,5,2,2,1.0
tut_top5_train_0000915,train,5,2,2,1.0
tut_top5_train_0000916,train,5,0,0,1.0
tut_top5_train_0000917,train,5,3,3,1.0
tut_top5_train_0000918,train,5,0,0,1.0
tut_top5_train_0000919,train,5,2,2,1.0
tut_top5_train_0000920,train,5,4,4,1.0
tut_top5_train_0000921,train,5,0,0,1.0
tut_top5_train_0000922,train,5,1,1,1.0
tut_top5_train_0000923,train,5,2,2,1.0
tut_top5_train_0000924,train,5,0,0,1.0
tut_top5_train_0000925,train,5,4,4,1.0
tut_top5_train_0000926,train,5,0,0,1.0
tut_top5_train_0000927,train,5,2,2,1.0
tut_top5_train_0000928,train,5,2,2,1.0
tut_top5_train_0000929,train,5,1,1,1.0
tut_top5_train_0000930,train,5,0,0,1.0
tut_top5_train_0000931,train,5,4,4,1.0
tut_top5_train_0000932,train,5,3,3,1.0
tut_top5_train_0000933,train,5,4,4,1.0
tut_top5_train_0000934,train,5,2,2,1.0
tut_top5_train_0000935,train,5,0,0,1.0
tut_top5_train_0000936,train,5,3,3,1.0
tut_top5_train_0000937,train,5,0,0,1.0
tut_top5_train_0000938,train,5,4,4,1.0
tut_top5_train_0000939,train,5,0,0,1.0
tut_top5_train_0000940,train,5,0,0,1.0
tut_top5_train_0000941,train,5,0,0,1.0
tut_top5_train_0000942,train,5,4,4,1.0
tut_top5_train_0000943,train,5,3,3,1.0
tut_top5_train_0000944,train,5,1,1,1.0
tut_top5_train_0000945,train,5,4,4,1.0
tut_top5_train_0000946,train,5,0,0,1.0
tut_top5_train_0000947,train,5,4,4,1.0
tut_top5_train_0000948,train,5,3,3,1.0
tut_top5_train_0000949,train,5,1,1,1.0
tut_top5_train_0000950,train,5,1,1,1.0
tut_top5_train_0000951,train,5,2,2,1.0
tut_top5_train_0000952,train,5,1,1,1.0
tut_top5_train_0000953,train,5,0,0,1.0
tut_top5_train_0000954,train,5,0,0,1.0
tut_top5_train_0000955,train,5,1,1,1.0
tut_top5_train_0000956,train,5,0,0,1.0
tut_top5_train_0000957,train,5,4,4,1.0
tut_top5_train_0000958,train,5,4,4,1.0
tut_top5_train_0000959,train,5,3,3,1.0
tut_top5_train_0000960,train,5,4,4,1.0
tut_top5_train_0000961,train,5,0,0,1.0
tut_top5_train_0000962,train,5,2,2,1.0
tut_top5_train_0000963,train,5,0,0,1.0
tut_top5_train_0000964,train,5,4,4,1.0
tut_top5_train_0000965,train,5,3,3,1.0
tut_top5_train_0000966,train,5,1,1,1.0
tut_top5_train_0000967,train,5,1,1,1.0
tut_top5_train_0000968,train,5,1,1,1.0
tut_top5_train_0000969,train,5,0,0,1.0
tut_top5_train_0000970,train,5,1,1,1.0
tut_top5_train_0000971,train,5,4,4,1.0
tut_top5_train_0000972,train,5,1,1,1.0
tut_top5_train_0000973,train,5,3,3,1.0
tut_top5_train_0000974,train,5,4,4,1.0
tut_top5_train_0000975,train,5,4,4,1.0
tut_top5_train_0000976,train,5,0,0,1.0
tut_top5_train_0000977,train,5,4,4,1.0
tut_top5_train_0000978,train,5,0,0,1.0
tut_top5_train_0000979,train,5,4,4,1.0
tut_top5_train_0000980,train,5,4,4,1.0
tut_top5_train_0000981,train,5,4,4,1.0
tut_top5_train_0000982,train,5,4,4,1.0
tut_top5_train_0000983,train,5,2,2,1.0
tut_top5_train_0000984,train,5,0,0,1.0
tut_top5_train_0000985,train,5,0,0,1.0
tut_top5_train_0000986,train,5,0,0,1.0
tut_top5_train_0000987,train,5,2,2,1.0
tut_top5_train_0000988,train,5,0,0,1.0
tut_top5_train_0000989,train,5,0,0,1.0
tut_top5_train_0000990,train,5,2,2,1.0
tut_top5_train_0000991,train,5,3,3,1.0
tut_top5_train_0000992,train,5,4,4,1.0
tut_top5_train_0000993,train,5,4,4,1.0
tut_top5_train_0000994,train,5,1,1,1.0
tut_top5_train_0000995,train,5,1,1,1.0
tut_top5_train_0000996,train,5,2,2,1.0
tut_top5_train_0000997,train,5,4,4,1.0
tut_top5_train_0000998,train,5,0,0,1.0
tut_top5_train_0000999,train,5,0,0,1.0
tut_top5_train_0001000,train,5,0,0,1.0
tut_top5_train_0001001,train,5,1,1,1.0
tut_top5_train_0001002,train,5,1,1,1.0
tut_top5_train_0001003,train,5,0,0,1.0
tut_top5_train_0001004,train,5,3,3,1.0
tut_top5_train_0001005,train,5,0,0,1.0
tut_top5_train_0001006,train,5,2,2,1.0
tut_top5_train_0001007,train,5,2,2,1.0
tut_top5_train_0001008,train,5,2,2,1.0
tut_top5_train_0001009,train,5,2,2,1.0
tut_top5_train_0001010,train,5,1,1,1.0
tut_top5_train_0001011,train,5,0,0,1.0
tut_top5_train_0001012,train,5,0,0,1.0
tut_top5_train_0001013,train,5,1,1,1.0
tut_top5_train_0001014,train,5,4,4,1.0
tut_top5_train_0001015,train,5,2,2,1.0
tut_top5_train_0001016,train,5,0,0,1.0
tut_top5_train_0001017,train,5,1,1,1.0
tut_top5_train_0001018,train,5,3,3,1.0
tut_top5_train_0001019,train,5,1,1,1.0
tut_top5_train_0001020,train,5,0,0,1.0
tut_top5_train_0001021,train,5,2,2,1.0
tut_top5_train_0001022,train,5,3,3,1.0
tut_top5_train_0001023,train,5,0,0,1.0
tut_top5_train_0001024,train,5,4,4,1.0
tut_top5_train_0001025,train,5,4,4,1.0
tut_top5_train_0001026,train,5,0,0,1.0
tut_top5_train_0001027,train,5,3,3,1.0
tut_top5_train_0001028,train,5,0,0,1.0
tut_top5_train_0001029,train,5,3,3,1.0
tut_top5_train_0001030,train,5,0,0,1.0
tut_top5_train_0001031,train,5,0,0,1.0
tut_top5_train_0001032,train,5,0,0,1.0
tut_top5_train_0001033,train,5,2,2,1.0
tut_top5_train_0001034,train,5,4,4,1.0
tut_top5_train_0001035,train,5,4,4,1.0
tut_top5_train_0001036,train,5,1,1,1.0
tut_top5_train_0001037,train,5,0,0,1.0
tut_top5_train_0001038,train,5,2,2,1.0
tut_top5_train_0001039,train,5,2,2,1.0
tut_top5_train_0001040,train,5,4,4,1.0
tut_top5_train_0001041,train,5,4,4,1.0
tut_top5_train_0001042,train,5,1,1,1.0
tut_top5_train_0001043,train,5,0,0,1.0
tut_top5_train_0001044,train,5,1,1,1.0
tut_top5_train_0001045,train,5,0,0,1.0
tut_top5_train_0001046,train,5,4,4,1.0
tut_top5_train_0001047,train,5,0,0,1.0
tut_top5_train_0001048,train,5,0,0,1.0
tut_top5_train_0001049,train,5,0,0,1.0
tut_top5_train_0001050,train,5,0,0,1.0
tut_top5_train_0001051,train,5,1,1,1.0
tut_top5_train_0001052,train,5,4,4,1.0
tut_top5_train_0001053,train,5,2,2,1.0
tut_top5_train_0001054,train,5,0,0,1.0
tut_top5_train_0001055,train,5,1,1,1.0
tut_top5_train_0001056,train,5,4,4,1.0
tut_top5_train_0001057,train,5,0,0,1.0
tut_top5_train_0001058,train,5,4,4,1.0
tut_top5_train_0001059,train,5,0,0,1.0
tut_top5_train_0001060,train,5,4,4,1.0
tut_top5_train_0001061,train,5,2,2,1.0
tut_top5_train_0001062,train,5,0,0,1.0
tut_top5_train_0001063,train,5,0,0,1.0
tut_top5_train_0001064,train,5,1,1,1.0
tut_top5_train_0001065,train,5,3,3,1.0
tut_top5_train_0001066,train,5,0,0,1.0
tut_top5_train_0001067,train,5,3,3,1.0
tut_top5_train_0001068,train,5,0,0,1.0
tut_top5_train_0001069,train,5,1,1,1.0
tut_top5_train_0001070,train,5,0,0,1.0
tut_top5_train_0001071,train,5,2,2,1.0
tut_top5_train_0001072,train,5,0,0,1.0
tut_top5_train_0001073,train,5,1,1,1.0
tut_top5_train_0001074,train,5,4,4,1.0
tut_top5_train_0001075,train,5,1,1,1.0
tut_top5_train_0001076,train,5,4,4,1.0
tut_top5_train_0001077,train,5,4,4,1.0
tut_top5_train_0001078,train,5,2,2,1.0
tut_top5_train_0001079,train,5,2,2,1.0
tut_top5_train_0001080,train,5,1,1,1.0
tut_top5_train_0001081,train,5,2,2,1.0
tut_top5_train_0001082,train,5,0,0,1.0
tut_top5_train_0001083,train,5,4,4,1.0
tut_top5_train_0001084,train,5,3,3,1.0
tut_top5_train_0001085,train,5,1,1,1.0
tut_top5_train_0001086,train,5,4,4,1.0
tut_top5_train_0001087,train,5,3,3,1.0
tut_top5_train_0001088,train,5,0,0,1.0
tut_top5_train_0001089,train,5,1,1,1.0
tut_top5_train_0001090,train,5,2,2,1.0
tut_top5_train_0001091,train,5,2,2,1.0
tut_top5_train_0001092,train,5,1,1,1.0
tut_top5_train_0001093,train,5,0,0,1.0
tut_top5_train_0001094,train,5,4,4,1.0
tut_top5_train_0001095,train,5,4,4,1.0
tut_top5_train_0001096,train,5,2,2,1.0
tut_top5_train_0001097,train,5,3,3,1.0
tut_top5_train_0001098,train,5,2,2,1.0
tut_top5_train_0001099,train,5,1,1,1.0
tut_top5_train_0001100,train,5,4,4,1.0
tut_top5_train_0001101,train,5,2,2,1.0
tut_top5_train_0001102,train,5,0,0,1.0
tut_top5_train_0001103,train,5,4,4,1.0
tut_top5_train_0001104,train,5,4,4,1.0
tut_top5_train_0001105,train,5,1,1,1.0
tut_top5_train_0001106,train,5,3,3,1.0
tut_top5_train_0001107,train,5,3,3,1.0
tut_top5_train_0001108,train,5,1,1,1.0
tut_top5_train_0001109,train,5,4,4,1.0
tut_top5_train_0001110,train,5,4,4,1.0
tut_top5_train_0001111,train,5,4,4,1.0
tut_top5_train_0001112,train,5,1,1,1.0
tut_top5_train_0001113,train,5,4,4,1.0
tut_top5_train_0001114,train,5,4,4,1.0
tut_top5_train_0001115,train,5,0,0,1.0
tut_top5_train_0001116,train,5,4,4,1.0
tut_top5_train_0001117,train,5,4,4,1.0
tut_top5_train_0001118,train,5,2,2,1.0
tut_top5_train_0001119,train,5,2,2,1.0
tut_top5_train_0001120,train,5,4,4,1.0
tut_top5_train_0001121,train,5,0,0,1.0
tut_top5_train_0001122,train,5,0,0,1.0
tut_top5_train_0001123,train,5,0,0,1.0
tut_top5_train_0001124,train,5,0,0,1.0
tut_top5_train_0001125,train,5,2,2,1.0
tut_top5_train_0001126,train,5,2,2,1.0
tut_top5_train_0001127,train,5,0,0,1.0
tut_top5_train_0001128,train,5,1,1,1.0
tut_top5_train_0001129,train,5,2,2,1.0
tut_top5_train_0001130,train,5,1,1,1.0
tut_top5_train_0001131,train,5,1,1,1.0
tut_top5_train_0001132,train,5,2,2,1.0
tut_top5_train_0001133,train,5,3,3,1.0
tut_top5_train_0001134,train,5,3,3,1.0
tut_top5_train_0001135,train,5,3,3,1.0
tut_top5_train_0001136,train,5,4,4,1.0
tut_top5_train_0001137,train,5,0,0,1.0
tut_top5_train_0001138,train,5,3,3,1.0
tut_top5_train_0001139,train,5,2,2,1.0
tut_top5_train_0001140,train,5,0,0,1.0
tut_top5_train_0001141,train,5,3,3,1.0
tut_top5_train_0001142,train,5,4,4,1.0
tut_top5_train_0001143,train,5,2,2,1.0
tut_top5_train_0001144,train,5,4,4,1.0
tut_top5_train_0001145,train,5,3,3,1.0
tut_top5_train_0001146,train,5,3,3,1.0
tut_top5_train_0001147,train,5,0,0,1.0
tut_top5_train_0001148,train,5,3,3,1.0
tut_top5_train_0001149,train,5,1,1,1.0
tut_top5_train_0001150,train,5,0,0,1.0
tut_top5_train_0001151,train,5,0,0,1.0
tut_top5_train_0001152,train,5,0,0,1.0
tut_top5_train_0001153,train,5,3,3,1.0
tut_top5_train_0001154,train,5,4,4,1.0
tut_top5_train_0001155,train,5,4,4,1.0
tut_top5_train_0001156,train,5,2,2,1.0
tut_top5_train_0001157,train,5,4,4,1.0
tut_top5_train_0001158,train,5,0,0,1.0
tut_top5_train_0001159,train,5,1,1,1.0
tut_top5_train_0001160,train,5,1,1,1.0
tut_top5_train_0001161,train,5,1,1,1.0
tut_top5_train_0001162,train,5,3,3,1.0
tut_top5_train_0001163,train,5,4,4,1.0
tut_top5_train_0001164,train,5,3,3,1.0
tut_top5_train_0001165,train,5,4,4,1.0
tut_top5_train_0001166,train,5,1,1,1.0
tut_top5_train_0001167,train,5,2,2,1.0
tut_top5_train_0001168,train,5,4,4,1.0
tut_top5_train_0001169,train,5,2,2,1.0
tut_top5_train_0001170,train,5,1,1,1.0
tut_top5_train_0001171,train,5,1,1,1.0
tut_top5_train_0001172,train,5,4,4,1.0
tut_top5_train_0001173,train,5,0,0,1.0
tut_top5_train_0001174,train,5,0,0,1.0
tut_top5_train_0001175,train,5,0,0,1.0
tut_top5_train_0001176,train,5,2,2,1.0
tut_top5_train_0001177,train,5,4,4,1.0
tut_top5_train_0001178,train,5,4,4,1.0
tut_top5_train_0001179,train,5,4,4,1.0
tut_top5_train_0001180,train,5,4,4,1.0
tut_top5_train_0001181,train,5,4,4,1.0
tut_top5_train_0001182,train,5,4,4,1.0
tut_top5_train_0001183,train,5,4,4,1.0
tut_top5_train_0001184,train,5,4,4,1.0
tut_top5_train_0001185,train,5,0,0,1.0
tut_top5_train_0001186,train,5,3,3,1.0
tut_top5_train_0001187,train,5,2,2,1.0
tut_top5_train_0001188,train,5,4,4,1.0
tut_top5_train_0001189,train,5,0,0,1.0
tut_top5_train_0001190,train,5,4,4,1.0
tut_top5_train_0001191,train,5,4,4,1.0
tut_top5_train_0001192,train,5,4,4,1.0
tut_top5_train_0001193,train,5,4,4,1.0
tut_top5_train_0001194,train,5,0,0,1.0
tut_top5_train_0001195,train,5,1,1,1.0
tut_top5_train_0001196,train,5,4,4,1.0
tut_top5_train_0001197,train,5,3,3,1.0
tut_top5_train_0001198,train,5,4,4,1.0
tut_top5_train_0001199,train,5,3,3,1.0
tut_top5_train_0001200,train,5,1,1,1.0
tut_top5_train_0001201,train,5,4,4,1.0
tut_top5_train_0001202,train,5,0,0,1.0
tut_top5_train_0001203,train,5,3,3,1.0
tut_top5_train_0001204,train,5,2,2,1.0
tut_top5_train_0001205,train,5,1,1,1.0
tut_top5_train_0001206,train,5,1,1,1.0
tut_top5_train_0001207,train,5,1,1,1.0
tut_top5_train_0001208,train,5,4,4,1.0
tut_top5_train_0001209,train,5,4,4,1.0
tut_top5_train_0001210,train,5,2,2,1.0
tut_top5_train_0001211,train,5,0,0,1.0
tut_top5_train_0001212,train,5,1,1,1.0
tut_top5_train_0001213,train,5,1,1,1.0
tut_top5_train_0001214,train,5,4,4,1.0
tut_top5_train_0001215,train,5,0,0,1.0
tut_top5_train_0001216,train,5,2,2,1.0
tut_top5_train_0001217,train,5,2,2,1.0
tut_top5_train_0001218,train,5,4,4,1.0
tut_top5_train_0001219,train,5,1,1,1.0
tut_top5_train_0001220,train,5,0,0,1.0
tut_top5_train_0001221,train,5,4,4,1.0
tut_top5_train_0001222,train,5,0,0,1.0
tut_top5_train_0001223,train,5,1,1,1.0
tut_top5_train_0001224,train,5,0,0,1.0
tut_top5_train_0001225,train,5,0,0,1.0
tut_top5_train_0001226,train,5,3,3,1.0
tut_top5_train_0001227,train,5,4,4,1.0
tut_top5_train_0001228,train,5,0,0,1.0
tut_top5_train_0001229,train,5,2,2,1.0
tut_top5_train_0001230,train,5,0,0,1.0
tut_top5_train_0001231,train,5,4,4,1.0
tut_top5_train_0001232,train,5,3,3,1.0
tut_top5_train_0001233,train,5,4,4,1.0
tut_top5_train_0001234,train,5,2,2,1.0
tut_top5_train_0001235,train,5,1,1,1.0
tut_top5_train_0001236,train,5,4,4,1.0
tut_top5_train_0001237,train,5,3,3,1.0
tut_top5_train_0001238,train,5,0,0,1.0
tut_top5_train_0001239,train,5,4,4,1.0
tut_top5_train_0001240,train,5,1,1,1.0
tut_top5_train_0001241,train,5,0,0,1.0
tut_top5_train_0001242,train,5,0,0,1.0
tut_top5_train_0001243,train,5,1,1,1.0
tut_top5_train_0001244,train,5,1,1,1.0
tut_top5_train_0001245,train,5,4,4,1.0
tut_top5_train_0001246,train,5,0,0,1.0
tut_top5_train_0001247,train,5,0,0,1.0
tut_top5_train_0001248,train,5,4,4,1.0
tut_top5_train_0001249,train,5,3,3,1.0
tut_top5_train_0001250,train,5,0,0,1.0
tut_top5_train_0001251,train,5,0,0,1.0
tut_top5_train_0001252,train,5,2,2,1.0
tut_top5_train_0001253,train,5,2,2,1.0
tut_top5_train_0001254,train,5,4,4,1.0
tut_top5_train_0001255,train,5,1,1,1.0
tut_top5_train_0001256,train,5,2,2,1.0
tut_top5_train_0001257,train,5,0,0,1.0
tut_top5_train_0001258,train,5,1,1,1.0
tut_top5_train_0001259,train,5,4,4,1.0
tut_top5_train_0001260,train,5,2,2,1.0
tut_top5_train_0001261,train,5,1,1,1.0
tut_top5_train_0001262,train,5,4,4,1.0
tut_top5_train_0001263,train,5,0,0,1.0
tut_top5_train_0001264,train,5,3,3,1.0
tut_top5_train_0001265,train,5,3,3,1.0
tut_top5_train_0001266,train,5,0,0,1.0
tut_top5_train_0001267,train,5,3,3,1.0
tut_top5_train_0001268,train,5,4,4,1.0
tut_top5_train_0001269,train,5,4,4,1.0
tut_top5_train_0001270,train,5,4,4,1.0
tut_top5_train_0001271,train,5,1,1,1.0
tut_top5_train_0001272,train,5,4,4,1.0
tut_top5_train_0001273,train,5,0,0,1.0
tut_top5_train_0001274,train,5,4,4,1.0
tut_top5_train_0001275,train,5,0,0,1.0
tut_top5_train_0001276,train,5,0,0,1.0
tut_top5_train_0001277,train,5,4,4,1.0
tut_top5_train_0001278,train,5,1,1,1.0
tut_top5_train_0001279,train,5,3,3,1.0
tut_top5_train_0001280,train,5,0,0,1.0
tut_top5_train_0001281,train,5,0,0,1.0
tut_top5_train_0001282,train,5,2,2,1.0
tut_top5_train_0001283,train,5,2,2,1.0
tut_top5_train_0001284,train,5,3,3,1.0
tut_top5_train_0001285,train,5,0,0,1.0
tut_top5_train_0001286,train,5,4,4,1.0
tut_top5_train_0001287,train,5,0,0,1.0
tut_top5_train_0001288,train,5,0,0,1.0
tut_top5_train_0001289,train,5,2,2,1.0
tut_top5_train_0001290,train,5,1,1,1.0
tut_top5_train_0001291,train,5,4,4,1.0
tut_top5_train_0001292,train,5,0,0,1.0
tut_top5_train_0001293,train,5,0,0,1.0
tut_top5_train_0001294,train,5,3,3,1.0
tut_top5_train_0001295,train,5,4,4,1.0
tut_top5_train_0001296,train,5,4,4,1.0
tut_top5_train_0001297,train,5,4,4,1.0
tut_top5_train_0001298,train,5,3,3,1.0
tut_top5_train_0001299,train,5,2,2,1.0
tut_top5_train_0001300,train,5,0,0,1.0
tut_top5_train_0001301,train,5,4,4,1.0
tut_top5_train_0001302,train,5,0,0,1.0
tut_top5_train_0001303,train,5,2,2,1.0
tut_top5_train_0001304,train,5,1,1,1.0
tut_top5_train_0001305,train,5,2,2,1.0
tut_top5_train_0001306,train,5,2,2,1.0
tut_top5_train_0001307,train,5,4,4,1.0
tut_top5_train_0001308,train,5,3,3,1.0
tut_top5_train_0001309,train,5,1,1,1.0
tut_top5_train_0001310,train,5,0,0,1.0
tut_top5_train_0001311,train,5,0,0,1.0
tut_top5_train_0001312,train,5,0,0,1.0
tut_top5_train_0001313,train,5,1,1,1.0
tut_top5_train_0001314,train,5,3,3,1.0
tut_top5_train_0001315,train,5,0,0,1.0
tut_top5_train_0001316,train,5,0,0,1.0
tut_top5_train_0001317,train,5,3,3,1.0
tut_top5_train_0001318,train,5,3,3,1.0
tut_top5_train_0001319,train,5,1,1,1.0
tut_top5_train_0001320,train,5,0,0,1.0
tut_top5_train_0001321,train,5,4,4,1.0
tut_top5_train_0001322,train,5,4,4,1.0
tut_top5_train_0001323,train,5,4,4,1.0
tut_top5_train_0001324,train,5,4,4,1.0
tut_top5_train_0001325,train,5,0,0,1.0
tut_top5_train_0001326,train,5,1,1,1.0
tut_top5_train_0001327,train,5,4,4,1.0
tut_top5_train_0001328,train,5,3,3,1.0
tut_top5_train_0001329,train,5,3,3,1.0
tut_top5_train_0001330,train,5,1,1,1.0
tut_top5_train_0001331,train,5,4,4,1.0
tut_top5_train_0001332,train,5,1,1,1.0
tut_top5_train_0001333,train,5,4,4,1.0
tut_top5_train_0001334,train,5,0,0,1.0
tut_top5_train_0001335,train,5,0,0,1.0
tut_top5_train_0001336,train,5,4,4,1.0
tut_top5_train_0001337,train,5,2,2,1.0
tut_top5_train_0001338,train,5,2,2,1.0
tut_top5_train_0001339,train,5,3,3,1.0
tut_top5_train_0001340,train,5,2,2,1.0
tut_top5_train_0001341,train,5,2,2,1.0
tut_top5_train_0001342,train,5,3,3,1.0
tut_top5_train_0001343,train,5,4,4,1.0
tut_top5_train_0001344,train,5,2,2,1.0
tut_top5_train_0001345,train,5,4,4,1.0
tut_top5_train_0001346,train,5,0,0,1.0
tut_top5_train_0001347,train,5,1,1,1.0
tut_top5_train_0001348,train,5,3,3,1.0
tut_top5_train_0001349,train,5,4,4,1.0
tut_top5_train_0001350,train,5,1,1,1.0
tut_top5_train_0001351,train,5,2,2,1.0
tut_top5_train_0001352,train,5,3,3,1.0
tut_top5_train_0001353,train,5,4,4,1.0
tut_top5_train_0001354,train,5,1,1,1.0
tut_top5_train_0001355,train,5,0,0,1.0
tut_top5_train_0001356,train,5,4,4,1.0
tut_top5_train_0001357,train,5,4,4,1.0
tut_top5_train_0001358,train,5,4,4,1.0
tut_top5_train_0001359,train,5,1,1,1.0
tut_top5_train_0001360,train,5,4,4,1.0
tut_top5_train_0001361,train,5,0,0,1.0
tut_top5_train_0001362,train,5,3,3,1.0
tut_top5_train_0001363,train,5,2,2,1.0
tut_top5_train_0001364,train,5,3,3,1.0
tut_top5_train_0001365,train,5,4,4,1.0
tut_top5_train_0001366,train,5,1,1,1.0
tut_top5_train_0001367,train,5,0,0,1.0
tut_top5_train_0001368,train,5,3,3,1.0
tut_top5_train_0001369,train,5,4,4,1.0
tut_top5_train_0001370,train,5,4,4,1.0
tut_top5_train_0001371,train,5,3,3,1.0
tut_top5_train_0001372,train,5,2,2,1.0
tut_top5_train_0001373,train,5,2,2,1.0
tut_top5_train_0001374,train,5,4,4,1.0
tut_top5_train_0001375,train,5,4,4,1.0
tut_top5_train_0001376,train,5,0,0,1.0
tut_top5_train_0001377,train,5,4,4,1.0
tut_top5_train_0001378,train,5,4,4,1.0
tut_top5_train_0001379,train,5,2,2,1.0
tut_top5_train_0001380,train,5,0,0,1.0
tut_top5_train_0001381,train,5,1,1,1.0
tut_top5_train_0001382,train,5,0,0,1.0
tut_top5_train_0001383,train,5,4,4,1.0
tut_top5_train_0001384,train,5,2,2,1.0
tut_top5_train_0001385,train,5,0,0,1.0
tut_top5_train_0001386,train,5,3,3,1.0
tut_top5_train_0001387,train,5,4,4,1.0
tut_top5_train_0001388,train,5,2,2,1.0
tut_top5_train_0001389,train,5,4,4,1.0
tut_top5_train_0001390,train,5,1,1,1.0
tut_top5_train_0001391,train,5,0,0,1.0
tut_top5_train_0001392,train,5,1,1,1.0
tut_top5_train_0001393,train,5,1,1,1.0
tut_top5_train_0001394,train,5,4,4,1.0
tut_top5_train_0001395,train,5,0,0,1.0
tut_top5_train_0001396,train,5,1,1,1.0
tut_top5_train_0001397,train,5,2,2,1.0
tut_top5_train_0001398,train,5,1,1,1.0
tut_top5_train_0001399,train,5,4,4,1.0
tut_top5_train_0001400,train,5,0,0,1.0
tut_top5_train_0001401,train,5,2,2,1.0
tut_top5_train_0001402,train,5,2,2,1.0
tut_top5_train_0001403,train,5,0,0,1.0
tut_top5_train_0001404,train,5,3,3,1.0
tut_top5_train_0001405,train,5,0,0,1.0
tut_top5_train_0001406,train,5,2,2,1.0
tut_top5_train_0001407,train,5,0,0,1.0
tut_top5_train_0001408,train,5,0,0,1.0
tut_top5_train_0001409,train,5,4,4,1.0
tut_top5_train_0001410,train,5,4,4,1.0
tut_top5_train_0001411,train,5,1,1,1.0
tut_top5_train_0001412,train,5,0,0,1.0
tut_top5_train_0001413,train,5,3,3,1.0
tut_top5_train_0001414,train,5,2,2,1.0
tut_top5_train_0001415,train,5,1,1,1.0
tut_top5_train_0001416,train,5,3,3,1.0
tut_top5_train_0001417,train,5,4,4,1.0
tut_top5_train_0001418,train,5,0,0,1.0
tut_top5_train_0001419,train,5,0,0,1.0
tut_top5_train_0001420,train,5,3,3,1.0
tut_top5_train_0001421,train,5,2,2,1.0
tut_top5_train_0001422,train,5,0,0,1.0
tut_top5_train_0001423,train,5,4,4,1.0
tut_top5_train_0001424,train,5,4,4,1.0
tut_top5_train_0001425,train,5,3,3,1.0
tut_top5_train_0001426,train,5,4,4,1.0
tut_top5_train_0001427,train,5,0,0,1.0
tut_top5_train_0001428,train,5,0,0,1.0
tut_top5_train_0001429,train,5,4,4,1.0
tut_top5_train_0001430,train,5,4,4,1.0
tut_top5_train_0001431,train,5,2,2,1.0
tut_top5_train_0001432,train,5,0,0,1.0
tut_top5_train_0001433,train,5,2,2,1.0
tut_top5_train_0001434,train,5,4,4,1.0
tut_top5_train_0001435,train,5,0,0,1.0
tut_top5_train_0001436,train,5,2,2,1.0
tut_top5_train_0001437,train,5,1,1,1.0
tut_top5_train_0001438,train,5,4,4,1.0
tut_top5_train_0001439,train,5,4,4,1.0
tut_top5_train_0001440,train,5,4,4,1.0
tut_top5_train_0001441,train,5,0,0,1.0
tut_top5_train_0001442,train,5,1,1,1.0
tut_top5_train_0001443,train,5,3,3,1.0
tut_top5_train_0001444,train,5,2,2,1.0
tut_top5_train_0001445,train,5,4,4,1.0
tut_top5_train_0001446,train,5,4,4,1.0
tut_top5_train_0001447,train,5,2,2,1.0
tut_top5_train_0001448,train,5,0,0,1.0
tut_top5_train_0001449,train,5,0,0,1.0
tut_top5_train_0001450,train,5,3,3,1.0
tut_top5_train_0001451,train,5,2,2,1.0
tut_top5_train_0001452,train,5,2,2,1.0
tut_top5_train_0001453,train,5,2,2,1.0
tut_top5_train_0001454,train,5,2,2,1.0
tut_top5_train_0001455,train,5,3,3,1.0
tut_top5_train_0001456,train,5,0,0,1.0
tut_top5_train_0001457,train,5,4,4,1.0
tut_top5_train_0001458,train,5,2,2,1.0
tut_top5_train_0001459,train,5,0,0,1.0
tut_top5_train_0001460,train,5,0,0,1.0
tut_top5_train_0001461,train,5,1,1,1.0
tut_top5_train_0001462,train,5,0,0,1.0
tut_top5_train_0001463,train,5,4,4,1.0
tut_top5_train_0001464,train,5,2,2,1.0
tut_top5_train_0001465,train,5,4,4,1.0
tut_top5_train_0001466,train,5,1,1,1.0
tut_top5_train_0001467,train,5,3,3,1.0
tut_top5_train_0001468,train,5,4,4,1.0
tut_top5_train_0001469,train,5,4,4,1.0
tut_top5_train_0001470,train,5,0,0,1.0
tut_top5_train_0001471,train,5,1,1,1.0
tut_top5_train_0001472,train,5,0,0,1.0
tut_top5_train_0001473,train,5,0,0,1.0
tut_top5_train_0001474,train,5,3,3,1.0
tut_top5_train_0001475,train,5,2,2,1.0
tut_top5_train_0001476,train,5,2,2,1.0
tut_top5_train_0001477,train,5,4,4,1.0
tut_top5_train_0001478,train,5,0,0,1.0
tut_top5_train_0001479,train,5,4,4,1.0
tut_top5_train_0001480,train,5,0,0,1.0
tut_top5_train_0001481,train,5,2,2,1.0
tut_top5_train_0001482,train,5,0,0,1.0
tut_top5_train_0001483,train,5,0,0,1.0
tut_top5_train_0001484,train,5,2,2,1.0
tut_top5_train_0001485,train,5,4,4,1.0
tut_top5_train_0001486,train,5,1,1,1.0
tut_top5_train_0001487,train,5,0,0,1.0
tut_top5_train_0001488,train,5,4,4,1.0
tut_top5_train_0001489,train,5,0,0,1.0
tut_top5_train_0001490,train,5,3,3,1.0
tut_top5_train_0001491,train,5,0,0,1.0
tut_top5_train_0001492,train,5,0,0,1.0
tut_top5_train_0001493,train,5,0,0,1.0
tut_top5_train_0001494,train,5,4,4,1.0
tut_top5_train_0001495,train,5,0,0,1.0
tut_top5_train_0001496,train,5,0,0,1.0
tut_top5_train_0001497,train,5,1,1,1.0
tut_top5_train_0001498,train,5,0,0,1.0
tut_top5_train_0001499,train,5,0,0,1.0
tut_top5_train_0001500,train,5,1,1,1.0
tut_top5_train_0001501,train,5,3,3,1.0
tut_top5_train_0001502,train,5,3,3,1.0
tut_top5_train_0001503,train,5,3,3,1.0
tut_top5_train_0001504,train,5,4,4,1.0
tut_top5_train_0001505,train,5,1,1,1.0
tut_top5_train_0001506,train,5,0,0,1.0
tut_top5_train_0001507,train,5,4,4,1.0
tut_top5_train_0001508,train,5,4,4,1.0
tut_top5_train_0001509,train,5,0,0,1.0
tut_top5_train_0001510,train,5,0,0,1.0
tut_top5_train_0001511,train,5,0,0,1.0
tut_top5_train_0001512,train,5,4,4,1.0
tut_top5_train_0001513,train,5,2,2,1.0
tut_top5_train_0001514,train,5,2,2,1.0
tut_top5_train_0001515,train,5,1,1,1.0
tut_top5_train_0001516,train,5,4,4,1.0
tut_top5_train_0001517,train,5,0,0,1.0
tut_top5_train_0001518,train,5,0,0,1.0
tut_top5_train_0001519,train,5,2,2,1.0
tut_top5_train_0001520,train,5,2,2,1.0
tut_top5_train_0001521,train,5,4,4,1.0
tut_top5_train_0001522,train,5,4,4,1.0
tut_top5_train_0001523,train,5,2,2,1.0
tut_top5_train_0001524,train,5,0,0,1.0
tut_top5_train_0001525,train,5,0,0,1.0
tut_top5_train_0001526,train,5,0,0,1.0
tut_top5_train_0001527,train,5,4,4,1.0
tut_top5_train_0001528,train,5,2,2,1.0
tut_top5_train_0001529,train,5,2,2,1.0
tut_top5_train_0001530,train,5,0,0,1.0
tut_top5_train_0001531,train,5,4,4,1.0
tut_top5_train_0001532,train,5,4,4,1.0
tut_top5_train_0001533,train,5,0,0,1.0
tut_top5_train_0001534,train,5,2,2,1.0
tut_top5_train_0001535,train,5,4,4,1.0
tut_top5_train_0001536,train,5,1,1,1.0
tut_top5_train_0001537,train,5,0,0,1.0
tut_top5_train_0001538,train,5,4,4,1.0
tut_top5_train_0001539,train,5,4,4,1.0
tut_top5_train_0001540,train,5,0,0,1.0
tut_top5_train_0001541,train,5,0,0,1.0
tut_top5_train_0001542,train,5,0,0,1.0
tut_top5_train_0001543,train,5,2,2,1.0
tut_top5_train_0001544,train,5,2,2,1.0
tut_top5_train_0001545,train,5,0,0,1.0
tut_top5_train_0001546,train,5,0,0,1.0
tut_top5_train_0001547,train,5,3,3,1.0
tut_top5_train_0001548,train,5,3,3,1.0
tut_top5_train_0001549,train,5,2,2,1.0
tut_top5_train_0001550,train,5,3,3,1.0
tut_top5_train_0001551,train,5,0,0,1.0
tut_top5_train_0001552,train,5,3,3,1.0
tut_top5_train_0001553,train,5,4,4,1.0
tut_top5_train_0001554,train,5,4,4,1.0
tut_top5_train_0001555,train,5,1,1,1.0
tut_top5_train_0001556,train,5,3,3,1.0
tut_top5_train_0001557,train,5,3,3,1.0
tut_top5_train_0001558,train,5,1,1,1.0
tut_top5_train_0001559,train,5,3,3,1.0
tut_top5_train_0001560,train,5,1,1,1.0
tut_top5_train_0001561,train,5,1,1,1.0
tut_top5_train_0001562,train,5,0,0,1.0
tut_top5_train_0001563,train,5,4,4,1.0
tut_top5_train_0001564,train,5,4,4,1.0
tut_top5_train_0001565,train,5,2,2,1.0
tut_top5_train_0001566,train,5,0,0,1.0
tut_top5_train_0001567,train,5,2,2,1.0
tut_top5_train_0001568,train,5,3,3,1.0
tut_top5_train_0001569,train,5,3,3,1.0
tut_top5_train_0001570,train,5,1,1,1.0
tut_top5_train_0001571,train,5,0,0,1.0
tut_top5_train_0001572,train,5,0,0,1.0
tut_top5_train_0001573,train,5,1,1,1.0
tut_top5_train_0001574,train,5,0,0,1.0
tut_top5_train_0001575,train,5,3,3,1.0
tut_top5_train_0001576,train,5,1,1,1.0
tut_top5_train_0001577,train,5,2,2,1.0
tut_top5_train_0001578,train,5,2,2,1.0
tut_top5_train_0001579,train,5,4,4,1.0
tut_top5_train_0001580,train,5,0,0,1.0
tut_top5_train_0001581,train,5,3,3,1.0
tut_top5_train_0001582,train,5,4,4,1.0
tut_top5_train_0001583,train,5,4,4,1.0
tut_top5_train_0001584,train,5,4,4,1.0
tut_top5_train_0001585,train,5,4,4,1.0
tut_top5_train_0001586,train,5,0,0,1.0
tut_top5_train_0001587,train,5,1,1,1.0
tut_top5_train_0001588,train,5,3,3,1.0
tut_top5_train_0001589,train,5,1,1,1.0
tut_top5_train_0001590,train,5,0,0,1.0
tut_top5_train_0001591,train,5,0,0,1.0
tut_top5_train_0001592,train,5,0,0,1.0
tut_top5_train_0001593,train,5,0,0,1.0
tut_top5_train_0001594,train,5,0,0,1.0
tut_top5_train_0001595,train,5,2,2,1.0
tut_top5_train_0001596,train,5,3,3,1.0
tut_top5_train_0001597,train,5,4,4,1.0
tut_top5_train_0001598,train,5,1,1,1.0
tut_top5_train_0001599,train,5,2,2,1.0
tut_top5_train_0001600,train,5,0,0,1.0
tut_top5_train_0001601,train,5,0,0,1.0
tut_top5_train_0001602,train,5,0,0,1.0
tut_top5_train_0001603,train,5,4,4,1.0
tut_top5_train_0001604,train,5,0,0,1.0
tut_top5_train_0001605,train,5,4,4,1.0
tut_top5_train_0001606,train,5,2,2,1.0
tut_top5_train_0001607,train,5,2,2,1.0
tut_top5_train_0001608,train,5,4,4,1.0
tut_top5_train_0001609,train,5,3,3,1.0
tut_top5_train_0001610,train,5,0,0,1.0
tut_top5_train_0001611,train,5,2,2,1.0
tut_top5_train_0001612,train,5,0,0,1.0
tut_top5_train_0001613,train,5,0,0,1.0
tut_top5_train_0001614,train,5,4,4,1.0
tut_top5_train_0001615,train,5,3,3,1.0
tut_top5_train_0001616,train,5,4,4,1.0
tut_top5_train_0001617,train,5,0,0,1.0
tut_top5_train_0001618,train,5,0,0,1.0
tut_top5_train_0001619,train,5,2,2,1.0
tut_top5_train_0001620,train,5,4,4,1.0
tut_top5_train_0001621,train,5,0,0,1.0
tut_top5_train_0001622,train,5,2,2,1.0
tut_top5_train_0001623,train,5,3,3,1.0
tut_top5_train_0001624,train,5,0,0,1.0
tut_top5_train_0001625,train,5,0,0,1.0
tut_top5_train_0001626,train,5,4,4,1.0
tut_top5_train_0001627,train,5,2,2,1.0
tut_top5_train_0001628,train,5,0,0,1.0
tut_top5_train_0001629,train,5,0,0,1.0
tut_top5_train_0001630,train,5,0,0,1.0
tut_top5_train_0001631,train,5,0,0,1.0
tut_top5_train_0001632,train,5,1,1,1.0
tut_top5_train_0001633,train,5,0,0,1.0
tut_top5_train_0001634,train,5,4,4,1.0
tut_top5_train_0001635,train,5,4,4,1.0
tut_top5_train_0001636,train,5,4,4,1.0
tut_top5_train_0001637,train,5,0,0,1.0
tut_top5_train_0001638,train,5,4,4,1.0
tut_top5_train_0001639,train,5,4,4,1.0
tut_top5_train_0001640,train,5,4,4,1.0
tut_top5_train_0001641,train,5,3,3,1.0
tut_top5_train_0001642,train,5,2,2,1.0
tut_top5_train_0001643,train,5,0,0,1.0
tut_top5_train_0001644,train,5,4,4,1.0
tut_top5_train_0001645,train,5,3,3,1.0
tut_top5_train_0001646,train,5,4,4,1.0
tut_top5_train_0001647,train,5,4,4,1.0
tut_top5_train_0001648,train,5,2,2,1.0
tut_top5_train_0001649,train,5,0,0,1.0
tut_top5_train_0001650,train,5,4,4,1.0
tut_top5_train_0001651,train,5,4,4,1.0
tut_top5_train_0001652,train,5,0,0,1.0
tut_top5_train_0001653,train,5,3,3,1.0
tut_top5_train_0001654,train,5,4,4,1.0
tut_top5_train_0001655,train,5,3,3,1.0
tut_top5_train_0001656,train,5,4,4,1.0
tut_top5_train_0001657,train,5,4,4,1.0
tut_top5_train_0001658,train,5,0,0,1.0
tut_top5_train_0001659,train,5,3,3,1.0
tut_top5_train_0001660,train,5,0,0,1.0
tut_top5_train_0001661,train,5,0,0,1.0
tut_top5_train_0001662,train,5,0,0,1.0
tut_top5_train_0001663,train,5,1,1,1.0
tut_top5_train_0001664,train,5,4,4,1.0
tut_top5_train_0001665,train,5,3,3,1.0
tut_top5_train_0001666,train,5,2,2,1.0
tut_top5_train_0001667,train,5,1,1,1.0
tut_top5_train_0001668,train,5,1,1,1.0
tut_top5_train_0001669,train,5,2,2,1.0
tut_top5_train_0001670,train,5,4,4,1.0
tut_top5_train_0001671,train,5,0,0,1.0
tut_top5_train_0001672,train,5,2,2,1.0
tut_top5_train_0001673,train,5,2,2,1.0
tut_top5_train_0001674,train,5,3,3,1.0
tut_top5_train_0001675,train,5,4,4,1.0
tut_top5_train_0001676,train,5,0,0,1.0
tut_top5_train_0001677,train,5,4,4,1.0
tut_top5_train_0001678,train,5,4,4,1.0
tut_top5_train_0001679,train,5,0,0,1.0
tut_top5_train_0001680,train,5,0,0,1.0
tut_top5_train_0001681,train,5,4,4,1.0
tut_top5_train_0001682,train,5,4,4,1.0
tut_top5_train_0001683,train,5,3,3,1.0
tut_top5_train_0001684,train,5,4,4,1.0
tut_top5_train_0001685,train,5,1,1,1.0
tut_top5_train_0001686,train,5,4,4,1.0
tut_top5_train_0001687,train,5,1,1,1.0
tut_top5_train_0001688,train,5,2,2,1.0
tut_top5_train_0001689,train,5,0,0,1.0
tut_top5_train_0001690,train,5,0,0,1.0
tut_top5_train_0001691,train,5,0,0,1.0
tut_top5_train_0001692,train,5,0,0,1.0
tut_top5_train_0001693,train,5,2,2,1.0
tut_top5_train_0001694,train,5,4,4,1.0
tut_top5_train_0001695,train,5,1,1,1.0
tut_top5_train_0001696,train,5,2,2,1.0
tut_top5_train_0001697,train,5,0,0,1.0
tut_top5_train_0001698,train,5,2,2,1.0
tut_top5_train_0001699,train,5,4,4,1.0
tut_top5_train_0001700,train,5,0,0,1.0
tut_top5_train_0001701,train,5,3,3,1.0
tut_top5_train_0001702,train,5,0,0,1.0
tut_top5_train_0001703,train,5,4,4,1.0
tut_top5_train_0001704,train,5,2,2,1.0
tut_top5_train_0001705,train,5,2,2,1.0
tut_top5_train_0001706,train,5,2,2,1.0
tut_top5_train_0001707,train,5,0,0,1.0
tut_top5_train_0001708,train,5,0,0,1.0
tut_top5_train_0001709,train,5,2,2,1.0
tut_top5_train_0001710,train,5,4,4,1.0
tut_top5_train_0001711,train,5,4,4,1.0
tut_top5_train_0001712,train,5,0,0,1.0
tut_top5_train_0001713,train,5,0,0,1.0
tut_top5_train_0001714,train,5,0,0,1.0
tut_top5_train_0001715,train,5,2,2,1.0
tut_top5_train_0001716,train,5,2,2,1.0
tut_top5_train_0001717,train,5,1,1,1.0
tut_top5_train_0001718,train,5,4,4,1.0
tut_top5_train_0001719,train,5,4,4,1.0
tut_top5_train_0001720,train,5,4,4,1.0
tut_top5_train_0001721,train,5,4,4,1.0
tut_top5_train_0001722,train,5,1,1,1.0
tut_top5_train_0001723,train,5,2,2,1.0
tut_top5_train_0001724,train,5,4,4,1.0
tut_top5_train_0001725,train,5,3,3,1.0
tut_top5_train_0001726,train,5,0,0,1.0
tut_top5_train_0001727,train,5,1,1,1.0
tut_top5_train_0001728,train,5,2,2,1.0
tut_top5_train_0001729,train,5,4,4,1.0
tut_top5_train_0001730,train,5,0,0,1.0
tut_top5_train_0001731,train,5,2,2,1.0
tut_top5_train_0001732,train,5,3,3,1.0
tut_top5_train_0001733,train,5,0,0,1.0
tut_top5_train_0001734,train,5,0,0,1.0
tut_top5_train_0001735,train,5,1,1,1.0
tut_top5_train_0001736,train,5,0,0,1.0
tut_top5_train_0001737,train,5,2,2,1.0
tut_top5_train_0001738,train,5,4,4,1.0
tut_top5_train_0001739,train,5,2,2,1.0
tut_top5_train_0001740,train,5,0,0,1.0
tut_top5_train_0001741,train,5,3,3,1.0
tut_top5_train_0001742,train,5,2,2,1.0
tut_top5_train_0001743,train,5,0,0,1.0
tut_top5_train_0001744,train,5,0,0,1.0
tut_top5_train_0001745,train,5,4,4,1.0
tut_top5_train_0001746,train,5,0,0,1.0
tut_top5_train_0001747,train,5,4,4,1.0
tut_top5_train_0001748,train,5,3,3,1.0
tut_top5_train_0001749,train,5,0,0,1.0
tut_top5_train_0001750,train,5,0,0,1.0
tut_top5_train_0001751,train,5,0,0,1.0
tut_top5_train_0001752,train,5,4,4,1.0
tut_top5_train_0001753,train,5,3,3,1.0
tut_top5_train_0001754,train,5,0,0,1.0
tut_top5_train_0001755,train,5,3,3,1.0
tut_top5_train_0001756,train,5,4,4,1.0
tut_top5_train_0001757,train,5,0,0,1.0
tut_top5_train_0001758,train,5,4,4,1.0
tut_top5_train_0001759,train,5,2,2,1.0
tut_top5_train_0001760,train,5,3,3,1.0
tut_top5_train_0001761,train,5,3,3,1.0
tut_top5_train_0001762,train,5,0,0,1.0
tut_top5_train_0001763,train,5,3,3,1.0
tut_top5_train_0001764,train,5,4,4,1.0
tut_top5_train_0001765,train,5,0,0,1.0
tut_top5_train_0001766,train,5,4,4,1.0
tut_top5_train_0001767,train,5,4,4,1.0
tut_top5_train_0001768,train,5,0,0,1.0
tut_top5_train_0001769,train,5,0,0,1.0
tut_top5_train_0001770,train,5,4,4,1.0
tut_top5_train_0001771,train,5,0,0,1.0
tut_top5_train_0001772,train,5,0,0,1.0
tut_top5_train_0001773,train,5,2,2,1.0
tut_top5_train_0001774,train,5,4,4,1.0
tut_top5_train_0001775,train,5,3,3,1.0
tut_top5_train_0001776,train,5,4,4,1.0
tut_top5_train_0001777,train,5,3,3,1.0
tut_top5_train_0001778,train,5,3,3,1.0
tut_top5_train_0001779,train,5,1,1,1.0
tut_top5_train_0001780,train,5,4,4,1.0
tut_top5_train_0001781,train,5,3,3,1.0
tut_top5_train_0001782,train,5,0,0,1.0
tut_top5_train_0001783,train,5,3,3,1.0
tut_top5_train_0001784,train,5,2,2,1.0
tut_top5_train_0001785,train,5,3,3,1.0
tut_top5_train_0001786,train,5,1,1,1.0
tut_top5_train_0001787,train,5,3,3,1.0
tut_top5_train_0001788,train,5,4,4,1.0
tut_top5_train_0001789,train,5,0,0,1.0
tut_top5_train_0001790,train,5,0,0,1.0
tut_top5_train_0001791,train,5,2,2,1.0
tut_top5_train_0001792,train,5,4,4,1.0
tut_top5_train_0001793,train,5,4,4,1.0
tut_top5_train_0001794,train,5,4,4,1.0
tut_top5_train_0001795,train,5,4,4,1.0
tut_top5_train_0001796,train,5,2,2,1.0
tut_top5_train_0001797,train,5,1,1,1.0
tut_top5_train_0001798,train,5,3,3,1.0
tut_top5_train_0001799,train,5,4,4,1.0
tut_top5_train_0001800,train,5,0,0,1.0
tut_top5_train_0001801,train,5,0,0,1.0
tut_top5_train_0001802,train,5,2,2,1.0
tut_top5_train_0001803,train,5,0,0,1.0
tut_top5_train_0001804,train,5,4,4,1.0
tut_top5_train_0001805,train,5,1,1,1.0
tut_top5_train_0001806,train,5,4,4,1.0
tut_top5_train_0001807,train,5,0,0,1.0
tut_top5_train_0001808,train,5,3,3,1.0
tut_top5_train_0001809,train,5,0,0,1.0
tut_top5_train_0001810,train,5,4,4,1.0
tut_top5_train_0001811,train,5,0,0,1.0
tut_top5_train_0001812,train,5,1,1,1.0
tut_top5_train_0001813,train,5,3,3,1.0
tut_top5_train_0001814,train,5,2,2,1.0
tut_top5_train_0001815,train,5,4,4,1.0
tut_top5_train_0001816,train,5,0,0,1.0
tut_top5_train_0001817,train,5,0,0,1.0
tut_top5_train_0001818,train,5,3,3,1.0
tut_top5_train_0001819,train,5,0,0,1.0
tut_top5_train_0001820,train,5,4,4,1.0
tut_top5_train_0001821,train,5,0,0,1.0
tut_top5_train_0001822,train,5,1,1,1.0
tut_top5_train_0001823,train,5,0,0,1.0
tut_top5_train_0001824,train,5,3,3,1.0
tut_top5_train_0001825,train,5,1,1,1.0
tut_top5_train_0001826,train,5,3,3,1.0
tut_top5_train_0001827,train,5,4,4,1.0
tut_top5_train_0001828,train,5,3,3,1.0
tut_top5_train_0001829,train,5,4,4,1.0
tut_top5_train_0001830,train,5,4,4,1.0
tut_top5_train_0001831,train,5,4,4,1.0
tut_top5_train_0001832,train,5,4,4,1.0
tut_top5_train_0001833,train,5,1,1,1.0
tut_top5_train_0001834,train,5,1,1,1.0
tut_top5_train_0001835,train,5,0,0,1.0
tut_top5_train_0001836,train,5,3,3,1.0
tut_top5_train_0001837,train,5,3,3,1.0
tut_top5_train_0001838,train,5,4,4,1.0
tut_top5_train_0001839,train,5,3,3,1.0
tut_top5_train_0001840,train,5,2,2,1.0
tut_top5_train_0001841,train,5,1,1,1.0
tut_top5_train_0001842,train,5,3,3,1.0
tut_top5_train_0001843,train,5,1,1,1.0
tut_top5_train_0001844,train,5,0,0,1.0
tut_top5_train_0001845,train,5,0,0,1.0
tut_top5_train_0001846,train,5,2,2,1.0
tut_top5_train_0001847,train,5,0,0,1.0
tut_top5_train_0001848,train,5,4,4,1.0
tut_top5_train_0001849,train,5,0,0,1.0
tut_top5_train_0001850,train,5,4,4,1.0
tut_top5_train_0001851,train,5,1,1,1.0
tut_top5_train_0001852,train,5,2,2,1.0
tut_top5_train_0001853,train,5,4,4,1.0
tut_top5_train_0001854,train,5,2,2,1.0
tut_top5_train_0001855,train,5,0,0,1.0
tut_top5_train_0001856,train,5,1,1,1.0
tut_top5_train_0001857,train,5,1,1,1.0
tut_top5_train_0001858,train,5,2,2,1.0
tut_top5_train_0001859,train,5,2,2,1.0
tut_top5_train_0001860,train,5,2,2,1.0
tut_top5_train_0001861,train,5,2,2,1.0
tut_top5_train_0001862,train,5,1,1,1.0
tut_top5_train_0001863,train,5,0,0,1.0
tut_top5_train_0001864,train,5,3,3,1.0
tut_top5_train_0001865,train,5,0,0,1.0
tut_top5_train_0001866,train,5,4,4,1.0
tut_top5_train_0001867,train,5,4,4,1.0
tut_top5_val_0000000,val,5,0,0,0.6070986435458714
tut_top5_val_0000001,val,5,0,0,0.7194021478707004
tut_top5_val_0000002,val,5,4,4,0.9785476681233968
tut_top5_val_0000003,val,5,4,4,0.6349933451352675
tut_top5_val_0000004,val,5,4,4,0.6610153218450497
tut_top5_val_0000005,val,5,3,3,0.7427236395978284
tut_top5_val_0000006,val,5,2,2,0.8493306661797321
tut_top5_val_0000007,val,5,1,1,0.7611957340244628
tut_top5_val_0000008,val,5,4,4,0.5394618350016591
tut_top5_val_0000009,val,5,2,4,0.4156947304715492
tut_top5_val_0000010,val,5,3,3,0.8972250529896414
tut_top5_val_0000011,val,5,3,3,0.876262077088844
tut_top5_val_0000012,val,5,4,4,0.5358394553584858
tut_top5_val_0000013,val,5,0,0,0.7856700616034493
tut_top5_val_0000014,val,5,1,1,0.8113364375810578
tut_top5_val_0000015,val,5,4,4,0.77356771119683
tut_top5_val_0000016,val,5,0,0,0.9157449129539822
tut_top5_val_0000017,val,5,4,4,0.9471143774681511
tut_top5_val_0000018,val,5,4,4,0.7628760040375491
tut_top5_val_0000019,val,5,4,4,0.8824996299771327
tut_top5_val_0000020,val,5,0,4,0.5185263577273195
tut_top5_val_0000021,val,5,0,0,0.9528261354738825
tut_top5_val_0000022,val,5,2,2,0.9545205225184907
tut_top5_val_0000023,val,5,0,1,0.5019768532787137
tut_top5_val_0000024,val,5,0,0,0.9946910689975542
tut_top5_val_0000025,val,5,4,4,0.5566689608169821
tut_top5_val_0000026,val,5,4,4,0.8567268142079209
tut_top5_val_0000027,val,5,3,3,0.757357473050909
tut_top5_val_0000028,val,5,4,4,0.8877082577014173
tut_top5_val_0000029,val,5,4,4,0.9645891581267857
tut_top5_val_0000030,val,5,4,4,0.9013197493751761
tut_top5_val_0000031,val,5,2,2,0.9384361707988514
tut_top5_val_0000032,val,5,0,0,0.9775491224861129
tut_top5_val_0000033,val,5,3,3,0.9934608691485147
tut_top5_val_0000034,val,5,2,2,0.9599508622876758
tut_top5_val_0000035,val,5,0,0,0.955375133664809
tut_top5_val_0000036,val,5,2,2,0.9283642668773021
tut_top5_val_0000037,val,5,0,0,0.785360573972636
tut_top5_val_0000038,val,5,0,0,0.8831296372183988
tut_top5_val_0000039,val,5,2,2,0.9064923968328382
tut_top5_val_0000040,val,5,4,4,0.9225872542194109
tut_top5_val_0000041,val,5,2,2,0.8766270347267036
tut_top5_val_0000042,val,5,0,0,0.8581487023307421
tut_top5_val_0000043,val,5,0,0,0.7358962617004559
tut_top5_val_0000044,val,5,4,4,0.8695726696974785
tut_top5_val_0000045,val,5,3,3,0.9352276867658428
tut_top5_val_0000046,val,5,2,2,0.9342876726763996
tut_top5_val_0000047,val,5,3,3,1.0
tut_top5_val_0000048,val,5,4,4,0.9594750247628019
tut_top5_val_0000049,val,5,2,2,0.9068187615803426
tut_top5_val_0000050,val,5,0,0,0.45262432165625227
tut_top5_val_0000051,val,5,0,0,0.7526494367350106
tut_top5_val_0000052,val,5,0,4,0.5209934557165599
tut_top5_val_0000053,val,5,2,2,0.8403105986463341
tut_top5_val_0000054,val,5,2,2,0.977826263631353
tut_top5_val_0000055,val,5,2,2,0.8885153952508503
tut_top5_val_0000056,val,5,0,0,0.7472592517883693
tut_top5_val_0000057,val,5,3,3,0.9969283356921899
tut_top5_val_0000058,val,5,1,1,0.8322144343189981
tut_top5_val_0000059,val,5,2,4,0.9013126065322745
tut_top5_val_0000060,val,5,4,4,0.7337436105485184
tut_top5_val_0000061,val,5,0,0,0.7477099593759463
tut_top5_val_0000062,val,5,4,4,0.833267567754203
tut_top5_val_0000063,val,5,2,4,0.5213736477688645
tut_top5_val_0000064,val,5,2,2,0.9963207239957438
tut_top5_val_0000065,val,5,4,4,0.7940252656273519
tut_top5_val_0000066,val,5,0,0,0.9109715315706691
tut_top5_val_0000067,val,5,2,2,0.9229586548557401
tut_top5_val_0000068,val,5,3,3,0.7502623194911243
tut_top5_val_0000069,val,5,0,0,0.4513419880982401
tut_top5_val_0000070,val,5,1,1,0.9774976755768414
tut_top5_val_0000071,val,5,3,3,0.9997549694941941
tut_top5_val_0000072,val,5,3,3,0.9131229980660929
tut_top5_val_0000073,val,5,2,2,0.9980459301703959
tut_top5_val_0000074,val,5,4,4,0.9281952871693353
tut_top5_val_0000075,val,5,4,4,0.9515624458221643
tut_top5_val_0000076,val,5,0,4,0.6177885913634028
tut_top5_val_0000077,val,5,2,2,0.9683819595162177
tut_top5_val_0000078,val,5,2,2,0.5022830099105762
tut_top5_val_0000079,val,5,1,1,0.9147936978780975
tut_top5_val_0000080,val,5,2,2,0.998897997086952
tut_top5_val_0000081,val,5,2,2,0.9710456353011865
tut_top5_val_0000082,val,5,4,4,0.5316589961493311
tut_top5_val_0000083,val,5,0,0,0.754859296533812
tut_top5_val_0000084,val,5,1,1,0.9300203159498253
tut_top5_val_0000085,val,5,4,4,0.7632041985793522
tut_top5_val_0000086,val,5,2,2,0.8187606615016848
tut_top5_val_0000087,val,5,0,0,0.8664895079236697
tut_top5_val_0000088,val,5,1,1,0.9752186972126985
tut_top5_val_0000089,val,5,2,2,0.9515794143221278
tut_top5_val_0000090,val,5,0,0,0.6132318021520505
tut_top5_val_0000091,val,5,4,4,0.7298997901391742
tut_top5_val_0000092,val,5,2,2,0.8275312277606315
tut_top5_val_0000093,val,5,0,0,0.677818234745913
tut_top5_val_0000094,val,5,4,4,0.807638168532268
tut_top5_val_0000095,val,5,4,4,0.5303031412589461
tut_top5_val_0000096,val,5,3,0,0.8869370914365488
tut_top5_val_0000097,val,5,0,4,0.6229259465931059
tut_top5_val_0000098,val,5,0,0,0.5406127167324501
tut_top5_val_0000099,val,5,1,1,0.9144585885383348
tut_top5_val_0000100,val,5,3,0,0.642205579920066
tut_top5_val_0000101,val,5,0,0,0.9263018272432629
tut_top5_val_0000102,val,5,0,0,0.8160213866259461
tut_top5_val_0000103,val,5,0,0,0.7111395545463353
tut_top5_val_0000104,val,5,4,4,0.7316822418070147
tut_top5_val_0000105,val,5,0,0,0.6767834580665021
tut_top5_val_0000106,val,5,0,0,0.9120330310859291
tut_top5_val_0000107,val,5,4,4,0.8632513653188788
tut_top5_val_0000108,val,5,1,1,0.9784885914813066
tut_top5_val_0000109,val,5,2,2,0.9521779629987073
tut_top5_val_0000110,val,5,2,2,0.9982100829897412
tut_top5_val_0000111,val,5,4,0,0.49294362701043476
tut_top5_val_0000112,val,5,0,4,0.733150335421741
tut_top5_val_0000113,val,5,3,3,1.0
tut_top5_val_0000114,val,5,2,2,0.9994856765084381
tut_top5_val_0000115,val,5,0,3,0.5532614325101614
tut_top5_val_0000116,val,5,3,3,0.9997549694941941
tut_top5_val_0000117,val,5,4,4,0.6106786400582407
tut_top5_val_0000118,val,5,4,4,0.96331756967603
tut_top5_val_0000119,val,5,0,0,0.6148880503243518
tut_top5_val_0000120,val,5,0,0,0.9556128876042674
tut_top5_val_0000121,val,5,2,2,0.9985197108649543
tut_top5_val_0000122,val,5,4,4,0.9421683035163543
tut_top5_val_0000123,val,5,4,4,0.5789341002571192
tut_top5_val_0000124,val,5,0,0,0.5402050348723416
tut_top5_val_0000125,val,5,1,1,0.8684509745653106
tut_top5_val_0000126,val,5,0,0,0.9628444601414324
tut_top5_val_0000127,val,5,4,4,0.8094001654548478
tut_top5_val_0000128,val,5,1,1,0.7521186352160615
tut_top5_val_0000129,val,5,4,1,0.5202944806601311
tut_top5_val_0000130,val,5,3,0,0.601181518765926
tut_top5_val_0000131,val,5,1,1,0.9153254340704552
tut_top5_val_0000132,val,5,4,4,0.6138958898840804
tut_top5_val_0000133,val,5,1,1,0.9751081774395567
tut_top5_val_0000134,val,5,2,2,0.9958709572214548
tut_top5_val_0000135,val,5,0,0,0.8866545836843575
tut_top5_val_0000136,val,5,0,0,0.6745220317351235
tut_top5_val_0000137,val,5,2,2,0.9982082239957438
tut_top5_val_0000138,val,5,2,2,0.7550529154814416
tut_top5_val_0000139,val,5,4,4,0.9731344195884638
tut_top5_val_0000140,val,5,2,2,0.9719730089950919
tut_top5_val_0000141,val,5,4,4,0.521691692796909
tut_top5_val_0000142,val,5,2,2,0.8089546204477811
tut_top5_val_0000143,val,5,1,4,0.4938946853893919
tut_top5_val_0000144,val,5,2,4,0.6042580102446283
tut_top5_val_0000145,val,5,3,3,0.9879500660238674
tut_top5_val_0000146,val,5,3,3,0.34686436563188616
tut_top5_val_0000147,val,5,0,0,0.7615880139454607
tut_top5_val_0000148,val,5,0,1,0.7624081470638882
tut_top5_val_0000149,val,5,1,1,0.9704245324850959
tut_top5_val_0000150,val,5,4,4,0.822078289256389
tut_top5_val_0000151,val,5,3,3,0.9992922114837975
tut_top5_val_0000152,val,5,3,3,0.38974867693343385
tut_top5_val_0000153,val,5,0,0,0.747040995618469
tut_top5_val_0000154,val,5,4,4,0.8868666036173987
tut_top5_val_0000155,val,5,3,3,0.5388033199265557
tut_top5_val_0000156,val,5,1,0,0.5010647341569286
tut_top5_val_0000157,val,5,2,2,0.9945916711736074
tut_top5_val_0000158,val,5,0,0,0.6550272274436219
tut_top5_val_0000159,val,5,1,1,0.7798773027085746
tut_top5_val_0000160,val,5,2,2,0.979596082936078
tut_top5_val_0000161,val,5,4,4,0.5188955334542704
tut_top5_val_0000162,val,5,1,0,0.8017071011221016
tut_top5_val_0000163,val,5,4,4,0.7361477014912928
tut_top5_val_0000164,val,5,4,4,0.9606176824849362
tut_top5_val_0000165,val,5,4,0,0.7516571696250373
tut_top5_val_0000166,val,5,0,0,0.7268792975634223
tut_top5_val_0000167,val,5,0,0,0.8563577320430613
tut_top5_val_0000168,val,5,4,4,0.8427008648009946
tut_top5_val_0000169,val,5,0,0,0.8680273414479326
tut_top5_val_0000170,val,5,0,0,0.7292346887120216
tut_top5_val_0000171,val,5,1,1,0.8049253465707337
tut_top5_val_0000172,val,5,0,0,0.5763542709900074
tut_top5_val_0000173,val,5,0,0,0.8804963947697927
tut_top5_val_0000174,val,5,4,4,0.712629154384349
tut_top5_val_0000175,val,5,4,4,0.8043465363669705
tut_top5_val_0000176,val,5,0,0,0.999439381933439
tut_top5_val_0000177,val,5,0,0,0.7174084424076906
tut_top5_val_0000178,val,5,1,1,0.8603388647490533
tut_top5_val_0000179,val,5,3,3,0.9790979006226834
tut_top5_val_0000180,val,5,4,4,0.5042576350516047
tut_top5_val_0000181,val,5,4,4,0.8074841837420895
tut_top5_val_0000182,val,5,1,1,0.8506832276227801
tut_top5_val_0000183,val,5,4,4,0.9148461126070532
tut_top5_val_0000184,val,5,0,0,0.5329134461813496
tut_top5_val_0000185,val,5,4,4,0.5993993951163311
tut_top5_val_0000186,val,5,3,3,0.989508712142289
tut_top5_val_0000187,val,5,2,2,0.929723479326841
tut_top5_val_0000188,val,5,2,2,0.9213746264962103
tut_top5_val_0000189,val,5,0,0,0.9421486744692836
tut_top5_val_0000190,val,5,3,3,0.8436047493753567
tut_top5_val_0000191,val,5,4,4,0.7690859948765038
tut_top5_val_0000192,val,5,1,1,0.6234206328591931
tut_top5_val_0000193,val,5,4,4,0.9851336480851955
tut_top5_val_0000194,val,5,0,0,0.7139555180507299
tut_top5_val_0000195,val,5,0,0,0.8164224507133571
tut_top5_val_0000196,val,5,0,0,0.68459717235284
tut_top5_val_0000197,val,5,0,0,0.8713285769158609
tut_top5_val_0000198,val,5,4,4,0.49939713173983585
tut_top5_val_0000199,val,5,4,4,0.8469428146197846
tut_top5_val_0000200,val,5,0,0,0.9756235773563461
tut_top5_val_0000201,val,5,4,4,0.9950217615545094
tut_top5_val_0000202,val,5,4,4,0.876380727194177
tut_top5_val_0000203,val,5,3,3,0.9713108486932414
tut_top5_val_0000204,val,5,0,0,0.6035210584804209
tut_top5_val_0000205,val,5,2,2,0.7660725741657134
tut_top5_val_0000206,val,5,1,4,0.5590013405910765
tut_top5_val_0000207,val,5,4,4,0.7620932868943054
tut_top5_val_0000208,val,5,2,2,0.8945044688996114
tut_top5_val_0000209,val,5,0,0,0.9151354632878146
tut_top5_val_0000210,val,5,4,4,0.9097298560235606
tut_top5_val_0000211,val,5,0,0,0.7284427313871044
tut_top5_val_0000212,val,5,3,0,0.4917137865478044
tut_top5_val_0000213,val,5,0,0,0.6323015612277918
tut_top5_val_0000214,val,5,0,0,0.9405403892896835
tut_top5_val_0000215,val,5,0,0,0.7747286009445981
tut_top5_val_0000216,val,5,1,0,0.6180485321142228
tut_top5_val_0000217,val,5,2,2,0.7675121353071326
tut_top5_val_0000218,val,5,0,0,0.7983581587681576
tut_top5_val_0000219,val,5,4,4,0.875911653491171
tut_top5_val_0000220,val,5,4,4,0.752363961163812
tut_top5_val_0000221,val,5,2,2,0.9321447103471597
tut_top5_val_0000222,val,5,1,1,0.9738557803011829
tut_top5_val_0000223,val,5,1,1,0.9086668954310949
tut_top5_val_0000224,val,5,0,0,0.814340334996516
tut_top5_val_0000225,val,5,1,1,0.9539471045271347
tut_top5_val_0000226,val,5,4,4,0.9626200000234938
tut_top5_val_0000227,val,5,3,3,0.9553089142751968
tut_top5_val_0000228,val,5,0,4,0.6755638121477786
tut_top5_val_0000229,val,5,0,0,0.8276164460690704
tut_top5_val_0000230,val,5,2,2,0.9211376189886497
tut_top5_val_0000231,val,5,4,4,0.6136876763048599
tut_top5_val_0000232,val,5,1,1,0.588953434538531
tut_top5_val_0000233,val,5,3,3,0.8673552435242743
tut_top5_val_0000234,val,5,0,0,0.7542173761669306
tut_top5_val_0000235,val,5,0,0,0.7400454435013901
tut_top5_val_0000236,val,5,1,4,0.7466240940937554
tut_top5_val_0000237,val,5,4,4,0.8443502228368825
tut_top5_val_0000238,val,5,4,4,0.732642529808811
tut_top5_val_0000239,val,5,4,4,0.8668111498504564
tut_top5_val_0000240,val,5,0,0,0.6104229622474883
tut_top5_val_0000241,val,5,0,0,0.6710553815761108
tut_top5_val_0000242,val,5,4,4,0.8628672782591705
tut_top5_val_0000243,val,5,2,2,0.9202135967886467
tut_top5_val_0000244,val,5,2,2,0.8426177875221321
tut_top5_val_0000245,val,5,4,0,0.5289761391984164
tut_top5_val_0000246,val,5,4,4,0.855380348102902
tut_top5_val_0000247,val,5,3,3,0.9173915882460346
tut_top5_val_0000248,val,5,2,2,0.8821511840567463
tut_top5_val_0000249,val,5,2,2,0.9524608255558763
tut_top5_val_0000250,val,5,4,4,0.6762557176863534
tut_top5_val_0000251,val,5,3,3,0.6323236999630957
tut_top5_val_0000252,val,5,0,0,0.8495713192867272
tut_top5_val_0000253,val,5,0,0,0.9587704812600398
tut_top5_val_0000254,val,5,0,0,0.8155561826210525
tut_top5_val_0000255,val,5,2,4,0.7404850371307695
tut_top5_val_0000256,val,5,3,3,0.9903069870863216
tut_top5_val_0000257,val,5,4,4,0.4110330291911097
tut_top5_val_0000258,val,5,1,1,0.9647893318301349
tut_top5_val_0000259,val,5,0,0,0.6897897038191139
tut_top5_val_0000260,val,5,4,4,0.8735582945482357
tut_top5_val_0000261,val,5,4,2,0.5715888864462264
tut_top5_val_0000262,val,5,2,2,0.9953229180481368
tut_top5_val_0000263,val,5,3,3,0.7613744653969187
tut_top5_val_0000264,val,5,2,2,0.8287163511795802
tut_top5_val_0000265,val,5,3,3,0.9940071078198386
tut_top5_val_0000266,val,5,0,0,0.6708317641064557
tut_top5_val_0000267,val,5,3,3,0.9864492480619671
tut_top5_val_0000268,val,5,3,3,0.9303412809866384
tut_top5_val_0000269,val,5,0,0,0.8622754860238941
tut_top5_val_0000270,val,5,4,4,0.9747431701849743
tut_top5_val_0000271,val,5,0,0,0.8436857670148287
tut_top5_val_0000272,val,5,3,3,0.5615996961690536
tut_top5_val_0000273,val,5,4,4,0.9831163834090313
tut_top5_val_0000274,val,5,3,3,0.9998923848215057
tut_top5_val_0000275,val,5,2,2,0.9173002686701607
tut_top5_val_0000276,val,5,4,4,0.7106944837343709
tut_top5_val_0000277,val,5,4,0,0.8081022110661787
tut_top5_val_0000278,val,5,0,4,0.5255790350127614
tut_top5_val_0000279,val,5,0,0,0.8112580365071469
tut_top5_val_0000280,val,5,4,4,0.9489866497442843
tut_top5_val_0000281,val,5,2,2,0.946137548680703
tut_top5_val_0000282,val,5,4,4,0.8115554183822625
tut_top5_val_0000283,val,5,0,0,0.9174489965901393
tut_top5_val_0000284,val,5,0,0,0.9203415961804207
tut_top5_val_0000285,val,5,3,3,0.8336508109133303
tut_top5_val_0000286,val,5,4,4,0.9951139957264956
tut_top5_val_0000287,val,5,0,1,0.3316624475426575
tut_top5_val_0000288,val,5,1,1,0.9331653885393795
tut_top5_val_0000289,val,5,0,0,0.9894716522600839
tut_top5_val_0000290,val,5,2,2,0.9735583952424003
tut_top5_val_0000291,val,5,0,0,0.6163687625111611
tut_top5_val_0000292,val,5,4,4,0.8651237993632759
tut_top5_val_0000293,val,5,3,3,0.9865377720584896
tut_top5_val_0000294,val,5,1,1,0.9807890647675741
tut_top5_val_0000295,val,5,0,0,0.6136189883499611
tut_top5_val_0000296,val,5,0,0,0.6622648030054282
tut_top5_val_0000297,val,5,0,0,0.8317305288656504
tut_top5_val_0000298,val,5,4,4,0.8773590437675923
tut_top5_val_0000299,val,5,2,2,0.9163600483420532
tut_top5_val_0000300,val,5,4,4,0.7337032262962018
tut_top5_val_0000301,val,5,4,4,0.8482737234879135
tut_top5_val_0000302,val,5,4,4,0.6832454993760427
tut_top5_val_0000303,val,5,4,2,0.5185236406246153
tut_top5_val_0000304,val,5,0,0,0.9059998314646429
tut_top5_val_0000305,val,5,2,2,0.9651835393749386
tut_top5_val_0000306,val,5,2,2,0.9595733582792172
tut_top5_val_0000307,val,5,4,4,0.9736969552137786
tut_top5_val_0000308,val,5,2,2,0.9991979233797007
tut_top5_val_0000309,val,5,3,3,0.9702082994697164
tut_top5_val_0000310,val,5,3,3,0.9728956178891722
tut_top5_val_0000311,val,5,4,4,0.9018832169205265
tut_top5_val_0000312,val,5,2,2,0.9724846240753944
tut_top5_val_0000313,val,5,1,4,0.6978202418858293
tut_top5_val_0000314,val,5,0,0,0.8716250369020786
tut_top5_val_0000315,val,5,0,0,0.7549423465385968
tut_top5_val_0000316,val,5,4,4,0.7863086812721801
tut_top5_val_0000317,val,5,0,0,0.5164978660570414
tut_top5_val_0000318,val,5,0,0,0.7807174953607945
tut_top5_val_0000319,val,5,4,4,0.8819334234318335
tut_top5_val_0000320,val,5,0,0,0.8965523799448484
tut_top5_val_0000321,val,5,3,0,0.7349986479913465
tut_top5_val_0000322,val,5,2,2,0.7403162633978484
tut_top5_val_0000323,val,5,3,3,0.9990984793627805
tut_top5_val_0000324,val,5,0,0,0.7351606585167042
tut_top5_val_0000325,val,5,3,3,0.8957676514014138
tut_top5_val_0000326,val,5,4,4,0.9177725525771634
tut_top5_val_0000327,val,5,0,0,0.7178819244793704
tut_top5_val_0000328,val,5,4,4,0.8797958877652035
tut_top5_val_0000329,val,5,3,3,0.961429507994906
tut_top5_val_0000330,val,5,3,3,0.6018265180863405
tut_top5_val_0000331,val,5,3,3,0.9958809784616495
tut_top5_val_0000332,val,5,3,3,0.9997549694941941
tut_top5_val_0000333,val,5,0,4,0.8065786354104527
tut_top5_val_0000334,val,5,1,1,0.9836614581991643
tut_top5_val_0000335,val,5,0,0,0.7082027631045706
tut_top5_val_0000336,val,5,3,3,0.7190738572213593
tut_top5_val_0000337,val,5,3,3,0.6494367239739793
tut_top5_val_0000338,val,5,0,0,0.9109068583068455
tut_top5_val_0000339,val,5,3,3,0.9187294407047009
tut_top5_val_0000340,val,5,4,4,0.8645115713064861
tut_top5_val_0000341,val,5,4,4,0.6769110781926652
tut_top5_val_0000342,val,5,1,1,0.9749202461335266
tut_top5_val_0000343,val,5,2,2,0.9229741594639801
tut_top5_val_0000344,val,5,0,3,0.47698358795245055
tut_top5_val_0000345,val,5,0,0,0.5587590846818979
tut_top5_val_0000346,val,5,4,4,0.8660625204506832
tut_top5_val_0000347,val,5,3,3,0.7272820839850709
tut_top5_val_0000348,val,5,3,3,0.9559869112094836
tut_top5_val_0000349,val,5,4,4,0.5648341435222634
tut_top5_val_0000350,val,5,4,4,0.7427247648272557
tut_top5_val_0000351,val,5,0,0,0.8523969784346224
tut_top5_val_0000352,val,5,2,2,1.0
tut_top5_val_0000353,val,5,0,0,0.6293131168323213
tut_top5_val_0000354,val,5,0,0,0.9432367776747529
tut_top5_val_0000355,val,5,4,4,0.8974834633866532
tut_top5_val_0000356,val,5,4,4,0.6935393199586463
tut_top5_val_0000357,val,5,1,1,0.597158386869236
tut_top5_val_0000358,val,5,2,2,0.9678092427594736
tut_top5_val_0000359,val,5,0,0,0.5970084268598826
tut_top5_val_0000360,val,5,4,4,0.824062121062757
tut_top5_val_0000361,val,5,0,3,0.6317661786223693
tut_top5_val_0000362,val,5,2,2,0.7462287623602505
tut_top5_val_0000363,val,5,2,2,0.9830356177048803
tut_top5_val_0000364,val,5,0,0,0.7606688388766445
tut_top5_val_0000365,val,5,3,0,0.48174420271573
tut_top5_val_0000366,val,5,4,4,0.6018284483997709
tut_top5_val_0000367,val,5,0,0,0.8084273170872079
tut_top5_val_0000368,val,5,0,0,1.0
tut_top5_val_0000369,val,5,0,0,0.5853822092166483
tut_top5_val_0000370,val,5,0,0,0.5584293263292365
tut_top5_val_0000371,val,5,4,4,0.6839945967969308
tut_top5_val_0000372,val,5,0,0,0.9835649276505508
tut_top5_val_0000373,val,5,0,0,0.9144159825270468
tut_top5_val_0000374,val,5,1,1,0.761405930965474
tut_top5_val_0000375,val,5,4,4,0.9113351367088797
tut_top5_val_0000376,val,5,0,0,0.8195959597043897
tut_top5_val_0000377,val,5,2,2,0.9688849995453147
tut_top5_val_0000378,val,5,0,0,0.968878079249876
tut_top5_val_0000379,val,5,4,4,0.9296464179486081
tut_top5_val_0000380,val,5,0,0,0.7827701904424881
tut_top5_val_0000381,val,5,1,1,0.9842303411273825
tut_top5_val_0000382,val,5,2,2,0.946137548680703
tut_top5_val_0000383,val,5,3,3,0.8431002271357068
tut_top5_val_0000384,val,5,1,0,0.691296871443926
tut_top5_val_0000385,val,5,4,4,0.4815543433958344
tut_top5_val_0000386,val,5,1,1,0.8986578911540777
tut_top5_val_0000387,val,5,3,3,0.8830358149136329
tut_top5_val_0000388,val,5,1,1,0.8157791553745456
tut_top5_val_0000389,val,5,3,3,0.9459601844542473
tut_top5_val_0000390,val,5,4,4,0.6940200147044898
tut_top5_val_0000391,val,5,3,3,0.8449266021795974
tut_top5_val_0000392,val,5,4,4,0.9943945415945865
tut_top5_val_0000393,val,5,0,0,0.7633620205761459
tut_top5_val_0000394,val,5,0,0,0.8401537093598013
tut_top5_val_0000395,val,5,1,1,0.9383870752446284
tut_top5_val_0000396,val,5,4,4,0.786251429688431
tut_top5_val_0000397,val,5,4,4,0.8511441189660625
tut_top5_val_0000398,val,5,4,4,0.6536940799262951
tut_top5_val_0000399,val,5,4,4,0.9634437176951408
tut_top5_val_0000400,val,5,0,0,0.8192178259348681
tut_top5_val_0000401,val,5,2,2,0.8954825910721413
tut_top5_val_0000402,val,5,1,1,0.9882542519093848
tut_top5_val_0000403,val,5,1,4,0.4093056701877751
tut_top5_val_0000404,val,5,4,4,0.508343216939057
tut_top5_val_0000405,val,5,4,4,0.729976365018876
tut_top5_val_0000406,val,5,0,4,0.513088518385739
tut_top5_val_0000407,val,5,3,3,0.4978324573527232
tut_top5_val_0000408,val,5,4,4,0.5731318266344214
tut_top5_test_0000000,test,5,2,2,0.8582304672450918
tut_top5_test_0000001,test,5,4,4,0.8861271849318499
tut_top5_test_0000002,test,5,3,3,1.0
tut_top5_test_0000003,test,5,4,2,0.752141964583875
tut_top5_test_0000004,test,5,2,2,0.885094048477165
tut_top5_test_0000005,test,5,3,3,0.9202537133290378
tut_top5_test_0000006,test,5,1,1,0.4054725589932233
tut_top5_test_0000007,test,5,0,0,0.9708300513569421
tut_top5_test_0000008,test,5,2,2,0.9148004505747446
tut_top5_test_0000009,test,5,1,1,0.5704304524729099
tut_top5_test_0000010,test,5,0,0,0.5709490290362553
tut_top5_test_0000011,test,5,2,2,0.9240209022256727
tut_top5_test_0000012,test,5,4,0,0.7705701861728796
tut_top5_test_0000013,test,5,2,2,0.961519724114662
tut_top5_test_0000014,test,5,0,0,0.9431977019854513
tut_top5_test_0000015,test,5,0,0,0.5789289650921333
tut_top5_test_0000016,test,5,4,4,0.9205753322285123
tut_top5_test_0000017,test,5,0,0,0.8142203083850028
tut_top5_test_0000018,test,5,0,0,0.5093680636788576
tut_top5_test_0000019,test,5,0,0,0.6497918120438564
tut_top5_test_0000020,test,5,1,1,0.9301514897214592
tut_top5_test_0000021,test,5,3,3,0.937538780809097
tut_top5_test_0000022,test,5,2,4,0.5623566496254793
tut_top5_test_0000023,test,5,2,2,0.6257931619159635
tut_top5_test_0000024,test,5,2,2,0.97394904993021
tut_top5_test_0000025,test,5,1,1,0.9843489175972623
tut_top5_test_0000026,test,5,0,0,0.7827929790354563
tut_top5_test_0000027,test,5,2,2,0.9977511164243917
tut_top5_test_0000028,test,5,0,0,0.6086823513068143
tut_top5_test_0000029,test,5,1,1,0.9139043373902183
tut_top5_test_0000030,test,5,2,2,0.9927041711736073
tut_top5_test_0000031,test,5,1,1,0.9296679296353091
tut_top5_test_0000032,test,5,4,4,0.7378973706855498
tut_top5_test_0000033,test,5,2,2,0.9022462760002334
tut_top5_test_0000034,test,5,2,2,0.7127781244692308
tut_top5_test_0000035,test,5,1,1,0.7903191845642124
tut_top5_test_0000036,test,5,4,4,0.983344193149072
tut_top5_test_0000037,test,5,4,4,0.9201000910686646
tut_top5_test_0000038,test,5,1,1,0.9507931224919579
tut_top5_test_0000039,test,5,1,1,0.854161492975198
tut_top5_test_0000040,test,5,4,4,0.7113903616510949
tut_top5_test_0000041,test,5,0,0,0.6000786985228285
tut_top5_test_0000042,test,5,0,0,0.7810348942929352
tut_top5_test_0000043,test,5,4,4,0.6792274890035245
tut_top5_test_0000044,test,5,4,4,0.541503168358208
tut_top5_test_0000045,test,5,4,4,0.5445443205348257
tut_top5_test_0000046,test,5,4,4,0.5808632347885239
tut_top5_test_0000047,test,5,0,0,0.8255794073669752
tut_top5_test_0000048,test,5,4,2,0.39172130527021826
tut_top5_test_0000049,test,5,4,0,0.5154750512500275
tut_top5_test_0000050,test,5,4,4,0.9448504689060226
tut_top5_test_0000051,test,5,1,1,0.8618869530566119
tut_top5_test_0000052,test,5,3,3,0.9969428911403235
tut_top5_test_0000053,test,5,2,2,0.9633827300426582
tut_top5_test_0000054,test,5,4,4,0.8569970096576699
tut_top5_test_0000055,test,5,3,3,0.9997549694941941
tut_top5_test_0000056,test,5,3,3,0.9905759622564229
tut_top5_test_0000057,test,5,0,4,0.6794784284719575
tut_top5_test_0000058,test,5,0,0,0.7101492755630916
tut_top5_test_0000059,test,5,4,4,0.9052481293481331
tut_top5_test_0000060,test,5,2,2,0.9676999205336305
tut_top5_test_0000061,test,5,3,3,0.5793359527657848
tut_top5_test_0000062,test,5,1,1,0.9560634903958116
tut_top5_test_0000063,test,5,4,4,0.8478297093682596
tut_top5_test_0000064,test,5,0,0,0.9590480540693938
tut_top5_test_0000065,test,5,0,0,0.5592584299662585
tut_top5_test_0000066,test,5,1,1,0.9230664073688473
tut_top5_test_0000067,test,5,4,4,0.8014861151257194
tut_top5_test_0000068,test,5,0,0,0.7315950588875321
tut_top5_test_0000069,test,5,0,3,0.6826594767588464
tut_top5_test_0000070,test,5,4,0,0.5555191979556033
tut_top5_test_0000071,test,5,0,0,0.5540120116852025
tut_top5_test_0000072,test,5,0,0,0.7885074068908444
tut_top5_test_0000073,test,5,0,0,0.62486742874437
tut_top5_test_0000074,test,5,1,1,0.9844214232475785
tut_top5_test_0000075,test,5,2,0,0.5797846545627399
tut_top5_test_0000076,test,5,3,3,0.8411903620473998
tut_top5_test_0000077,test,5,3,3,0.8565077757697571
tut_top5_test_0000078,test,5,0,0,0.8762102677807089
tut_top5_test_0000079,test,5,1,1,0.7778327947893833
tut_top5_test_0000080,test,5,4,4,0.7277118044333839
tut_top5_test_0000081,test,5,0,2,0.8063488072372458
tut_top5_test_0000082,test,5,0,4,0.5807331216473794
tut_top5_test_0000083,test,5,3,3,0.9951592748837962
tut_top5_test_0000084,test,5,0,0,0.7286155726314512
tut_top5_test_0000085,test,5,4,4,0.6847059069106354
tut_top5_test_0000086,test,5,2,2,0.4930749021330139
tut_top5_test_0000087,test,5,0,0,0.8189871081041695
tut_top5_test_0000088,test,5,3,3,0.9931590917152158
tut_top5_test_0000089,test,5,0,0,0.6791139888984888
tut_top5_test_0000090,test,5,0,0,0.6555382506474845
tut_top5_test_0000091,test,5,1,1,0.9745070990691641
tut_top5_test_0000092,test,5,0,0,0.9206840347554719
tut_top5_test_0000093,test,5,0,0,0.9628928314071875
tut_top5_test_0000094,test,5,4,4,0.9706359867243448
tut_top5_test_0000095,test,5,3,3,0.9308273298950952
tut_top5_test_0000096,test,5,2,2,0.9982100829897412
tut_top5_test_0000097,test,5,3,3,0.9288379781007005
tut_top5_test_0000098,test,5,0,0,0.7993804437021658
tut_top5_test_0000099,test,5,1,1,0.38902009301048407
tut_top5_test_0000100,test,5,1,1,0.5799218027089078
tut_top5_test_0000101,test,5,4,4,0.845867853187019
tut_top5_test_0000102,test,5,0,0,0.5613356270378909
tut_top5_test_0000103,test,5,0,0,0.8176498697501708
tut_top5_test_0000104,test,5,3,3,0.43443887385029206
tut_top5_test_0000105,test,5,0,0,0.5918550123557967
tut_top5_test_0000106,test,5,0,0,0.766715404363547
tut_top5_test_0000107,test,5,0,0,0.8581901448257929
tut_top5_test_0000108,test,5,4,4,0.8618351668893653
tut_top5_test_0000109,test,5,4,4,0.7579840773715177
tut_top5_test_0000110,test,5,4,4,0.8105704955013968
tut_top5_test_0000111,test,5,3,3,0.7620376970750639
tut_top5_test_0000112,test,5,2,2,0.9963225829897412
tut_top5_test_0000113,test,5,4,4,0.5517543152578545
tut_top5_test_0000114,test,5,1,1,0.8686657450880939
tut_top5_test_0000115,test,5,4,4,0.8110917444151002
tut_top5_test_0000116,test,5,2,2,0.7695057148440329
tut_top5_test_0000117,test,5,1,1,0.7268759335032408
tut_top5_test_0000118,test,5,0,0,0.9895279782071978
tut_top5_test_0000119,test,5,1,1,0.9637848083636272
tut_top5_test_0000120,test,5,3,3,0.9998923848215057
tut_top5_test_0000121,test,5,1,1,0.8012311101236282
tut_top5_test_0000122,test,5,2,2,0.729513963921572
tut_top5_test_0000123,test,5,0,0,0.9332701650985932
tut_top5_test_0000124,test,5,0,0,0.7884842943890328
tut_top5_test_0000125,test,5,2,2,0.7952829687593541
tut_top5_test_0000126,test,5,0,0,0.8330810301690917
tut_top5_test_0000127,test,5,0,0,0.6953516267903379
tut_top5_test_0000128,test,5,0,0,0.7249488106594348
tut_top5_test_0000129,test,5,1,1,0.5623392022689481
tut_top5_test_0000130,test,5,3,3,0.9996473543156997
tut_top5_test_0000131,test,5,4,4,0.8899981202193276
tut_top5_test_0000132,test,5,2,2,0.9664509286038325
tut_top5_test_0000133,test,5,2,2,0.7762177382745682
tut_top5_test_0000134,test,5,0,3,0.6101449086226745
tut_top5_test_0000135,test,5,2,4,0.5477963278551072
tut_top5_test_0000136,test,5,4,4,0.8816644513091576
tut_top5_test_0000137,test,5,1,1,0.9725399570802796
tut_top5_test_0000138,test,5,2,2,0.9647964795752368
tut_top5_test_0000139,test,5,0,4,0.5692692343111794
tut_top5_test_0000140,test,5,2,2,0.8107691323076003
tut_top5_test_0000141,test,5,3,3,0.9716437607379418
tut_top5_test_0000142,test,5,2,2,0.9463500606489054
tut_top5_test_0000143,test,5,0,0,0.8674213500055201
tut_top5_test_0000144,test,5,4,0,0.5073162057141453
tut_top5_test_0000145,test,5,1,1,0.7513766947338887
tut_top5_test_0000146,test,5,0,0,0.9545118937766071
tut_top5_test_0000147,test,5,3,3,0.9806014926076032
tut_top5_test_0000148,test,5,1,2,0.8870163089232191
tut_top5_test_0000149,test,5,0,0,0.9860979507882707
tut_top5_test_0000150,test,5,3,3,0.9984559430541531
tut_top5_test_0000151,test,5,3,3,0.9087033895343173
tut_top5_test_0000152,test,5,4,2,0.6247038899317924
tut_top5_test_0000153,test,5,1,1,0.904071797006863
tut_top5_test_0000154,test,5,1,1,0.9724241418551606
tut_top5_test_0000155,test,5,2,2,0.9123570224263264
tut_top5_test_0000156,test,5,4,4,0.8511589425781838
tut_top5_test_0000157,test,5,4,4,0.9378501645860041
tut_top5_test_0000158,test,5,1,1,0.7457711904698503
tut_top5_test_0000159,test,5,2,2,0.9865929296776431
tut_top5_test_0000160,test,5,3,3,0.9949620278995103
tut_top5_test_0000161,test,5,1,1,0.9235128668363158
tut_top5_test_0000162,test,5,0,0,0.9699901719938058
tut_top5_test_0000163,test,5,0,0,0.9181234568454815
tut_top5_test_0000164,test,5,0,0,0.9203372188833464
tut_top5_test_0000165,test,5,1,4,0.49466774503431377
tut_top5_test_0000166,test,5,0,4,0.5261885959511414
tut_top5_test_0000167,test,5,0,0,0.9067509512708761
tut_top5_test_0000168,test,5,2,2,0.874635199275106
tut_top5_test_0000169,test,5,4,4,0.9097805562914814
tut_top5_test_0000170,test,5,1,1,0.7599621794599496
tut_top5_test_0000171,test,5,1,0,0.5047153955283172
tut_top5_test_0000172,test,5,0,0,0.8070001043124065
tut_top5_test_0000173,test,5,0,0,0.6663154785925933
tut_top5_test_0000174,test,5,4,4,0.5194177272089676
tut_top5_test_0000175,test,5,0,0,0.8446072292554375
tut_top5_test_0000176,test,5,4,4,0.6903823174116933
tut_top5_test_0000177,test,5,1,1,0.9505452666848612
tut_top5_test_0000178,test,5,1,0,0.719853798997022
tut_top5_test_0000179,test,5,0,4,0.4580865876023812
tut_top5_test_0000180,test,5,2,2,0.8727476992751061
tut_top5_test_0000181,test,5,0,0,0.9205380654033765
tut_top5_test_0000182,test,5,2,2,0.8423263959460919
tut_top5_test_0000183,test,5,4,1,0.5527569929399525
tut_top5_test_0000184,test,5,4,2,0.8767011377021495
tut_top5_test_0000185,test,5,4,0,0.6011551458794132
tut_top5_test_0000186,test,5,4,4,0.6387442061625103
tut_top5_test_0000187,test,5,0,0,0.8789960602002717
tut_top5_test_0000188,test,5,4,4,0.9828972093787294
tut_top5_test_0000189,test,5,2,2,0.9317570427687789
tut_top5_test_0000190,test,5,4,2,0.49971726949909673
tut_top5_test_0000191,test,5,4,4,0.8228364189062612
tut_top5_test_0000192,test,5,1,1,0.8975254221019517
tut_top5_test_0000193,test,5,4,4,0.7197064348293671
tut_top5_test_0000194,test,5,0,0,0.7820362234715563
tut_top5_test_0000195,test,5,1,1,0.8613700299316562
tut_top5_test_0000196,test,5,2,2,0.9889301782630455
tut_top5_test_0000197,test,5,4,4,0.8279606771444934
tut_top5_test_0000198,test,5,2,2,0.7603542377957426
tut_top5_test_0000199,test,5,2,2,0.8895386884119464
tut_top5_test_0000200,test,5,4,4,0.8177557985384228
tut_top5_test_0000201,test,5,4,4,0.7509535821117437
tut_top5_test_0000202,test,5,4,4,0.5957196368449789
tut_top5_test_0000203,test,5,3,3,0.752302012386092
tut_top5_test_0000204,test,5,3,3,0.993555633120795
tut_top5_test_0000205,test,5,1,1,0.9512721993125021
tut_top5_test_0000206,test,5,1,1,0.9044459793755901
tut_top5_test_0000207,test,5,3,3,0.892274759372475
tut_top5_test_0000208,test,5,0,0,0.5347837804118898
tut_top5_test_0000209,test,5,3,3,0.989508712142289
tut_top5_test_0000210,test,5,0,0,0.4721690215991948
tut_top5_test_0000211,test,5,1,1,0.9746232914591118
tut_top5_test_0000212,test,5,0,0,0.8024367502213983
tut_top5_test_0000213,test,5,4,0,0.3980691511600025
tut_top5_test_0000214,test,5,0,0,0.820775219636966
tut_top5_test_0000215,test,5,3,3,0.9877843940367772
tut_top5_test_0000216,test,5,0,0,0.9468246897182404
tut_top5_test_0000217,test,5,3,3,0.8942056022273
tut_top5_test_0000218,test,5,2,2,0.867842672651541
tut_top5_test_0000219,test,5,2,2,0.9736292068682595
tut_top5_test_0000220,test,5,0,0,0.6641942014788446
tut_top5_test_0000221,test,5,0,0,0.8319205275535846
tut_top5_test_0000222,test,5,0,0,0.9284800642140771
tut_top5_test_0000223,test,5,3,3,0.9958891235146833
tut_top5_test_0000224,test,5,3,3,0.9444387389761634
tut_top5_test_0000225,test,5,0,0,0.7589428891352711
tut_top5_test_0000226,test,5,2,2,0.9233668206748004
tut_top5_test_0000227,test,5,3,3,0.937026593122952
tut_top5_test_0000228,test,5,0,0,0.9012540622368717
tut_top5_test_0000229,test,5,4,4,0.7385378801729892
tut_top5_test_0000230,test,5,3,3,0.9981255661236331
tut_top5_test_0000231,test,5,2,2,0.9796298327103016
tut_top5_test_0000232,test,5,3,3,0.9998923848215057
tut_top5_test_0000233,test,5,0,0,0.9197929913316527
tut_top5_test_0000234,test,5,2,2,0.9221327436538498
tut_top5_test_0000235,test,5,0,0,0.7781761276128901
tut_top5_test_0000236,test,5,0,0,0.913392353306053
tut_top5_test_0000237,test,5,4,4,0.6003016679405546
tut_top5_test_0000238,test,5,0,0,0.8700070232454509
tut_top5_test_0000239,test,5,4,4,0.7136772175518111
tut_top5_test_0000240,test,5,4,4,0.8520040969576084
tut_top5_test_0000241,test,5,0,0,0.9785836605183098
tut_top5_test_0000242,test,5,2,2,0.8905410516282938
tut_top5_test_0000243,test,5,1,1,0.8744923529526083
tut_top5_test_0000244,test,5,1,1,0.9750657124920988
tut_top5_test_0000245,test,5,2,2,0.9488703060377043
tut_top5_test_0000246,test,5,2,2,0.6737669628142154
tut_top5_test_0000247,test,5,2,2,0.5284109833136451
tut_top5_test_0000248,test,5,2,2,0.9162767792195469
tut_top5_test_0000249,test,5,1,1,0.9784188316298228
tut_top5_test_0000250,test,5,1,4,0.5957405564603632
tut_top5_test_0000251,test,5,1,1,0.8505169733245406
tut_top5_test_0000252,test,5,4,4,0.9126538932612596
tut_top5_test_0000253,test,5,4,4,0.6318878166287191
tut_top5_test_0000254,test,5,0,0,0.9135862881279242
tut_top5_test_0000255,test,5,2,2,0.9538872781418228
tut_top5_test_0000256,test,5,0,0,0.9175608357372164
tut_top5_test_0000257,test,5,4,4,0.9211021894786573
tut_top5_test_0000258,test,5,0,0,0.9119827168875421
tut_top5_test_0000259,test,5,4,4,0.8816095584535075
tut_top5_test_0000260,test,5,1,1,0.9747929791550739
tut_top5_test_0000261,test,5,3,3,1.0
tut_top5_test_0000262,test,5,0,0,0.9241581862960551
tut_top5_test_0000263,test,5,2,4,0.5037395715172013
tut_top5_test_0000264,test,5,3,3,0.7597669069205552
tut_top5_test_0000265,test,5,4,4,0.6377202301542089
tut_top5_test_0000266,test,5,1,1,0.9772247240577032
tut_top5_test_0000267,test,5,0,0,0.5016359965655642
tut_top5_test_0000268,test,5,1,1,0.6951193851024545
tut_top5_test_0000269,test,5,0,0,0.859846692829659
tut_top5_test_0000270,test,5,0,4,0.48351045405972476
tut_top5_test_0000271,test,5,4,4,1.0
tut_top5_test_0000272,test,5,0,0,0.9762689144948058
tut_top5_test_0000273,test,5,3,3,0.9997549694941941
tut_top5_test_0000274,test,5,0,0,0.9563882796333035
tut_top5_test_0000275,test,5,1,1,0.9857874636744309
tut_top5_test_0000276,test,5,2,2,0.7138322665032293
tut_top5_test_0000277,test,5,3,0,0.6683991718214883
tut_top5_test_0000278,test,5,0,0,0.7967425425765872
tut_top5_test_0000279,test,5,1,1,0.9755968052578811
tut_top5_test_0000280,test,5,1,1,0.9797921962486992
tut_top5_test_0000281,test,5,4,2,0.8260924008780972
tut_top5_test_0000282,test,5,4,4,0.9546751570771896
tut_top5_test_0000283,test,5,1,1,0.7894768969870305
tut_top5_test_0000284,test,5,0,0,0.6919123235142446
tut_top5_test_0000285,test,5,4,4,0.7831209872614484
tut_top5_test_0000286,test,5,0,0,0.9651794707440787
tut_top5_test_0000287,test,5,0,0,0.5905198696147945
tut_top5_test_0000288,test,5,4,4,0.8107995660024555
tut_top5_test_0000289,test,5,2,2,0.9213746264962102
tut_top5_test_0000290,test,5,3,3,0.5824830747458789
tut_top5_test_0000291,test,5,2,2,0.9812039447849509
tut_top5_test_0000292,test,5,0,0,0.9507676714162406
tut_top5_test_0000293,test,5,1,1,0.94926262087762
tut_top5_test_0000294,test,5,1,1,0.9499858882903311
tut_top5_test_0000295,test,5,1,1,0.9098071366878324
tut_top5_test_0000296,test,5,4,4,0.8193911294749114
tut_top5_test_0000297,test,5,0,0,0.9862112626822227
tut_top5_test_0000298,test,5,0,0,0.606231252787072
tut_top5_test_0000299,test,5,1,1,0.9206729460287342
tut_top5_test_0000300,test,5,4,4,0.8639999564566349
tut_top5_test_0000301,test,5,4,4,0.9107586447023891
tut_top5_test_0000302,test,5,3,3,0.9895089610925198
tut_top5_test_0000303,test,5,0,0,0.7501357719231225
tut_top5_test_0000304,test,5,2,2,0.9938979970869523
tut_top5_test_0000305,test,5,1,1,0.9550950100349433
tut_top5_test_0000306,test,5,2,2,0.9022462760002334
tut_top5_test_0000307,test,5,3,3,0.9940793411531083
tut_top5_test_0000308,test,5,0,0,0.7621751656292491
tut_top5_test_0000309,test,5,4,4,0.8264654364472929
tut_top5_test_0000310,test,5,4,4,0.6217011374749641
tut_top5_test_0000311,test,5,0,0,0.999439381933439
tut_top5_test_0000312,test,5,4,4,0.6767558743781688
tut_top5_test_0000313,test,5,4,4,0.8772147732358958
tut_top5_test_0000314,test,5,1,1,0.9841948180007871
tut_top5_test_0000315,test,5,1,1,0.8798310103791106
tut_top5_test_0000316,test,5,1,1,0.7637613623059615
tut_top5_test_0000317,test,5,0,0,0.9283031807489378
tut_top5_test_0000318,test,5,2,2,0.961396504833757
tut_top5_test_0000319,test,5,0,0,0.9138122909835731
tut_top5_test_0000320,test,5,2,2,0.44599080091460797
tut_top5_test_0000321,test,5,4,4,0.9665116345358359
tut_top5_test_0000322,test,5,1,1,0.9778899775390276
tut_top5_test_0000323,test,5,0,0,0.9366534046765317
tut_top5_test_0000324,test,5,0,0,0.6807813314553764
tut_top5_test_0000325,test,5,3,0,0.6395961117448767
tut_top5_test_0000326,test,5,0,0,0.7086159483935854
tut_top5_test_0000327,test,5,0,0,0.5931058619386573
tut_top5_test_0000328,test,5,2,2,0.664525647187462
tut_top5_test_0000329,test,5,0,0,0.775814166545601
tut_top5_test_0000330,test,5,1,1,0.9018941750882452
tut_top5_test_0000331,test,5,2,2,0.9515269395178096
tut_top5_test_0000332,test,5,0,0,0.3343661955472863
tut_top5_test_0000333,test,5,4,4,0.8552645727470282
tut_top5_test_0000334,test,5,0,0,0.9464086064946043
tut_top5_test_0000335,test,5,4,4,0.7788798841946898
tut_top5_test_0000336,test,5,0,0,0.9928775315707307
tut_top5_test_0000337,test,5,4,4,0.8080957035969777
tut_top5_test_0000338,test,5,4,4,0.5339032754916565
tut_top5_test_0000339,test,5,4,4,0.6813614569491583
tut_top5_test_0000340,test,5,4,4,0.5580007896436485
tut_top5_test_0000341,test,5,2,2,0.9202135967886467
tut_top5_test_0000342,test,5,3,0,0.7814860455132342
tut_top5_test_0000343,test,5,3,3,0.8239594829406678
tut_top5_test_0000344,test,5,4,4,0.7921808264939054
tut_top5_test_0000345,test,5,0,0,0.9390408476790156
tut_top5_test_0000346,test,5,0,0,0.7292818113811079
tut_top5_test_0000347,test,5,4,4,0.8749421866804223
tut_top5_test_0000348,test,5,0,0,0.813618850295609
tut_top5_test_0000349,test,5,1,4,0.6466470601739646
tut_top5_test_0000350,test,5,4,4,0.8637153266617871
tut_top5_test_0000351,test,5,4,4,0.76424110906725
tut_top5_test_0000352,test,5,0,0,0.85483536159862
tut_top5_test_0000353,test,5,2,2,0.928820631468372
tut_top5_test_0000354,test,5,0,0,0.9354979771491795
tut_top5_test_0000355,test,5,4,0,0.8036254307811089
tut_top5_test_0000356,test,5,2,2,0.9223813626632507
tut_top5_test_0000357,test,5,0,0,0.5919881617150153
tut_top5_test_0000358,test,5,1,1,0.9303404796823495
tut_top5_test_0000359,test,5,0,0,0.7138456894024573
tut_top5_test_0000360,test,5,4,2,0.5892414032073916
tut_top5_test_0000361,test,5,4,4,0.7311393063236838
tut_top5_test_0000362,test,5,2,2,0.9675677039034959
tut_top5_test_0000363,test,5,0,0,0.6153965973869916
tut_top5_test_0000364,test,5,0,0,0.9728953550568861
tut_top5_test_0000365,test,5,3,3,0.9203974629378062
tut_top5_test_0000366,test,5,2,2,0.8847709241133858
tut_top5_test_0000367,test,5,2,2,0.9369156153050899
tut_top5_test_0000368,test,5,1,1,0.6469734495043903
tut_top5_test_0000369,test,5,1,1,0.7189417461058121
tut_top5_test_0000370,test,5,1,1,0.912070865588173
tut_top5_test_0000371,test,5,2,2,0.9331431097864555
tut_top5_test_0000372,test,5,0,0,0.9420529931145843
tut_top5_test_0000373,test,5,1,0,0.6048379300340002
tut_top5_test_0000374,test,5,4,4,0.6807214726655012
tut_top5_test_0000375,test,5,3,3,0.8987037748978801
tut_top5_test_0000376,test,5,4,4,0.9482579411197741
tut_top5_test_0000377,test,5,1,1,0.9763414513636828
tut_top5_test_0000378,test,5,2,2,0.9676784704837023
tut_top5_test_0000379,test,5,4,2,0.835153400715308
tut_top5_test_0000380,test,5,0,0,0.8947058522184267
tut_top5_test_0000381,test,5,3,3,0.9997549694941941
tut_top5_test_0000382,test,5,2,2,0.9657378874649055
tut_top5_test_0000383,test,5,0,0,0.6260895766558661
tut_top5_test_0000384,test,5,0,0,0.6332501457349682
tut_top5_test_0000385,test,5,0,0,0.7651781238405384
tut_top5_test_0000386,test,5,4,4,0.46300742112296606
tut_top5_test_0000387,test,5,3,3,0.9807063426087208
tut_top5_test_0000388,test,5,1,1,0.9395855485372063
tut_top5_test_0000389,test,5,2,2,0.8415732593191325
tut_top5_test_0000390,test,5,4,4,0.6434189640445499
tut_top5_test_0000391,test,5,3,3,0.9629982220500274
tut_top5_test_0000392,test,5,1,1,0.9787962413843971
tut_top5_test_0000393,test,5,3,3,0.9818814479835056
tut_top5_test_0000394,test,5,3,3,0.9196057848295558
tut_top5_test_0000395,test,5,3,3,0.9950060935064897
tut_top5_test_0000396,test,5,4,4,0.6882776944915292
tut_top5_test_0000397,test,5,2,2,0.9602661568053521
tut_top5_test_0000398,test,5,0,0,0.5539321801832913
tut_top5_test_0000399,test,5,4,4,0.8715111121418379
tut_top5_train_0000000,train,6,5,5,1.0
tut_top5_train_0000001,train,6,3,3,1.0
tut_top5_train_0000002,train,6,2,2,1.0
tut_top5_train_0000003,train,6,2,2,1.0
tut_top5_train_0000004,train,6,5,5,1.0
tut_top5_train_0000005,train,6,1,1,1.0
tut_top5_train_0000006,train,6,5,5,1.0
tut_top5_train_0000007,train,6,5,5,1.0
tut_top5_train_0000008,train,6,5,5,1.0
tut_top5_train_0000009,train,6,1,1,1.0
tut_top5_train_0000010,train,6,4,4,1.0
tut_top5_train_0000011,train,6,5,5,1.0
tut_top5_train_0000012,train,6,1,1,1.0
tut_top5_train_0000013,train,6,3,3,1.0
tut_top5_train_0000014,train,6,1,1,1.0
tut_top5_train_0000015,train,6,5,5,1.0
tut_top5_train_0000016,train,6,3,3,1.0
tut_top5_train_0000017,train,6,1,1,1.0
tut_top5_train_0000018,train,6,1,1,1.0
tut_top5_train_0000019,train,6,1,1,1.0
tut_top5_train_0000020,train,6,0,0,1.0
tut_top5_train_0000021,train,6,0,0,1.0
tut_top5_train_0000022,train,6,5,5,1.0
tut_top5_train_0000023,train,6,5,5,1.0
tut_top5_train_0000024,train,6,0,0,1.0
tut_top5_train_0000025,train,6,2,2,1.0
tut_top5_train_0000026,train,6,4,4,1.0
tut_top5_train_0000027,train,6,4,4,1.0
tut_top5_train_0000028,train,6,3,3,1.0
tut_top5_train_0000029,train,6,1,1,1.0
tut_top5_train_0000030,train,6,3,3,1.0
tut_top5_train_0000031,train,6,1,1,1.0
tut_top5_train_0000032,train,6,1,1,1.0
tut_top5_train_0000033,train,6,3,3,1.0
tut_top5_train_0000034,train,6,3,3,1.0
tut_top5_train_0000035,train,6,1,1,1.0
tut_top5_train_0000036,train,6,2,2,1.0
tut_top5_train_0000037,train,6,5,5,1.0
tut_top5_train_0000038,train,6,5,5,1.0
tut_top5_train_0000039,train,6,3,3,1.0
tut_top5_train_0000040,train,6,2,2,1.0
tut_top5_train_0000041,train,6,1,1,1.0
tut_top5_train_0000042,train,6,5,5,1.0
tut_top5_train_0000043,train,6,3,3,1.0
tut_top5_train_0000044,train,6,5,5,1.0
tut_top5_train_0000045,train,6,0,0,1.0
tut_top5_train_0000046,train,6,5,5,1.0
tut_top5_train_0000047,train,6,2,2,1.0
tut_top5_train_0000048,train,6,1,1,1.0
tut_top5_train_0000049,train,6,5,5,1.0
tut_top5_train_0000050,train,6,4,4,1.0
tut_top5_train_0000051,train,6,5,5,1.0
tut_top5_train_0000052,train,6,5,5,1.0
tut_top5_train_0000053,train,6,1,1,1.0
tut_top5_train_0000054,train,6,1,1,1.0
tut_top5_train_0000055,train,6,5,5,1.0
tut_top5_train_0000056,train,6,1,1,1.0
tut_top5_train_0000057,train,6,5,5,1.0
tut_top5_train_0000058,train,6,3,3,1.0
tut_top5_train_0000059,train,6,1,1,1.0
tut_top5_train_0000060,train,6,0,0,1.0
tut_top5_train_0000061,train,6,4,4,1.0
tut_top5_train_0000062,train,6,0,0,1.0
tut_top5_train_0000063,train,6,3,3,1.0
tut_top5_train_0000064,train,6,1,1,1.0
tut_top5_train_0000065,train,6,0,0,1.0
tut_top5_train_0000066,train,6,4,4,1.0
tut_top5_train_0000067,train,6,3,3,1.0
tut_top5_train_0000068,train,6,3,3,1.0
tut_top5_train_0000069,train,6,4,4,1.0
tut_top5_train_0000070,train,6,0,0,1.0
tut_top5_train_0000071,train,6,5,5,1.0
tut_top5_train_0000072,train,6,3,3,1.0
tut_top5_train_0000073,train,6,3,3,1.0
tut_top5_train_0000074,train,6,3,3,1.0
tut_top5_train_0000075,train,6,0,0,1.0
tut_top5_train_0000076,train,6,5,5,1.0
tut_top5_train_0000077,train,6,0,0,1.0
tut_top5_train_0000078,train,6,4,4,1.0
tut_top5_train_0000079,train,6,1,1,1.0
tut_top5_train_0000080,train,6,1,1,1.0
tut_top5_train_0000081,train,6,3,3,1.0
tut_top5_train_0000082,train,6,3,3,1.0
tut_top5_train_0000083,train,6,5,5,1.0
tut_top5_train_0000084,train,6,3,3,1.0
tut_top5_train_0000085,train,6,2,2,1.0
tut_top5_train_0000086,train,6,3,3,1.0
tut_top5_train_0000087,train,6,1,1,1.0
tut_top5_train_0000088,train,6,3,3,1.0
tut_top5_train_0000089,train,6,2,2,1.0
tut_top5_train_0000090,train,6,5,5,1.0
tut_top5_train_0000091,train,6,5,5,1.0
tut_top5_train_0000092,train,6,5,5,1.0
tut_top5_train_0000093,train,6,4,4,1.0
tut_top5_train_0000094,train,6,3,3,1.0
tut_top5_train_0000095,train,6,0,0,1.0
tut_top5_train_0000096,train,6,3,3,1.0
tut_top5_train_0000097,train,6,5,5,1.0
tut_top5_train_0000098,train,6,0,0,1.0
tut_top5_train_0000099,train,6,4,4,1.0
tut_top5_train_0000100,train,6,2,2,1.0
tut_top5_train_0000101,train,6,1,1,1.0
tut_top5_train_0000102,train,6,5,5,1.0
tut_top5_train_0000103,train,6,0,0,1.0
tut_top5_train_0000104,train,6,4,4,1.0
tut_top5_train_0000105,train,6,1,1,1.0
tut_top5_train_0000106,train,6,3,3,1.0
tut_top5_train_0000107,train,6,5,5,1.0
tut_top5_train_0000108,train,6,2,2,1.0
tut_top5_train_0000109,train,6,3,3,1.0
tut_top5_train_0000110,train,6,1,1,1.0
tut_top5_train_0000111,train,6,4,4,1.0
tut_top5_train_0000112,train,6,1,1,1.0
tut_top5_train_0000113,train,6,2,2,1.0
tut_top5_train_0000114,train,6,3,3,1.0
tut_top5_train_0000115,train,6,2,2,1.0
tut_top5_train_0000116,train,6,0,0,1.0
tut_top5_train_0000117,train,6,2,2,1.0
tut_top5_train_0000118,train,6,5,5,1.0
tut_top5_train_0000119,train,6,0,0,1.0
tut_top5_train_0000120,train,6,4,4,1.0
tut_top5_train_0000121,train,6,2,2,1.0
tut_top5_train_0000122,train,6,5,5,1.0
tut_top5_train_0000123,train,6,3,3,1.0
tut_top5_train_0000124,train,6,2,2,1.0
tut_top5_train_0000125,train,6,3,3,1.0
tut_top5_train_0000126,train,6,5,5,1.0
tut_top5_train_0000127,train,6,4,4,1.0
tut_top5_train_0000128,train,6,4,4,1.0
tut_top5_train_0000129,train,6,4,4,1.0
tut_top5_train_0000130,train,6,5,5,1.0
tut_top5_train_0000131,train,6,5,5,1.0
tut_top5_train_0000132,train,6,3,3,1.0
tut_top5_train_0000133,train,6,4,4,1.0
tut_top5_train_0000134,train,6,2,2,1.0
tut_top5_train_0000135,train,6,2,2,1.0
tut_top5_train_0000136,train,6,3,3,1.0
tut_top5_train_0000137,train,6,3,3,1.0
tut_top5_train_0000138,train,6,3,3,1.0
tut_top5_train_0000139,train,6,0,0,1.0
tut_top5_train_0000140,train,6,3,3,1.0
tut_top5_train_0000141,train,6,4,4,1.0
tut_top5_train_0000142,train,6,4,4,1.0
tut_top5_train_0000143,train,6,0,0,1.0
tut_top5_train_0000144,train,6,1,1,1.0
tut_top5_train_0000145,train,6,5,5,1.0
tut_top5_train_0000146,train,6,3,3,1.0
tut_top5_train_0000147,train,6,2,2,1.0
tut_top5_train_0000148,train,6,3,3,1.0
tut_top5_train_0000149,train,6,2,2,1.0
tut_top5_train_0000150,train,6,1,1,1.0
tut_top5_train_0000151,train,6,5,5,1.0
tut_top5_train_0000152,train,6,4,4,1.0
tut_top5_train_0000153,train,6,5,5,1.0
tut_top5_train_0000154,train,6,5,5,1.0
tut_top5_train_0000155,train,6,1,1,1.0
tut_top5_train_0000156,train,6,4,4,1.0
tut_top5_train_0000157,train,6,3,3,1.0
tut_top5_train_0000158,train,6,2,2,1.0
tut_top5_train_0000159,train,6,3,3,1.0
tut_top5_train_0000160,train,6,1,1,1.0
tut_top5_train_0000161,train,6,4,4,1.0
tut_top5_train_0000162,train,6,5,5,1.0
tut_top5_train_0000163,train,6,1,1,1.0
tut_top5_train_0000164,train,6,1,1,1.0
tut_top5_train_0000165,train,6,1,1,1.0
tut_top5_train_0000166,train,6,5,5,1.0
tut_top5_train_0000167,train,6,1,1,1.0
tut_top5_train_0000168,train,6,1,1,1.0
tut_top5_train_0000169,train,6,4,4,1.0
tut_top5_train_0000170,train,6,5,5,1.0
tut_top5_train_0000171,train,6,3,3,1.0
tut_top5_train_0000172,train,6,4,4,1.0
tut_top5_train_0000173,train,6,4,4,1.0
tut_top5_train_0000174,train,6,3,3,1.0
tut_top5_train_0000175,train,6,1,1,1.0
tut_top5_train_0000176,train,6,3,3,1.0
tut_top5_train_0000177,train,6,2,2,1.0
tut_top5_train_0000178,train,6,5,5,1.0
tut_top5_train_0000179,train,6,4,4,1.0
tut_top5_train_0000180,train,6,1,1,1.0
tut_top5_train_0000181,train,6,3,3,1.0
tut_top5_train_0000182,train,6,3,3,1.0
tut_top5_train_0000183,train,6,3,3,1.0
tut_top5_train_0000184,train,6,4,4,1.0
tut_top5_train_0000185,train,6,4,4,1.0
tut_top5_train_0000186,train,6,5,5,1.0
tut_top5_train_0000187,train,6,2,2,1.0
tut_top5_train_0000188,train,6,0,0,1.0
tut_top5_train_0000189,train,6,2,2,1.0
tut_top5_train_0000190,train,6,5,5,1.0
tut_top5_train_0000191,train,6,4,4,1.0
tut_top5_train_0000192,train,6,0,0,1.0
tut_top5_train_0000193,train,6,2,2,1.0
tut_top5_train_0000194,train,6,5,5,1.0
tut_top5_train_0000195,train,6,3,3,1.0
tut_top5_train_0000196,train,6,3,3,1.0
tut_top5_train_0000197,train,6,4,4,1.0
tut_top5_train_0000198,train,6,2,2,1.0
tut_top5_train_0000199,train,6,2,2,1.0
tut_top5_train_0000200,train,6,1,1,1.0
tut_top5_train_0000201,train,6,0,0,1.0
tut_top5_train_0000202,train,6,5,5,1.0
tut_top5_train_0000203,train,6,2,2,1.0
tut_top5_train_0000204,train,6,1,1,1.0
tut_top5_train_0000205,train,6,5,5,1.0
tut_top5_train_0000206,train,6,4,4,1.0
tut_top5_train_0000207,train,6,3,3,1.0
tut_top5_train_0000208,train,6,4,4,1.0
tut_top5_train_0000209,train,6,4,4,1.0
tut_top5_train_0000210,train,6,0,0,1.0
tut_top5_train_0000211,train,6,2,2,1.0
tut_top5_train_0000212,train,6,1,1,1.0
tut_top5_train_0000213,train,6,3,3,1.0
tut_top5_train_0000214,train,6,3,3,1.0
tut_top5_train_0000215,train,6,1,1,1.0
tut_top5_train_0000216,train,6,0,0,1.0
tut_top5_train_0000217,train,6,1,1,1.0
tut_top5_train_0000218,train,6,4,4,1.0
tut_top5_train_0000219,train,6,2,2,1.0
tut_top5_train_0000220,train,6,5,5,1.0
tut_top5_train_0000221,train,6,2,2,1.0
tut_top5_train_0000222,train,6,0,0,1.0
tut_top5_train_0000223,train,6,5,5,1.0
tut_top5_train_0000224,train,6,3,3,1.0
tut_top5_train_0000225,train,6,4,4,1.0
tut_top5_train_0000226,train,6,5,5,1.0
tut_top5_train_0000227,train,6,1,1,1.0
tut_top5_train_0000228,train,6,4,4,1.0
tut_top5_train_0000229,train,6,4,4,1.0
tut_top5_train_0000230,train,6,3,3,1.0
tut_top5_train_0000231,train,6,1,1,1.0
tut_top5_train_0000232,train,6,3,3,1.0
tut_top5_train_0000233,train,6,1,1,1.0
tut_top5_train_0000234,train,6,1,1,1.0
tut_top5_train_0000235,train,6,5,5,1.0
tut_top5_train_0000236,train,6,4,4,1.0
tut_top5_train_0000237,train,6,1,1,1.0
tut_top5_train_0000238,train,6,3,3,1.0
tut_top5_train_0000239,train,6,5,5,1.0
tut_top5_train_0000240,train,6,2,2,1.0
tut_top5_train_0000241,train,6,5,5,1.0
tut_top5_train_0000242,train,6,0,0,1.0
tut_top5_train_0000243,train,6,1,1,1.0
tut_top5_train_0000244,train,6,2,2,1.0
tut_top5_train_0000245,train,6,5,5,1.0
tut_top5_train_0000246,train,6,3,3,1.0
tut_top5_train_0000247,train,6,3,3,1.0
tut_top5_train_0000248,train,6,1,1,1.0
tut_top5_train_0000249,train,6,1,1,1.0
tut_top5_train_0000250,train,6,3,3,1.0
tut_top5_train_0000251,train,6,5,5,1.0
tut_top5_train_0000252,train,6,3,3,1.0
tut_top5_train_0000253,train,6,2,2,1.0
tut_top5_train_0000254,train,6,0,0,1.0
tut_top5_train_0000255,train,6,0,0,1.0
tut_top5_train_0000256,train,6,3,3,1.0
tut_top5_train_0000257,train,6,5,5,1.0
tut_top5_train_0000258,train,6,5,5,1.0
tut_top5_train_0000259,train,6,5,5,1.0
tut_top5_train_0000260,train,6,5,5,1.0
tut_top5_train_0000261,train,6,2,2,1.0
tut_top5_train_0000262,train,6,1,1,1.0
tut_top5_train_0000263,train,6,2,2,1.0
tut_top5_train_0000264,train,6,5,5,1.0
tut_top5_train_0000265,train,6,1,1,1.0
tut_top5_train_0000266,train,6,1,1,1.0
tut_top5_train_0000267,train,6,3,3,1.0
tut_top5_train_0000268,train,6,1,1,1.0
tut_top5_train_0000269,train,6,4,4,1.0
tut_top5_train_0000270,train,6,1,1,1.0
tut_top5_train_0000271,train,6,0,0,1.0
tut_top5_train_0000272,train,6,0,0,1.0
tut_top5_train_0000273,train,6,5,5,1.0
tut_top5_train_0000274,train,6,0,0,1.0
tut_top5_train_0000275,train,6,5,5,1.0
tut_top5_train_0000276,train,6,3,3,1.0
tut_top5_train_0000277,train,6,0,0,1.0
tut_top5_train_0000278,train,6,2,2,1.0
tut_top5_train_0000279,train,6,1,1,1.0
tut_top5_train_0000280,train,6,2,2,1.0
tut_top5_train_0000281,train,6,4,4,1.0
tut_top5_train_0000282,train,6,0,0,1.0
tut_top5_train_0000283,train,6,0,0,1.0
tut_top5_train_0000284,train,6,3,3,1.0
tut_top5_train_0000285,train,6,1,1,1.0
tut_top5_train_0000286,train,6,2,2,1.0
tut_top5_train_0000287,train,6,5,5,1.0
tut_top5_train_0000288,train,6,3,3,1.0
tut_top5_train_0000289,train,6,2,2,1.0
tut_top5_train_0000290,train,6,3,3,1.0
tut_top5_train_0000291,train,6,4,4,1.0
tut_top5_train_0000292,train,6,0,0,1.0
tut_top5_train_0000293,train,6,2,2,1.0
tut_top5_train_0000294,train,6,5,5,1.0
tut_top5_train_0000295,train,6,5,5,1.0
tut_top5_train_0000296,train,6,5,5,1.0
tut_top5_train_0000297,train,6,3,3,1.0
tut_top5_train_0000298,train,6,2,2,1.0
tut_top5_train_0000299,train,6,4,4,1.0
tut_top5_train_0000300,train,6,0,0,1.0
tut_top5_train_0000301,train,6,0,0,1.0
tut_top5_train_0000302,train,6,4,4,1.0
tut_top5_train_0000303,train,6,3,3,1.0
tut_top5_train_0000304,train,6,3,3,1.0
tut_top5_train_0000305,train,6,3,3,1.0
tut_top5_train_0000306,train,6,4,4,1.0
tut_top5_train_0000307,train,6,3,3,1.0
tut_top5_train_0000308,train,6,5,5,1.0
tut_top5_train_0000309,train,6,1,1,1.0
tut_top5_train_0000310,train,6,1,1,1.0
tut_top5_train_0000311,train,6,5,5,1.0
tut_top5_train_0000312,train,6,2,2,1.0
tut_top5_train_0000313,train,6,5,5,1.0
tut_top5_train_0000314,train,6,5,5,1.0
tut_top5_train_0000315,train,6,0,0,1.0
tut_top5_train_0000316,train,6,2,2,1.0
tut_top5_train_0000317,train,6,0,0,1.0
tut_top5_train_0000318,train,6,4,4,1.0
tut_top5_train_0000319,train,6,5,5,1.0
tut_top5_train_0000320,train,6,0,0,1.0
tut_top5_train_0000321,train,6,2,2,1.0
tut_top5_train_0000322,train,6,5,5,1.0
tut_top5_train_0000323,train,6,5,5,1.0
tut_top5_train_0000324,train,6,5,5,1.0
tut_top5_train_0000325,train,6,4,4,1.0
tut_top5_train_0000326,train,6,4,4,1.0
tut_top5_train_0000327,train,6,0,0,1.0
tut_top5_train_0000328,train,6,3,3,1.0
tut_top5_train_0000329,train,6,4,4,1.0
tut_top5_train_0000330,train,6,4,4,1.0
tut_top5_train_0000331,train,6,0,0,1.0
tut_top5_train_0000332,train,6,1,1,1.0
tut_top5_train_0000333,train,6,5,5,1.0
tut_top5_train_0000334,train,6,0,0,1.0
tut_top5_train_0000335,train,6,4,4,1.0
tut_top5_train_0000336,train,6,2,2,1.0
tut_top5_train_0000337,train,6,0,0,1.0
tut_top5_train_0000338,train,6,2,2,1.0
tut_top5_train_0000339,train,6,5,5,1.0
tut_top5_train_0000340,train,6,0,0,1.0
tut_top5_train_0000341,train,6,4,4,1.0
tut_top5_train_0000342,train,6,5,5,1.0
tut_top5_train_0000343,train,6,5,5,1.0
tut_top5_train_0000344,train,6,5,5,1.0
tut_top5_train_0000345,train,6,4,4,1.0
tut_top5_train_0000346,train,6,5,5,1.0
tut_top5_train_0000347,train,6,3,3,1.0
tut_top5_train_0000348,train,6,1,1,1.0
tut_top5_train_0000349,train,6,1,1,1.0
tut_top5_train_0000350,train,6,5,5,1.0
tut_top5_train_0000351,train,6,0,0,1.0
tut_top5_train_0000352,train,6,2,2,1.0
tut_top5_train_0000353,train,6,0,0,1.0
tut_top5_train_0000354,train,6,0,0,1.0
tut_top5_train_0000355,train,6,3,3,1.0
tut_top5_train_0000356,train,6,1,1,1.0
tut_top5_train_0000357,train,6,4,4,1.0
tut_top5_train_0000358,train,6,4,4,1.0
tut_top5_train_0000359,train,6,0,0,1.0
tut_top5_train_0000360,train,6,0,0,1.0
tut_top5_train_0000361,train,6,3,3,1.0
tut_top5_train_0000362,train,6,2,2,1.0
tut_top5_train_0000363,train,6,2,2,1.0
tut_top5_train_0000364,train,6,1,1,1.0
tut_top5_train_0000365,train,6,1,1,1.0
tut_top5_train_0000366,train,6,4,4,1.0
tut_top5_train_0000367,train,6,5,5,1.0
tut_top5_train_0000368,train,6,2,2,1.0
tut_top5_train_0000369,train,6,2,2,1.0
tut_top5_train_0000370,train,6,5,5,1.0
tut_top5_train_0000371,train,6,0,0,1.0
tut_top5_train_0000372,train,6,1,1,1.0
tut_top5_train_0000373,train,6,1,1,1.0
tut_top5_train_0000374,train,6,1,1,1.0
tut_top5_train_0000375,train,6,1,1,1.0
tut_top5_train_0000376,train,6,3,3,1.0
tut_top5_train_0000377,train,6,5,5,1.0
tut_top5_train_0000378,train,6,0,0,1.0
tut_top5_train_0000379,train,6,4,4,1.0
tut_top5_train_0000380,train,6,3,3,1.0
tut_top5_train_0000381,train,6,2,2,1.0
tut_top5_train_0000382,train,6,1,1,1.0
tut_top5_train_0000383,train,6,5,5,1.0
tut_top5_train_0000384,train,6,1,1,1.0
tut_top5_train_0000385,train,6,1,1,1.0
tut_top5_train_0000386,train,6,5,5,1.0
tut_top5_train_0000387,train,6,3,3,1.0
tut_top5_train_0000388,train,6,5,5,1.0
tut_top5_train_0000389,train,6,4,4,1.0
tut_top5_train_0000390,train,6,2,2,1.0
tut_top5_train_0000391,train,6,5,5,1.0
tut_top5_train_0000392,train,6,4,4,1.0
tut_top5_train_0000393,train,6,4,4,1.0
tut_top5_train_0000394,train,6,2,2,1.0
tut_top5_train_0000395,train,6,5,5,1.0
tut_top5_train_0000396,train,6,3,3,1.0
tut_top5_train_0000397,train,6,3,3,1.0
tut_top5_train_0000398,train,6,2,2,1.0
tut_top5_train_0000399,train,6,4,4,1.0
tut_top5_train_0000400,train,6,5,5,1.0
tut_top5_train_0000401,train,6,0,0,1.0
tut_top5_train_0000402,train,6,2,2,1.0
tut_top5_train_0000403,train,6,5,5,1.0
tut_top5_train_0000404,train,6,3,3,1.0
tut_top5_train_0000405,train,6,1,1,1.0
tut_top5_train_0000406,train,6,5,5,1.0
tut_top5_train_0000407,train,6,2,2,1.0
tut_top5_train_0000408,train,6,1,1,1.0
tut_top5_train_0000409,train,6,5,5,1.0
tut_top5_train_0000410,train,6,5,5,1.0
tut_top5_train_0000411,train,6,3,3,1.0
tut_top5_train_0000412,train,6,2,2,1.0
tut_top5_train_0000413,train,6,4,4,1.0
tut_top5_train_0000414,train,6,5,5,1.0
tut_top5_train_0000415,train,6,1,1,1.0
tut_top5_train_0000416,train,6,4,4,1.0
tut_top5_train_0000417,train,6,1,1,1.0
tut_top5_train_0000418,train,6,4,4,1.0
tut_top5_train_0000419,train,6,5,5,1.0
tut_top5_train_0000420,train,6,5,5,1.0
tut_top5_train_0000421,train,6,5,5,1.0
tut_top5_train_0000422,train,6,3,3,1.0
tut_top5_train_0000423,train,6,3,3,1.0
tut_top5_train_0000424,train,6,3,3,1.0
tut_top5_train_0000425,train,6,5,5,1.0
tut_top5_train_0000426,train,6,4,4,1.0
tut_top5_train_0000427,train,6,2,2,1.0
tut_top5_train_0000428,train,6,4,4,1.0
tut_top5_train_0000429,train,6,2,2,1.0
tut_top5_train_0000430,train,6,0,0,1.0
tut_top5_train_0000431,train,6,5,5,1.0
tut_top5_train_0000432,train,6,2,2,1.0
tut_top5_train_0000433,train,6,0,0,1.0
tut_top5_train_0000434,train,6,4,4,1.0
tut_top5_train_0000435,train,6,2,2,1.0
tut_top5_train_0000436,train,6,5,5,1.0
tut_top5_train_0000437,train,6,4,4,1.0
tut_top5_train_0000438,train,6,2,2,1.0
tut_top5_train_0000439,train,6,2,2,1.0
tut_top5_train_0000440,train,6,2,2,1.0
tut_top5_train_0000441,train,6,3,3,1.0
tut_top5_train_0000442,train,6,2,2,1.0
tut_top5_train_0000443,train,6,4,4,1.0
tut_top5_train_0000444,train,6,3,3,1.0
tut_top5_train_0000445,train,6,1,1,1.0
tut_top5_train_0000446,train,6,0,0,1.0
tut_top5_train_0000447,train,6,4,4,1.0
tut_top5_train_0000448,train,6,0,0,1.0
tut_top5_train_0000449,train,6,0,0,1.0
tut_top5_train_0000450,train,6,1,1,1.0
tut_top5_train_0000451,train,6,5,5,1.0
tut_top5_train_0000452,train,6,3,3,1.0
tut_top5_train_0000453,train,6,4,4,1.0
tut_top5_train_0000454,train,6,2,2,1.0
tut_top5_train_0000455,train,6,4,4,1.0
tut_top5_train_0000456,train,6,1,1,1.0
tut_top5_train_0000457,train,6,0,0,1.0
tut_top5_train_0000458,train,6,2,2,1.0
tut_top5_train_0000459,train,6,3,3,1.0
tut_top5_train_0000460,train,6,2,2,1.0
tut_top5_train_0000461,train,6,3,3,1.0
tut_top5_train_0000462,train,6,3,3,1.0
tut_top5_train_0000463,train,6,1,1,1.0
tut_top5_train_0000464,train,6,2,2,1.0
tut_top5_train_0000465,train,6,1,1,1.0
tut_top5_train_0000466,train,6,1,1,1.0
tut_top5_train_0000467,train,6,3,3,1.0
tut_top5_train_0000468,train,6,4,4,1.0
tut_top5_train_0000469,train,6,5,5,1.0
tut_top5_train_0000470,train,6,3,3,1.0
tut_top5_train_0000471,train,6,5,5,1.0
tut_top5_train_0000472,train,6,5,5,1.0
tut_top5_train_0000473,train,6,4,4,1.0
tut_top5_train_0000474,train,6,0,0,1.0
tut_top5_train_0000475,train,6,1,1,1.0
tut_top5_train_0000476,train,6,5,5,1.0
tut_top5_train_0000477,train,6,3,3,1.0
tut_top5_train_0000478,train,6,5,5,1.0
tut_top5_train_0000479,train,6,4,4,1.0
tut_top5_train_0000480,train,6,0,0,1.0
tut_top5_train_0000481,train,6,1,1,1.0
tut_top5_train_0000482,train,6,4,4,1.0
tut_top5_train_0000483,train,6,4,4,1.0
tut_top5_train_0000484,train,6,0,0,1.0
tut_top5_train_0000485,train,6,2,2,1.0
tut_top5_train_0000486,train,6,1,1,1.0
tut_top5_train_0000487,train,6,2,2,1.0
tut_top5_train_0000488,train,6,0,0,1.0
tut_top5_train_0000489,train,6,3,3,1.0
tut_top5_train_0000490,train,6,2,2,1.0
tut_top5_train_0000491,train,6,3,3,1.0
tut_top5_train_0000492,train,6,1,1,1.0
tut_top5_train_0000493,train,6,3,3,1.0
tut_top5_train_0000494,train,6,5,5,1.0
tut_top5_train_0000495,train,6,1,1,1.0
tut_top5_train_0000496,train,6,3,3,1.0
tut_top5_train_0000497,train,6,4,4,1.0
tut_top5_train_0000498,train,6,1,1,1.0
tut_top5_train_0000499,train,6,2,2,1.0
tut_top5_train_0000500,train,6,4,4,1.0
tut_top5_train_0000501,train,6,5,5,1.0
tut_top5_train_0000502,train,6,4,4,1.0
tut_top5_train_0000503,train,6,3,3,1.0
tut_top5_train_0000504,train,6,4,4,1.0
tut_top5_train_0000505,train,6,5,5,1.0
tut_top5_train_0000506,train,6,2,2,1.0
tut_top5_train_0000507,train,6,4,4,1.0
tut_top5_train_0000508,train,6,5,5,1.0
tut_top5_train_0000509,train,6,4,4,1.0
tut_top5_train_0000510,train,6,4,4,1.0
tut_top5_train_0000511,train,6,5,5,1.0
tut_top5_train_0000512,train,6,3,3,1.0
tut_top5_train_0000513,train,6,3,3,1.0
tut_top5_train_0000514,train,6,1,1,1.0
tut_top5_train_0000515,train,6,4,4,1.0
tut_top5_train_0000516,train,6,4,4,1.0
tut_top5_train_0000517,train,6,3,3,1.0
tut_top5_train_0000518,train,6,2,2,1.0
tut_top5_train_0000519,train,6,3,3,1.0
tut_top5_train_0000520,train,6,2,2,1.0
tut_top5_train_0000521,train,6,1,1,1.0
tut_top5_train_0000522,train,6,4,4,1.0
tut_top5_train_0000523,train,6,0,0,1.0
tut_top5_train_0000524,train,6,2,2,1.0
tut_top5_train_0000525,train,6,2,2,1.0
tut_top5_train_0000526,train,6,1,1,1.0
tut_top5_train_0000527,train,6,4,4,1.0
tut_top5_train_0000528,train,6,2,2,1.0
tut_top5_train_0000529,train,6,5,5,1.0
tut_top5_train_0000530,train,6,5,5,1.0
tut_top5_train_0000531,train,6,2,2,1.0
tut_top5_train_0000532,train,6,2,2,1.0
tut_top5_train_0000533,train,6,4,4,1.0
tut_top5_train_0000534,train,6,1,1,1.0
tut_top5_train_0000535,train,6,4,4,1.0
tut_top5_train_0000536,train,6,5,5,1.0
tut_top5_train_0000537,train,6,2,2,1.0
tut_top5_train_0000538,train,6,5,5,1.0
tut_top5_train_0000539,train,6,4,4,1.0
tut_top5_train_0000540,train,6,4,4,1.0
tut_top5_train_0000541,train,6,3,3,1.0
tut_top5_train_0000542,train,6,2,2,1.0
tut_top5_train_0000543,train,6,4,4,1.0
tut_top5_train_0000544,train,6,2,2,1.0
tut_top5_train_0000545,train,6,3,3,1.0
tut_top5_train_0000546,train,6,0,0,1.0
tut_top5_train_0000547,train,6,4,4,1.0
tut_top5_train_0000548,train,6,2,2,1.0
tut_top5_train_0000549,train,6,5,5,1.0
tut_top5_train_0000550,train,6,4,4,1.0
tut_top5_train_0000551,train,6,5,5,1.0
tut_top5_train_0000552,train,6,2,2,1.0
tut_top5_train_0000553,train,6,3,3,1.0
tut_top5_train_0000554,train,6,3,3,1.0
tut_top5_train_0000555,train,6,5,5,1.0
tut_top5_train_0000556,train,6,5,5,1.0
tut_top5_train_0000557,train,6,2,2,1.0
tut_top5_train_0000558,train,6,1,1,1.0
tut_top5_train_0000559,train,6,0,0,1.0
tut_top5_train_0000560,train,6,2,2,1.0
tut_top5_train_0000561,train,6,5,5,1.0
tut_top5_train_0000562,train,6,2,2,1.0
tut_top5_train_0000563,train,6,0,0,1.0
tut_top5_train_0000564,train,6,5,5,1.0
tut_top5_train_0000565,train,6,3,3,1.0
tut_top5_train_0000566,train,6,4,4,1.0
tut_top5_train_0000567,train,6,1,1,1.0
tut_top5_train_0000568,train,6,5,5,1.0
tut_top5_train_0000569,train,6,1,1,1.0
tut_top5_train_0000570,train,6,5,5,1.0
tut_top5_train_0000571,train,6,4,4,1.0
tut_top5_train_0000572,train,6,2,2,1.0
tut_top5_train_0000573,train,6,2,2,1.0
tut_top5_train_0000574,train,6,2,2,1.0
tut_top5_train_0000575,train,6,0,0,1.0
tut_top5_train_0000576,train,6,5,5,1.0
tut_top5_train_0000577,train,6,3,3,1.0
tut_top5_train_0000578,train,6,0,0,1.0
tut_top5_train_0000579,train,6,4,4,1.0
tut_top5_train_0000580,train,6,3,3,1.0
tut_top5_train_0000581,train,6,3,3,1.0
tut_top5_train_0000582,train,6,2,2,1.0
tut_top5_train_0000583,train,6,4,4,1.0
tut_top5_train_0000584,train,6,5,5,1.0
tut_top5_train_0000585,train,6,0,0,1.0
tut_top5_train_0000586,train,6,2,2,1.0
tut_top5_train_0000587,train,6,3,3,1.0
tut_top5_train_0000588,train,6,2,2,1.0
tut_top5_train_0000589,train,6,3,3,1.0
tut_top5_train_0000590,train,6,5,5,1.0
tut_top5_train_0000591,train,6,0,0,1.0
tut_top5_train_0000592,train,6,5,5,1.0
tut_top5_train_0000593,train,6,0,0,1.0
tut_top5_train_0000594,train,6,3,3,1.0
tut_top5_train_0000595,train,6,3,3,1.0
tut_top5_train_0000596,train,6,1,1,1.0
tut_top5_train_0000597,train,6,4,4,1.0
tut_top5_train_0000598,train,6,3,3,1.0
tut_top5_train_0000599,train,6,0,0,1.0
tut_top5_train_0000600,train,6,1,1,1.0
tut_top5_train_0000601,train,6,4,4,1.0
tut_top5_train_0000602,train,6,0,0,1.0
tut_top5_train_0000603,train,6,2,2,1.0
tut_top5_train_0000604,train,6,5,5,1.0
tut_top5_train_0000605,train,6,1,1,1.0
tut_top5_train_0000606,train,6,4,4,1.0
tut_top5_train_0000607,train,6,4,4,1.0
tut_top5_train_0000608,train,6,5,5,1.0
tut_top5_train_0000609,train,6,1,1,1.0
tut_top5_train_0000610,train,6,2,2,1.0
tut_top5_train_0000611,train,6,5,5,1.0
tut_top5_train_0000612,train,6,2,2,1.0
tut_top5_train_0000613,train,6,1,1,1.0
tut_top5_train_0000614,train,6,4,4,1.0
tut_top5_train_0000615,train,6,5,5,1.0
tut_top5_train_0000616,train,6,1,1,1.0
tut_top5_train_0000617,train,6,5,5,1.0
tut_top5_train_0000618,train,6,2,2,1.0
tut_top5_train_0000619,train,6,5,5,1.0
tut_top5_train_0000620,train,6,1,1,1.0
tut_top5_train_0000621,train,6,1,1,1.0
tut_top5_train_0000622,train,6,4,4,1.0
tut_top5_train_0000623,train,6,3,3,1.0
tut_top5_train_0000624,train,6,1,1,1.0
tut_top5_train_0000625,train,6,1,1,1.0
tut_top5_train_0000626,train,6,3,3,1.0
tut_top5_train_0000627,train,6,3,3,1.0
tut_top5_train_0000628,train,6,1,1,1.0
tut_top5_train_0000629,train,6,3,3,1.0
tut_top5_train_0000630,train,6,1,1,1.0
tut_top5_train_0000631,train,6,2,2,1.0
tut_top5_train_0000632,train,6,1,1,1.0
tut_top5_train_0000633,train,6,5,5,1.0
tut_top5_train_0000634,train,6,0,0,1.0
tut_top5_train_0000635,train,6,3,3,1.0
tut_top5_train_0000636,train,6,5,5,1.0
tut_top5_train_0000637,train,6,3,3,1.0
tut_top5_train_0000638,train,6,0,0,1.0
tut_top5_train_0000639,train,6,2,2,1.0
tut_top5_train_0000640,train,6,2,2,1.0
tut_top5_train_0000641,train,6,2,2,1.0
tut_top5_train_0000642,train,6,1,1,1.0
tut_top5_train_0000643,train,6,4,4,1.0
tut_top5_train_0000644,train,6,1,1,1.0
tut_top5_train_0000645,train,6,0,0,1.0
tut_top5_train_0000646,train,6,5,5,1.0
tut_top5_train_0000647,train,6,2,2,1.0
tut_top5_train_0000648,train,6,0,0,1.0
tut_top5_train_0000649,train,6,1,1,1.0
tut_top5_train_0000650,train,6,0,0,1.0
tut_top5_train_0000651,train,6,5,5,1.0
tut_top5_train_0000652,train,6,1,1,1.0
tut_top5_train_0000653,train,6,0,0,1.0
tut_top5_train_0000654,train,6,3,3,1.0
tut_top5_train_0000655,train,6,1,1,1.0
tut_top5_train_0000656,train,6,1,1,1.0
tut_top5_train_0000657,train,6,1,1,1.0
tut_top5_train_0000658,train,6,4,4,1.0
tut_top5_train_0000659,train,6,1,1,1.0
tut_top5_train_0000660,train,6,4,4,1.0
tut_top5_train_0000661,train,6,2,2,1.0
tut_top5_train_0000662,train,6,2,2,1.0
tut_top5_train_0000663,train,6,3,3,1.0
tut_top5_train_0000664,train,6,4,4,1.0
tut_top5_train_0000665,train,6,2,2,1.0
tut_top5_train_0000666,train,6,5,5,1.0
tut_top5_train_0000667,train,6,0,0,1.0
tut_top5_train_0000668,train,6,4,4,1.0
tut_top5_train_0000669,train,6,1,1,1.0
tut_top5_train_0000670,train,6,4,4,1.0
tut_top5_train_0000671,train,6,2,2,1.0
tut_top5_train_0000672,train,6,5,5,1.0
tut_top5_train_0000673,train,6,2,2,1.0
tut_top5_train_0000674,train,6,4,4,1.0
tut_top5_train_0000675,train,6,3,3,1.0
tut_top5_train_0000676,train,6,2,2,1.0
tut_top5_train_0000677,train,6,4,4,1.0
tut_top5_train_0000678,train,6,4,4,1.0
tut_top5_train_0000679,train,6,4,4,1.0
tut_top5_train_0000680,train,6,3,3,1.0
tut_top5_train_0000681,train,6,2,2,1.0
tut_top5_train_0000682,train,6,3,3,1.0
tut_top5_train_0000683,train,6,1,1,1.0
tut_top5_train_0000684,train,6,4,4,1.0
tut_top5_train_0000685,train,6,2,2,1.0
tut_top5_train_0000686,train,6,2,2,1.0
tut_top5_train_0000687,train,6,4,4,1.0
tut_top5_train_0000688,train,6,1,1,1.0
tut_top5_train_0000689,train,6,3,3,1.0
tut_top5_train_0000690,train,6,1,1,1.0
tut_top5_train_0000691,train,6,2,2,1.0
tut_top5_train_0000692,train,6,1,1,1.0
tut_top5_train_0000693,train,6,4,4,1.0
tut_top5_train_0000694,train,6,5,5,1.0
tut_top5_train_0000695,train,6,5,5,1.0
tut_top5_train_0000696,train,6,1,1,1.0
tut_top5_train_0000697,train,6,4,4,1.0
tut_top5_train_0000698,train,6,3,3,1.0
tut_top5_train_0000699,train,6,5,5,1.0
tut_top5_train_0000700,train,6,3,3,1.0
tut_top5_train_0000701,train,6,5,5,1.0
tut_top5_train_0000702,train,6,2,2,1.0
tut_top5_train_0000703,train,6,3,3,1.0
tut_top5_train_0000704,train,6,1,1,1.0
tut_top5_train_0000705,train,6,3,3,1.0
tut_top5_train_0000706,train,6,5,5,1.0
tut_top5_train_0000707,train,6,2,2,1.0
tut_top5_train_0000708,train,6,4,4,1.0
tut_top5_train_0000709,train,6,4,4,1.0
tut_top5_train_0000710,train,6,5,5,1.0
tut_top5_train_0000711,train,6,5,5,1.0
tut_top5_train_0000712,train,6,0,0,1.0
tut_top5_train_0000713,train,6,2,2,1.0
tut_top5_train_0000714,train,6,1,1,1.0
tut_top5_train_0000715,train,6,1,1,1.0
tut_top5_train_0000716,train,6,0,0,1.0
tut_top5_train_0000717,train,6,5,5,1.0
tut_top5_train_0000718,train,6,5,5,1.0
tut_top5_train_0000719,train,6,2,2,1.0
tut_top5_train_0000720,train,6,0,0,1.0
tut_top5_train_0000721,train,6,0,0,1.0
tut_top5_train_0000722,train,6,3,3,1.0
tut_top5_train_0000723,train,6,3,3,1.0
tut_top5_train_0000724,train,6,1,1,1.0
tut_top5_train_0000725,train,6,4,4,1.0
tut_top5_train_0000726,train,6,5,5,1.0
tut_top5_train_0000727,train,6,3,3,1.0
tut_top5_train_0000728,train,6,1,1,1.0
tut_top5_train_0000729,train,6,3,3,1.0
tut_top5_train_0000730,train,6,0,0,1.0
tut_top5_train_0000731,train,6,4,4,1.0
tut_top5_train_0000732,train,6,1,1,1.0
tut_top5_train_0000733,train,6,1,1,1.0
tut_top5_train_0000734,train,6,1,1,1.0
tut_top5_train_0000735,train,6,5,5,1.0
tut_top5_train_0000736,train,6,4,4,1.0
tut_top5_train_0000737,train,6,5,5,1.0
tut_top5_train_0000738,train,6,5,5,1.0
tut_top5_train_0000739,train,6,0,0,1.0
tut_top5_train_0000740,train,6,5,5,1.0
tut_top5_train_0000741,train,6,5,5,1.0
tut_top5_train_0000742,train,6,1,1,1.0
tut_top5_train_0000743,train,6,0,0,1.0
tut_top5_train_0000744,train,6,1,1,1.0
tut_top5_train_0000745,train,6,4,4,1.0
tut_top5_train_0000746,train,6,5,5,1.0
tut_top5_train_0000747,train,6,3,3,1.0
tut_top5_train_0000748,train,6,4,4,1.0
tut_top5_train_0000749,train,6,5,5,1.0
tut_top5_train_0000750,train,6,1,1,1.0
tut_top5_train_0000751,train,6,3,3,1.0
tut_top5_train_0000752,train,6,4,4,1.0
tut_top5_train_0000753,train,6,4,4,1.0
tut_top5_train_0000754,train,6,5,5,1.0
tut_top5_train_0000755,train,6,4,4,1.0
tut_top5_train_0000756,train,6,0,0,1.0
tut_top5_train_0000757,train,6,5,5,1.0
tut_top5_train_0000758,train,6,1,1,1.0
tut_top5_train_0000759,train,6,3,3,1.0
tut_top5_train_0000760,train,6,1,1,1.0
tut_top5_train_0000761,train,6,2,2,1.0
tut_top5_train_0000762,train,6,0,0,1.0
tut_top5_train_0000763,train,6,4,4,1.0
tut_top5_train_0000764,train,6,5,5,1.0
tut_top5_train_0000765,train,6,0,0,1.0
tut_top5_train_0000766,train,6,1,1,1.0
tut_top5_train_0000767,train,6,4,4,1.0
tut_top5_train_0000768,train,6,0,0,1.0
tut_top5_train_0000769,train,6,1,1,1.0
tut_top5_train_0000770,train,6,0,0,1.0
tut_top5_train_0000771,train,6,5,5,1.0
tut_top5_train_0000772,train,6,0,0,1.0
tut_top5_train_0000773,train,6,1,1,1.0
tut_top5_train_0000774,train,6,4,4,1.0
tut_top5_train_0000775,train,6,2,2,1.0
tut_top5_train_0000776,train,6,0,0,1.0
tut_top5_train_0000777,train,6,3,3,1.0
tut_top5_train_0000778,train,6,1,1,1.0
tut_top5_train_0000779,train,6,3,3,1.0
tut_top5_train_0000780,train,6,5,5,1.0
tut_top5_train_0000781,train,6,1,1,1.0
tut_top5_train_0000782,train,6,5,5,1.0
tut_top5_train_0000783,train,6,1,1,1.0
tut_top5_train_0000784,train,6,3,3,1.0
tut_top5_train_0000785,train,6,3,3,1.0
tut_top5_train_0000786,train,6,2,2,1.0
tut_top5_train_0000787,train,6,0,0,1.0
tut_top5_train_0000788,train,6,1,1,1.0
tut_top5_train_0000789,train,6,1,1,1.0
tut_top5_train_0000790,train,6,3,3,1.0
tut_top5_train_0000791,train,6,2,2,1.0
tut_top5_train_0000792,train,6,3,3,1.0
tut_top5_train_0000793,train,6,4,4,1.0
tut_top5_train_0000794,train,6,3,3,1.0
tut_top5_train_0000795,train,6,3,3,1.0
tut_top5_train_0000796,train,6,0,0,1.0
tut_top5_train_0000797,train,6,0,0,1.0
tut_top5_train_0000798,train,6,5,5,1.0
tut_top5_train_0000799,train,6,4,4,1.0
tut_top5_train_0000800,train,6,3,3,1.0
tut_top5_train_0000801,train,6,4,4,1.0
tut_top5_train_0000802,train,6,3,3,1.0
tut_top5_train_0000803,train,6,4,4,1.0
tut_top5_train_0000804,train,6,5,5,1.0
tut_top5_train_0000805,train,6,2,2,1.0
tut_top5_train_0000806,train,6,4,4,1.0
tut_top5_train_0000807,train,6,1,1,1.0
tut_top5_train_0000808,train,6,5,5,1.0
tut_top5_train_0000809,train,6,4,4,1.0
tut_top5_train_0000810,train,6,1,1,1.0
tut_top5_train_0000811,train,6,2,2,1.0
tut_top5_train_0000812,train,6,5,5,1.0
tut_top5_train_0000813,train,6,3,3,1.0
tut_top5_train_0000814,train,6,2,2,1.0
tut_top5_train_0000815,train,6,3,3,1.0
tut_top5_train_0000816,train,6,1,1,1.0
tut_top5_train_0000817,train,6,2,2,1.0
tut_top5_train_0000818,train,6,2,2,1.0
tut_top5_train_0000819,train,6,3,3,1.0
tut_top5_train_0000820,train,6,2,2,1.0
tut_top5_train_0000821,train,6,1,1,1.0
tut_top5_train_0000822,train,6,5,5,1.0
tut_top5_train_0000823,train,6,0,0,1.0
tut_top5_train_0000824,train,6,5,5,1.0
tut_top5_train_0000825,train,6,0,0,1.0
tut_top5_train_0000826,train,6,2,2,1.0
tut_top5_train_0000827,train,6,1,1,1.0
tut_top5_train_0000828,train,6,3,3,1.0
tut_top5_train_0000829,train,6,5,5,1.0
tut_top5_train_0000830,train,6,3,3,1.0
tut_top5_train_0000831,train,6,2,2,1.0
tut_top5_train_0000832,train,6,5,5,1.0
tut_top5_train_0000833,train,6,3,3,1.0
tut_top5_train_0000834,train,6,1,1,1.0
tut_top5_train_0000835,train,6,2,2,1.0
tut_top5_train_0000836,train,6,2,2,1.0
tut_top5_train_0000837,train,6,3,3,1.0
tut_top5_train_0000838,train,6,0,0,1.0
tut_top5_train_0000839,train,6,5,5,1.0
tut_top5_train_0000840,train,6,2,2,1.0
tut_top5_train_0000841,train,6,2,2,1.0
tut_top5_train_0000842,train,6,0,0,1.0
tut_top5_train_0000843,train,6,5,5,1.0
tut_top5_train_0000844,train,6,4,4,1.0
tut_top5_train_0000845,train,6,1,1,1.0
tut_top5_train_0000846,train,6,0,0,1.0
tut_top5_train_0000847,train,6,3,3,1.0
tut_top5_train_0000848,train,6,1,1,1.0
tut_top5_train_0000849,train,6,5,5,1.0
tut_top5_train_0000850,train,6,1,1,1.0
tut_top5_train_0000851,train,6,5,5,1.0
tut_top5_train_0000852,train,6,2,2,1.0
tut_top5_train_0000853,train,6,5,5,1.0
tut_top5_train_0000854,train,6,5,5,1.0
tut_top5_train_0000855,train,6,1,1,1.0
tut_top5_train_0000856,train,6,3,3,1.0
tut_top5_train_0000857,train,6,0,0,1.0
tut_top5_train_0000858,train,6,0,0,1.0
tut_top5_train_0000859,train,6,2,2,1.0
tut_top5_train_0000860,train,6,2,2,1.0
tut_top5_train_0000861,train,6,0,0,1.0
tut_top5_train_0000862,train,6,0,0,1.0
tut_top5_train_0000863,train,6,3,3,1.0
tut_top5_train_0000864,train,6,0,0,1.0
tut_top5_train_0000865,train,6,3,3,1.0
tut_top5_train_0000866,train,6,1,1,1.0
tut_top5_train_0000867,train,6,5,5,1.0
tut_top5_train_0000868,train,6,4,4,1.0
tut_top5_train_0000869,train,6,4,4,1.0
tut_top5_train_0000870,train,6,3,3,1.0
tut_top5_train_0000871,train,6,3,3,1.0
tut_top5_train_0000872,train,6,3,3,1.0
tut_top5_train_0000873,train,6,4,4,1.0
tut_top5_train_0000874,train,6,5,5,1.0
tut_top5_train_0000875,train,6,2,2,1.0
tut_top5_train_0000876,train,6,0,0,1.0
tut_top5_train_0000877,train,6,3,3,1.0
tut_top5_train_0000878,train,6,3,3,1.0
tut_top5_train_0000879,train,6,5,5,1.0
tut_top5_train_0000880,train,6,4,4,1.0
tut_top5_train_0000881,train,6,5,5,1.0
tut_top5_train_0000882,train,6,0,0,1.0
tut_top5_train_0000883,train,6,1,1,1.0
tut_top5_train_0000884,train,6,3,3,1.0
tut_top5_train_0000885,train,6,0,0,1.0
tut_top5_train_0000886,train,6,1,1,1.0
tut_top5_train_0000887,train,6,3,3,1.0
tut_top5_train_0000888,train,6,1,1,1.0
tut_top5_train_0000889,train,6,3,3,1.0
tut_top5_train_0000890,train,6,3,3,1.0
tut_top5_train_0000891,train,6,3,3,1.0
tut_top5_train_0000892,train,6,0,0,1.0
tut_top5_train_0000893,train,6,5,5,1.0
tut_top5_train_0000894,train,6,0,0,1.0
tut_top5_train_0000895,train,6,3,3,1.0
tut_top5_train_0000896,train,6,4,4,1.0
tut_top5_train_0000897,train,6,3,3,1.0
tut_top5_train_0000898,train,6,1,1,1.0
tut_top5_train_0000899,train,6,5,5,1.0
tut_top5_train_0000900,train,6,4,4,1.0
tut_top5_train_0000901,train,6,2,2,1.0
tut_top5_train_0000902,train,6,1,1,1.0
tut_top5_train_0000903,train,6,2,2,1.0
tut_top5_train_0000904,train,6,2,2,1.0
tut_top5_train_0000905,train,6,4,4,1.0
tut_top5_train_0000906,train,6,5,5,1.0
tut_top5_train_0000907,train,6,3,3,1.0
tut_top5_train_0000908,train,6,1,1,1.0
tut_top5_train_0000909,train,6,4,4,1.0
tut_top5_train_0000910,train,6,3,3,1.0
tut_top5_train_0000911,train,6,5,5,1.0
tut_top5_train_0000912,train,6,0,0,1.0
tut_top5_train_0000913,train,6,0,0,1.0
tut_top5_train_0000914,train,6,2,2,1.0
tut_top5_train_0000915,train,6,2,2,1.0
tut_top5_train_0000916,train,6,3,3,1.0
tut_top5_train_0000917,train,6,0,0,1.0
tut_top5_train_0000918,train,6,5,5,1.0
tut_top5_train_0000919,train,6,2,2,1.0
tut_top5_train_0000920,train,6,1,1,1.0
tut_top5_train_0000921,train,6,5,5,1.0
tut_top5_train_0000922,train,6,4,4,1.0
tut_top5_train_0000923,train,6,2,2,1.0
tut_top5_train_0000924,train,6,3,3,1.0
tut_top5_train_0000925,train,6,4,4,1.0
tut_top5_train_0000926,train,6,5,5,1.0
tut_top5_train_0000927,train,6,2,2,1.0
tut_top5_train_0000928,train,6,2,2,1.0
tut_top5_train_0000929,train,6,3,3,1.0
tut_top5_train_0000930,train,6,5,5,1.0
tut_top5_train_0000931,train,6,4,4,1.0
tut_top5_train_0000932,train,6,0,0,1.0
tut_top5_train_0000933,train,6,4,4,1.0
tut_top5_train_0000934,train,6,2,2,1.0
tut_top5_train_0000935,train,6,5,5,1.0
tut_top5_train_0000936,train,6,0,0,1.0
tut_top5_train_0000937,train,6,3,3,1.0
tut_top5_train_0000938,train,6,4,4,1.0
tut_top5_train_0000939,train,6,3,3,1.0
tut_top5_train_0000940,train,6,3,3,1.0
tut_top5_train_0000941,train,6,3,3,1.0
tut_top5_train_0000942,train,6,4,4,1.0
tut_top5_train_0000943,train,6,0,0,1.0
tut_top5_train_0000944,train,6,3,3,1.0
tut_top5_train_0000945,train,6,1,1,1.0
tut_top5_train_0000946,train,6,5,5,1.0
tut_top5_train_0000947,train,6,1,1,1.0
tut_top5_train_0000948,train,6,0,0,1.0
tut_top5_train_0000949,train,6,3,3,1.0
tut_top5_train_0000950,train,6,4,4,1.0
tut_top5_train_0000951,train,6,2,2,1.0
tut_top5_train_0000952,train,6,3,3,1.0
tut_top5_train_0000953,train,6,5,5,1.0
tut_top5_train_0000954,train,6,5,5,1.0
tut_top5_train_0000955,train,6,3,3,1.0
tut_top5_train_0000956,train,6,3,3,1.0
tut_top5_train_0000957,train,6,1,1,1.0
tut_top5_train_0000958,train,6,1,1,1.0
tut_top5_train_0000959,train,6,0,0,1.0
tut_top5_train_0000960,train,6,4,4,1.0
tut_top5_train_0000961,train,6,5,5,1.0
tut_top5_train_0000962,train,6,2,2,1.0
tut_top5_train_0000963,train,6,3,3,1.0
tut_top5_train_0000964,train,6,4,4,1.0
tut_top5_train_0000965,train,6,0,0,1.0
tut_top5_train_0000966,train,6,4,4,1.0
tut_top5_train_0000967,train,6,3,3,1.0
tut_top5_train_0000968,train,6,4,4,1.0
tut_top5_train_0000969,train,6,5,5,1.0
tut_top5_train_0000970,train,6,4,4,1.0
tut_top5_train_0000971,train,6,4,4,1.0
tut_top5_train_0000972,train,6,3,3,1.0
tut_top5_train_0000973,train,6,0,0,1.0
tut_top5_train_0000974,train,6,4,4,1.0
tut_top5_train_0000975,train,6,4,4,1.0
tut_top5_train_0000976,train,6,3,3,1.0
tut_top5_train_0000977,train,6,1,1,1.0
tut_top5_train_0000978,train,6,3,3,1.0
tut_top5_train_0000979,train,6,1,1,1.0
tut_top5_train_0000980,train,6,1,1,1.0
tut_top5_train_0000981,train,6,1,1,1.0
tut_top5_train_0000982,train,6,1,1,1.0
tut_top5_train_0000983,train,6,2,2,1.0
tut_top5_train_0000984,train,6,5,5,1.0
tut_top5_train_0000985,train,6,3,3,1.0
tut_top5_train_0000986,train,6,3,3,1.0
tut_top5_train_0000987,train,6,2,2,1.0
tut_top5_train_0000988,train,6,5,5,1.0
tut_top5_train_0000989,train,6,5,5,1.0
tut_top5_train_0000990,train,6,2,2,1.0
tut_top5_train_0000991,train,6,0,0,1.0
tut_top5_train_0000992,train,6,4,4,1.0
tut_top5_train_0000993,train,6,1,1,1.0
tut_top5_train_0000994,train,6,3,3,1.0
tut_top5_train_0000995,train,6,3,3,1.0
tut_top5_train_0000996,train,6,2,2,1.0
tut_top5_train_0000997,train,6,4,4,1.0
tut_top5_train_0000998,train,6,3,3,1.0
tut_top5_train_0000999,train,6,3,3,1.0
tut_top5_train_0001000,train,6,3,3,1.0
tut_top5_train_0001001,train,6,4,4,1.0
tut_top5_train_0001002,train,6,4,4,1.0
tut_top5_train_0001003,train,6,5,5,1.0
tut_top5_train_0001004,train,6,0,0,1.0
tut_top5_train_0001005,train,6,3,3,1.0
tut_top5_train_0001006,train,6,2,2,1.0
tut_top5_train_0001007,train,6,2,2,1.0
tut_top5_train_0001008,train,6,2,2,1.0
tut_top5_train_0001009,train,6,2,2,1.0
tut_top5_train_0001010,train,6,3,3,1.0
tut_top5_train_0001011,train,6,3,3,1.0
tut_top5_train_0001012,train,6,3,3,1.0
tut_top5_train_0001013,train,6,4,4,1.0
tut_top5_train_0001014,train,6,1,1,1.0
tut_top5_train_0001015,train,6,2,2,1.0
tut_top5_train_0001016,train,6,5,5,1.0
tut_top5_train_0001017,train,6,3,3,1.0
tut_top5_train_0001018,train,6,0,0,1.0
tut_top5_train_0001019,train,6,3,3,1.0
tut_top5_train_0001020,train,6,3,3,1.0
tut_top5_train_0001021,train,6,2,2,1.0
tut_top5_train_0001022,train,6,0,0,1.0
tut_top5_train_0001023,train,6,5,5,1.0
tut_top5_train_0001024,train,6,1,1,1.0
tut_top5_train_0001025,train,6,1,1,1.0
tut_top5_train_0001026,train,6,3,3,1.0
tut_top5_train_0001027,train,6,0,0,1.0
tut_top5_train_0001028,train,6,5,5,1.0
tut_top5_train_0001029,train,6,0,0,1.0
tut_top5_train_0001030,train,6,5,5,1.0
tut_top5_train_0001031,train,6,3,3,1.0
tut_top5_train_0001032,train,6,5,5,1.0
tut_top5_train_0001033,train,6,2,2,1.0
tut_top5_train_0001034,train,6,4,4,1.0
tut_top5_train_0001035,train,6,4,4,1.0
tut_top5_train_0001036,train,6,4,4,1.0
tut_top5_train_0001037,train,6,5,5,1.0
tut_top5_train_0001038,train,6,2,2,1.0
tut_top5_train_0001039,train,6,2,2,1.0
tut_top5_train_0001040,train,6,1,1,1.0
tut_top5_train_0001041,train,6,4,4,1.0
tut_top5_train_0001042,train,6,3,3,1.0
tut_top5_train_0001043,train,6,3,3,1.0
tut_top5_train_0001044,train,6,3,3,1.0
tut_top5_train_0001045,train,6,5,5,1.0
tut_top5_train_0001046,train,6,1,1,1.0
tut_top5_train_0001047,train,6,5,5,1.0
tut_top5_train_0001048,train,6,5,5,1.0
tut_top5_train_0001049,train,6,5,5,1.0
tut_top5_train_0001050,train,6,5,5,1.0
tut_top5_train_0001051,train,6,3,3,1.0
tut_top5_train_0001052,train,6,1,1,1.0
tut_top5_train_0001053,train,6,2,2,1.0
tut_top5_train_0001054,train,6,1,1,1.0
tut_top5_train_0001055,train,6,4,4,1.0
tut_top5_train_0001056,train,6,4,4,1.0
tut_top5_train_0001057,train,6,5,5,1.0
tut_top5_train_0001058,train,6,4,4,1.0
tut_top5_train_0001059,train,6,3,3,1.0
tut_top5_train_0001060,train,6,1,1,1.0
tut_top5_train_0001061,train,6,2,2,1.0
tut_top5_train_0001062,train,6,3,3,1.0
tut_top5_train_0001063,train,6,5,5,1.0
tut_top5_train_0001064,train,6,4,4,1.0
tut_top5_train_0001065,train,6,0,0,1.0
tut_top5_train_0001066,train,6,3,3,1.0
tut_top5_train_0001067,train,6,0,0,1.0
tut_top5_train_0001068,train,6,3,3,1.0
tut_top5_train_0001069,train,6,3,3,1.0
tut_top5_train_0001070,train,6,3,3,1.0
tut_top5_train_0001071,train,6,2,2,1.0
tut_top5_train_0001072,train,6,5,5,1.0
tut_top5_train_0001073,train,6,4,4,1.0
tut_top5_train_0001074,train,6,4,4,1.0
tut_top5_train_0001075,train,6,3,3,1.0
tut_top5_train_0001076,train,6,1,1,1.0
tut_top5_train_0001077,train,6,4,4,1.0
tut_top5_train_0001078,train,6,2,2,1.0
tut_top5_train_0001079,train,6,2,2,1.0
tut_top5_train_0001080,train,6,4,4,1.0
tut_top5_train_0001081,train,6,2,2,1.0
tut_top5_train_0001082,train,6,5,5,1.0
tut_top5_train_0001083,train,6,4,4,1.0
tut_top5_train_0001084,train,6,0,0,1.0
tut_top5_train_0001085,train,6,4,4,1.0
tut_top5_train_0001086,train,6,1,1,1.0
tut_top5_train_0001087,train,6,0,0,1.0
tut_top5_train_0001088,train,6,3,3,1.0
tut_top5_train_0001089,train,6,3,3,1.0
tut_top5_train_0001090,train,6,2,2,1.0
tut_top5_train_0001091,train,6,2,2,1.0
tut_top5_train_0001092,train,6,3,3,1.0
tut_top5_train_0001093,train,6,5,5,1.0
tut_top5_train_0001094,train,6,4,4,1.0
tut_top5_train_0001095,train,6,1,1,1.0
tut_top5_train_0001096,train,6,2,2,1.0
tut_top5_train_0001097,train,6,0,0,1.0
tut_top5_train_0001098,train,6,2,2,1.0
tut_top5_train_0001099,train,6,3,3,1.0
tut_top5_train_0001100,train,6,4,4,1.0
tut_top5_train_0001101,train,6,2,2,1.0
tut_top5_train_0001102,train,6,5,5,1.0
tut_top5_train_0001103,train,6,1,1,1.0
tut_top5_train_0001104,train,6,4,4,1.0
tut_top5_train_0001105,train,6,4,4,1.0
tut_top5_train_0001106,train,6,0,0,1.0
tut_top5_train_0001107,train,6,0,0,1.0
tut_top5_train_0001108,train,6,3,3,1.0
tut_top5_train_0001109,train,6,1,1,1.0
tut_top5_train_0001110,train,6,1,1,1.0
tut_top5_train_0001111,train,6,4,4,1.0
tut_top5_train_0001112,train,6,4,4,1.0
tut_top5_train_0001113,train,6,1,1,1.0
tut_top5_train_0001114,train,6,4,4,1.0
tut_top5_train_0001115,train,6,1,1,1.0
tut_top5_train_0001116,train,6,1,1,1.0
tut_top5_train_0001117,train,6,4,4,1.0
tut_top5_train_0001118,train,6,2,2,1.0
tut_top5_train_0001119,train,6,2,2,1.0
tut_top5_train_0001120,train,6,1,1,1.0
tut_top5_train_0001121,train,6,5,5,1.0
tut_top5_train_0001122,train,6,3,3,1.0
tut_top5_train_0001123,train,6,3,3,1.0
tut_top5_train_0001124,train,6,3,3,1.0
tut_top5_train_0001125,train,6,2,2,1.0
tut_top5_train_0001126,train,6,2,2,1.0
tut_top5_train_0001127,train,6,5,5,1.0
tut_top5_train_0001128,train,6,4,4,1.0
tut_top5_train_0001129,train,6,2,2,1.0
tut_top5_train_0001130,train,6,3,3,1.0
tut_top5_train_0001131,train,6,3,3,1.0
tut_top5_train_0001132,train,6,2,2,1.0
tut_top5_train_0001133,train,6,0,0,1.0
tut_top5_train_0001134,train,6,0,0,1.0
tut_top5_train_0001135,train,6,0,0,1.0
tut_top5_train_0001136,train,6,1,1,1.0
tut_top5_train_0001137,train,6,5,5,1.0
tut_top5_train_0001138,train,6,0,0,1.0
tut_top5_train_0001139,train,6,2,2,1.0
tut_top5_train_0001140,train,6,5,5,1.0
tut_top5_train_0001141,train,6,0,0,1.0
tut_top5_train_0001142,train,6,1,1,1.0
tut_top5_train_0001143,train,6,2,2,1.0
tut_top5_train_0001144,train,6,1,1,1.0
tut_top5_train_0001145,train,6,0,0,1.0
tut_top5_train_0001146,train,6,0,0,1.0
tut_top5_train_0001147,train,6,3,3,1.0
tut_top5_train_0001148,train,6,0,0,1.0
tut_top5_train_0001149,train,6,4,4,1.0
tut_top5_train_0001150,train,6,3,3,1.0
tut_top5_train_0001151,train,6,3,3,1.0
tut_top5_train_0001152,train,6,3,3,1.0
tut_top5_train_0001153,train,6,0,0,1.0
tut_top5_train_0001154,train,6,4,4,1.0
tut_top5_train_0001155,train,6,1,1,1.0
tut_top5_train_0001156,train,6,2,2,1.0
tut_top5_train_0001157,train,6,1,1,1.0
tut_top5_train_0001158,train,6,3,3,1.0
tut_top5_train_0001159,train,6,3,3,1.0
tut_top5_train_0001160,train,6,3,3,1.0
tut_top5_train_0001161,train,6,4,4,1.0
tut_top5_train_0001162,train,6,0,0,1.0
tut_top5_train_0001163,train,6,1,1,1.0
tut_top5_train_0001164,train,6,0,0,1.0
tut_top5_train_0001165,train,6,1,1,1.0
tut_top5_train_0001166,train,6,4,4,1.0
tut_top5_train_0001167,train,6,2,2,1.0
tut_top5_train_0001168,train,6,1,1,1.0
tut_top5_train_0001169,train,6,2,2,1.0
tut_top5_train_0001170,train,6,4,4,1.0
tut_top5_train_0001171,train,6,3,3,1.0
tut_top5_train_0001172,train,6,1,1,1.0
tut_top5_train_0001173,train,6,3,3,1.0
tut_top5_train_0001174,train,6,5,5,1.0
tut_top5_train_0001175,train,6,1,1,1.0
tut_top5_train_0001176,train,6,2,2,1.0
tut_top5_train_0001177,train,6,1,1,1.0
tut_top5_train_0001178,train,6,1,1,1.0
tut_top5_train_0001179,train,6,1,1,1.0
tut_top5_train_0001180,train,6,4,4,1.0
tut_top5_train_0001181,train,6,1,1,1.0
tut_top5_train_0001182,train,6,1,1,1.0
tut_top5_train_0001183,train,6,1,1,1.0
tut_top5_train_0001184,train,6,1,1,1.0
tut_top5_train_0001185,train,6,5,5,1.0
tut_top5_train_0001186,train,6,0,0,1.0
tut_top5_train_0001187,train,6,2,2,1.0
tut_top5_train_0001188,train,6,1,1,1.0
tut_top5_train_0001189,train,6,3,3,1.0
tut_top5_train_0001190,train,6,1,1,1.0
tut_top5_train_0001191,train,6,4,4,1.0
tut_top5_train_0001192,train,6,4,4,1.0
tut_top5_train_0001193,train,6,3,3,1.0
tut_top5_train_0001194,train,6,3,3,1.0
tut_top5_train_0001195,train,6,4,4,1.0
tut_top5_train_0001196,train,6,1,1,1.0
tut_top5_train_0001197,train,6,0,0,1.0
tut_top5_train_0001198,train,6,1,1,1.0
tut_top5_train_0001199,train,6,0,0,1.0
tut_top5_train_0001200,train,6,4,4,1.0
tut_top5_train_0001201,train,6,4,4,1.0
tut_top5_train_0001202,train,6,5,5,1.0
tut_top5_train_0001203,train,6,0,0,1.0
tut_top5_train_0001204,train,6,2,2,1.0
tut_top5_train_0001205,train,6,4,4,1.0
tut_top5_train_0001206,train,6,4,4,1.0
tut_top5_train_0001207,train,6,4,4,1.0
tut_top5_train_0001208,train,6,1,1,1.0
tut_top5_train_0001209,train,6,4,4,1.0
tut_top5_train_0001210,train,6,2,2,1.0
tut_top5_train_0001211,train,6,5,5,1.0
tut_top5_train_0001212,train,6,3,3,1.0
tut_top5_train_0001213,train,6,4,4,1.0
tut_top5_train_0001214,train,6,3,3,1.0
tut_top5_train_0001215,train,6,5,5,1.0
tut_top5_train_0001216,train,6,2,2,1.0
tut_top5_train_0001217,train,6,2,2,1.0
tut_top5_train_0001218,train,6,4,4,1.0
tut_top5_train_0001219,train,6,3,3,1.0
tut_top5_train_0001220,train,6,1,1,1.0
tut_top5_train_0001221,train,6,1,1,1.0
tut_top5_train_0001222,train,6,3,3,1.0
tut_top5_train_0001223,train,6,4,4,1.0
tut_top5_train_0001224,train,6,5,5,1.0
tut_top5_train_0001225,train,6,5,5,1.0
tut_top5_train_0001226,train,6,0,0,1.0
tut_top5_train_0001227,train,6,4,4,1.0
tut_top5_train_0001228,train,6,5,5,1.0
tut_top5_train_0001229,train,6,2,2,1.0
tut_top5_train_0001230,train,6,5,5,1.0
tut_top5_train_0001231,train,6,1,1,1.0
tut_top5_train_0001232,train,6,0,0,1.0
tut_top5_train_0001233,train,6,4,4,1.0
tut_top5_train_0001234,train,6,2,2,1.0
tut_top5_train_0001235,train,6,4,4,1.0
tut_top5_train_0001236,train,6,1,1,1.0
tut_top5_train_0001237,train,6,0,0,1.0
tut_top5_train_0001238,train,6,5,5,1.0
tut_top5_train_0001239,train,6,1,1,1.0
tut_top5_train_0001240,train,6,3,3,1.0
tut_top5_train_0001241,train,6,5,5,1.0
tut_top5_train_0001242,train,6,5,5,1.0
tut_top5_train_0001243,train,6,3,3,1.0
tut_top5_train_0001244,train,6,4,4,1.0
tut_top5_train_0001245,train,6,4,4,1.0
tut_top5_train_0001246,train,6,5,5,1.0
tut_top5_train_0001247,train,6,5,5,1.0
tut_top5_train_0001248,train,6,1,1,1.0
tut_top5_train_0001249,train,6,0,0,1.0
tut_top5_train_0001250,train,6,3,3,1.0
tut_top5_train_0001251,train,6,5,5,1.0
tut_top5_train_0001252,train,6,2,2,1.0
tut_top5_train_0001253,train,6,2,2,1.0
tut_top5_train_0001254,train,6,1,1,1.0
tut_top5_train_0001255,train,6,4,4,1.0
tut_top5_train_0001256,train,6,2,2,1.0
tut_top5_train_0001257,train,6,5,5,1.0
tut_top5_train_0001258,train,6,4,4,1.0
tut_top5_train_0001259,train,6,1,1,1.0
tut_top5_train_0001260,train,6,2,2,1.0
tut_top5_train_0001261,train,6,4,4,1.0
tut_top5_train_0001262,train,6,1,1,1.0
tut_top5_train_0001263,train,6,5,5,1.0
tut_top5_train_0001264,train,6,0,0,1.0
tut_top5_train_0001265,train,6,0,0,1.0
tut_top5_train_0001266,train,6,5,5,1.0
tut_top5_train_0001267,train,6,0,0,1.0
tut_top5_train_0001268,train,6,1,1,1.0
tut_top5_train_0001269,train,6,1,1,1.0
tut_top5_train_0001270,train,6,4,4,1.0
tut_top5_train_0001271,train,6,3,3,1.0
tut_top5_train_0001272,train,6,4,4,1.0
tut_top5_train_0001273,train,6,5,5,1.0
tut_top5_train_0001274,train,6,4,4,1.0
tut_top5_train_0001275,train,6,5,5,1.0
tut_top5_train_0001276,train,6,3,3,1.0
tut_top5_train_0001277,train,6,1,1,1.0
tut_top5_train_0001278,train,6,4,4,1.0
tut_top5_train_0001279,train,6,0,0,1.0
tut_top5_train_0001280,train,6,5,5,1.0
tut_top5_train_0001281,train,6,3,3,1.0
tut_top5_train_0001282,train,6,2,2,1.0
tut_top5_train_0001283,train,6,2,2,1.0
tut_top5_train_0001284,train,6,0,0,1.0
tut_top5_train_0001285,train,6,3,3,1.0
tut_top5_train_0001286,train,6,1,1,1.0
tut_top5_train_0001287,train,6,3,3,1.0
tut_top5_train_0001288,train,6,5,5,1.0
tut_top5_train_0001289,train,6,2,2,1.0
tut_top5_train_0001290,train,6,3,3,1.0
tut_top5_train_0001291,train,6,1,1,1.0
tut_top5_train_0001292,train,6,5,5,1.0
tut_top5_train_0001293,train,6,5,5,1.0
tut_top5_train_0001294,train,6,0,0,1.0
tut_top5_train_0001295,train,6,1,1,1.0
tut_top5_train_0001296,train,6,1,1,1.0
tut_top5_train_0001297,train,6,1,1,1.0
tut_top5_train_0001298,train,6,0,0,1.0
tut_top5_train_0001299,train,6,2,2,1.0
tut_top5_train_0001300,train,6,5,5,1.0
tut_top5_train_0001301,train,6,1,1,1.0
tut_top5_train_0001302,train,6,5,5,1.0
tut_top5_train_0001303,train,6,2,2,1.0
tut_top5_train_0001304,train,6,4,4,1.0
tut_top5_train_0001305,train,6,2,2,1.0
tut_top5_train_0001306,train,6,2,2,1.0
tut_top5_train_0001307,train,6,1,1,1.0
tut_top5_train_0001308,train,6,0,0,1.0
tut_top5_train_0001309,train,6,4,4,1.0
tut_top5_train_0001310,train,6,3,3,1.0
tut_top5_train_0001311,train,6,5,5,1.0
tut_top5_train_0001312,train,6,5,5,1.0
tut_top5_train_0001313,train,6,3,3,1.0
tut_top5_train_0001314,train,6,0,0,1.0
tut_top5_train_0001315,train,6,3,3,1.0
tut_top5_train_0001316,train,6,3,3,1.0
tut_top5_train_0001317,train,6,0,0,1.0
tut_top5_train_0001318,train,6,0,0,1.0
tut_top5_train_0001319,train,6,4,4,1.0
tut_top5_train_0001320,train,6,5,5,1.0
tut_top5_train_0001321,train,6,1,1,1.0
tut_top5_train_0001322,train,6,1,1,1.0
tut_top5_train_0001323,train,6,1,1,1.0
tut_top5_train_0001324,train,6,1,1,1.0
tut_top5_train_0001325,train,6,5,5,1.0
tut_top5_train_0001326,train,6,4,4,1.0
tut_top5_train_0001327,train,6,1,1,1.0
tut_top5_train_0001328,train,6,0,0,1.0
tut_top5_train_0001329,train,6,0,0,1.0
tut_top5_train_0001330,train,6,3,3,1.0
tut_top5_train_0001331,train,6,1,1,1.0
tut_top5_train_0001332,train,6,4,4,1.0
tut_top5_train_0001333,train,6,1,1,1.0
tut_top5_train_0001334,train,6,5,5,1.0
tut_top5_train_0001335,train,6,3,3,1.0
tut_top5_train_0001336,train,6,1,1,1.0
tut_top5_train_0001337,train,6,2,2,1.0
tut_top5_train_0001338,train,6,2,2,1.0
tut_top5_train_0001339,train,6,0,0,1.0
tut_top5_train_0001340,train,6,2,2,1.0
tut_top5_train_0001341,train,6,2,2,1.0
tut_top5_train_0001342,train,6,0,0,1.0
tut_top5_train_0001343,train,6,1,1,1.0
tut_top5_train_0001344,train,6,2,2,1.0
tut_top5_train_0001345,train,6,4,4,1.0
tut_top5_train_0001346,train,6,5,5,1.0
tut_top5_train_0001347,train,6,3,3,1.0
tut_top5_train_0001348,train,6,5,5,1.0
tut_top5_train_0001349,train,6,4,4,1.0
tut_top5_train_0001350,train,6,3,3,1.0
tut_top5_train_0001351,train,6,2,2,1.0
tut_top5_train_0001352,train,6,0,0,1.0
tut_top5_train_0001353,train,6,4,4,1.0
tut_top5_train_0001354,train,6,3,3,1.0
tut_top5_train_0001355,train,6,3,3,1.0
tut_top5_train_0001356,train,6,4,4,1.0
tut_top5_train_0001357,train,6,1,1,1.0
tut_top5_train_0001358,train,6,1,1,1.0
tut_top5_train_0001359,train,6,3,3,1.0
tut_top5_train_0001360,train,6,4,4,1.0
tut_top5_train_0001361,train,6,3,3,1.0
tut_top5_train_0001362,train,6,0,0,1.0
tut_top5_train_0001363,train,6,2,2,1.0
tut_top5_train_0001364,train,6,0,0,1.0
tut_top5_train_0001365,train,6,1,1,1.0
tut_top5_train_0001366,train,6,4,4,1.0
tut_top5_train_0001367,train,6,5,5,1.0
tut_top5_train_0001368,train,6,0,0,1.0
tut_top5_train_0001369,train,6,1,1,1.0
tut_top5_train_0001370,train,6,4,4,1.0
tut_top5_train_0001371,train,6,0,0,1.0
tut_top5_train_0001372,train,6,2,2,1.0
tut_top5_train_0001373,train,6,2,2,1.0
tut_top5_train_0001374,train,6,1,1,1.0
tut_top5_train_0001375,train,6,3,3,1.0
tut_top5_train_0001376,train,6,3,3,1.0
tut_top5_train_0001377,train,6,1,1,1.0
tut_top5_train_0001378,train,6,1,1,1.0
tut_top5_train_0001379,train,6,2,2,1.0
tut_top5_train_0001380,train,6,5,5,1.0
tut_top5_train_0001381,train,6,3,3,1.0
tut_top5_train_0001382,train,6,3,3,1.0
tut_top5_train_0001383,train,6,1,1,1.0
tut_top5_train_0001384,train,6,2,2,1.0
tut_top5_train_0001385,train,6,3,3,1.0
tut_top5_train_0001386,train,6,0,0,1.0
tut_top5_train_0001387,train,6,1,1,1.0
tut_top5_train_0001388,train,6,2,2,1.0
tut_top5_train_0001389,train,6,4,4,1.0
tut_top5_train_0001390,train,6,4,4,1.0
tut_top5_train_0001391,train,6,5,5,1.0
tut_top5_train_0001392,train,6,3,3,1.0
tut_top5_train_0001393,train,6,4,4,1.0
tut_top5_train_0001394,train,6,1,1,1.0
tut_top5_train_0001395,train,6,5,5,1.0
tut_top5_train_0001396,train,6,4,4,1.0
tut_top5_train_0001397,train,6,2,2,1.0
tut_top5_train_0001398,train,6,3,3,1.0
tut_top5_train_0001399,train,6,1,1,1.0
tut_top5_train_0001400,train,6,3,3,1.0
tut_top5_train_0001401,train,6,2,2,1.0
tut_top5_train_0001402,train,6,2,2,1.0
tut_top5_train_0001403,train,6,3,3,1.0
tut_top5_train_0001404,train,6,0,0,1.0
tut_top5_train_0001405,train,6,5,5,1.0
tut_top5_train_0001406,train,6,2,2,1.0
tut_top5_train_0001407,train,6,5,5,1.0
tut_top5_train_0001408,train,6,5,5,1.0
tut_top5_train_0001409,train,6,1,1,1.0
tut_top5_train_0001410,train,6,1,1,1.0
tut_top5_train_0001411,train,6,4,4,1.0
tut_top5_train_0001412,train,6,5,5,1.0
tut_top5_train_0001413,train,6,5,5,1.0
tut_top5_train_0001414,train,6,2,2,1.0
tut_top5_train_0001415,train,6,3,3,1.0
tut_top5_train_0001416,train,6,0,0,1.0
tut_top5_train_0001417,train,6,1,1,1.0
tut_top5_train_0001418,train,6,5,5,1.0
tut_top5_train_0001419,train,6,3,3,1.0
tut_top5_train_0001420,train,6,0,0,1.0
tut_top5_train_0001421,train,6,2,2,1.0
tut_top5_train_0001422,train,6,5,5,1.0
tut_top5_train_0001423,train,6,1,1,1.0
tut_top5_train_0001424,train,6,1,1,1.0
tut_top5_train_0001425,train,6,0,0,1.0
tut_top5_train_0001426,train,6,2,2,1.0
tut_top5_train_0001427,train,6,5,5,1.0
tut_top5_train_0001428,train,6,3,3,1.0
tut_top5_train_0001429,train,6,4,4,1.0
tut_top5_train_0001430,train,6,1,1,1.0
tut_top5_train_0001431,train,6,2,2,1.0
tut_top5_train_0001432,train,6,5,5,1.0
tut_top5_train_0001433,train,6,2,2,1.0
tut_top5_train_0001434,train,6,1,1,1.0
tut_top5_train_0001435,train,6,3,3,1.0
tut_top5_train_0001436,train,6,2,2,1.0
tut_top5_train_0001437,train,6,4,4,1.0
tut_top5_train_0001438,train,6,1,1,1.0
tut_top5_train_0001439,train,6,1,1,1.0
tut_top5_train_0001440,train,6,4,4,1.0
tut_top5_train_0001441,train,6,5,5,1.0
tut_top5_train_0001442,train,6,4,4,1.0
tut_top5_train_0001443,train,6,0,0,1.0
tut_top5_train_0001444,train,6,2,2,1.0
tut_top5_train_0001445,train,6,1,1,1.0
tut_top5_train_0001446,train,6,4,4,1.0
tut_top5_train_0001447,train,6,2,2,1.0
tut_top5_train_0001448,train,6,3,3,1.0
tut_top5_train_0001449,train,6,3,3,1.0
tut_top5_train_0001450,train,6,0,0,1.0
tut_top5_train_0001451,train,6,2,2,1.0
tut_top5_train_0001452,train,6,2,2,1.0
tut_top5_train_0001453,train,6,2,2,1.0
tut_top5_train_0001454,train,6,2,2,1.0
tut_top5_train_0001455,train,6,0,0,1.0
tut_top5_train_0001456,train,6,3,3,1.0
tut_top5_train_0001457,train,6,1,1,1.0
tut_top5_train_0001458,train,6,1,1,1.0
tut_top5_train_0001459,train,6,3,3,1.0
tut_top5_train_0001460,train,6,5,5,1.0
tut_top5_train_0001461,train,6,3,3,1.0
tut_top5_train_0001462,train,6,5,5,1.0
tut_top5_train_0001463,train,6,1,1,1.0
tut_top5_train_0001464,train,6,2,2,1.0
tut_top5_train_0001465,train,6,1,1,1.0
tut_top5_train_0001466,train,6,4,4,1.0
tut_top5_train_0001467,train,6,0,0,1.0
tut_top5_train_0001468,train,6,1,1,1.0
tut_top5_train_0001469,train,6,1,1,1.0
tut_top5_train_0001470,train,6,3,3,1.0
tut_top5_train_0001471,train,6,4,4,1.0
tut_top5_train_0001472,train,6,5,5,1.0
tut_top5_train_0001473,train,6,3,3,1.0
tut_top5_train_0001474,train,6,0,0,1.0
tut_top5_train_0001475,train,6,2,2,1.0
tut_top5_train_0001476,train,6,2,2,1.0
tut_top5_train_0001477,train,6,4,4,1.0
tut_top5_train_0001478,train,6,5,5,1.0
tut_top5_train_0001479,train,6,1,1,1.0
tut_top5_train_0001480,train,6,5,5,1.0
tut_top5_train_0001481,train,6,2,2,1.0
tut_top5_train_0001482,train,6,3,3,1.0
tut_top5_train_0001483,train,6,5,5,1.0
tut_top5_train_0001484,train,6,2,2,1.0
tut_top5_train_0001485,train,6,1,1,1.0
tut_top5_train_0001486,train,6,4,4,1.0
tut_top5_train_0001487,train,6,3,3,1.0
tut_top5_train_0001488,train,6,1,1,1.0
tut_top5_train_0001489,train,6,3,3,1.0
tut_top5_train_0001490,train,6,0,0,1.0
tut_top5_train_0001491,train,6,5,5,1.0
tut_top5_train_0001492,train,6,3,3,1.0
tut_top5_train_0001493,train,6,3,3,1.0
tut_top5_train_0001494,train,6,1,1,1.0
tut_top5_train_0001495,train,6,5,5,1.0
tut_top5_train_0001496,train,6,3,3,1.0
tut_top5_train_0001497,train,6,4,4,1.0
tut_top5_train_0001498,train,6,5,5,1.0
tut_top5_train_0001499,train,6,5,5,1.0
tut_top5_train_0001500,train,6,4,4,1.0
tut_top5_train_0001501,train,6,0,0,1.0
tut_top5_train_0001502,train,6,0,0,1.0
tut_top5_train_0001503,train,6,0,0,1.0
tut_top5_train_0001504,train,6,1,1,1.0
tut_top5_train_0001505,train,6,4,4,1.0
tut_top5_train_0001506,train,6,5,5,1.0
tut_top5_train_0001507,train,6,4,4,1.0
tut_top5_train_0001508,train,6,4,4,1.0
tut_top5_train_0001509,train,6,5,5,1.0
tut_top5_train_0001510,train,6,5,5,1.0
tut_top5_train_0001511,train,6,3,3,1.0
tut_top5_train_0001512,train,6,4,4,1.0
tut_top5_train_0001513,train,6,2,2,1.0
tut_top5_train_0001514,train,6,2,2,1.0
tut_top5_train_0001515,train,6,3,3,1.0
tut_top5_train_0001516,train,6,1,1,1.0
tut_top5_train_0001517,train,6,3,3,1.0
tut_top5_train_0001518,train,6,3,3,1.0
tut_top5_train_0001519,train,6,2,2,1.0
tut_top5_train_0001520,train,6,2,2,1.0
tut_top5_train_0001521,train,6,1,1,1.0
tut_top5_train_0001522,train,6,1,1,1.0
tut_top5_train_0001523,train,6,2,2,1.0
tut_top5_train_0001524,train,6,3,3,1.0
tut_top5_train_0001525,train,6,5,5,1.0
tut_top5_train_0001526,train,6,3,3,1.0
tut_top5_train_0001527,train,6,1,1,1.0
tut_top5_train_0001528,train,6,2,2,1.0
tut_top5_train_0001529,train,6,2,2,1.0
tut_top5_train_0001530,train,6,5,5,1.0
tut_top5_train_0001531,train,6,4,4,1.0
tut_top5_train_0001532,train,6,4,4,1.0
tut_top5_train_0001533,train,6,5,5,1.0
tut_top5_train_0001534,train,6,2,2,1.0
tut_top5_train_0001535,train,6,1,1,1.0
tut_top5_train_0001536,train,6,4,4,1.0
tut_top5_train_0001537,train,6,5,5,1.0
tut_top5_train_0001538,train,6,1,1,1.0
tut_top5_train_0001539,train,6,4,4,1.0
tut_top5_train_0001540,train,6,5,5,1.0
tut_top5_train_0001541,train,6,5,5,1.0
tut_top5_train_0001542,train,6,5,5,1.0
tut_top5_train_0001543,train,6,2,2,1.0
tut_top5_train_0001544,train,6,2,2,1.0
tut_top5_train_0001545,train,6,5,5,1.0
tut_top5_train_0001546,train,6,5,5,1.0
tut_top5_train_0001547,train,6,0,0,1.0
tut_top5_train_0001548,train,6,0,0,1.0
tut_top5_train_0001549,train,6,2,2,1.0
tut_top5_train_0001550,train,6,0,0,1.0
tut_top5_train_0001551,train,6,5,5,1.0
tut_top5_train_0001552,train,6,0,0,1.0
tut_top5_train_0001553,train,6,4,4,1.0
tut_top5_train_0001554,train,6,1,1,1.0
tut_top5_train_0001555,train,6,4,4,1.0
tut_top5_train_0001556,train,6,0,0,1.0
tut_top5_train_0001557,train,6,0,0,1.0
tut_top5_train_0001558,train,6,3,3,1.0
tut_top5_train_0001559,train,6,0,0,1.0
tut_top5_train_0001560,train,6,4,4,1.0
tut_top5_train_0001561,train,6,4,4,1.0
tut_top5_train_0001562,train,6,3,3,1.0
tut_top5_train_0001563,train,6,4,4,1.0
tut_top5_train_0001564,train,6,1,1,1.0
tut_top5_train_0001565,train,6,2,2,1.0
tut_top5_train_0001566,train,6,5,5,1.0
tut_top5_train_0001567,train,6,2,2,1.0
tut_top5_train_0001568,train,6,0,0,1.0
tut_top5_train_0001569,train,6,0,0,1.0
tut_top5_train_0001570,train,6,4,4,1.0
tut_top5_train_0001571,train,6,5,5,1.0
tut_top5_train_0001572,train,6,5,5,1.0
tut_top5_train_0001573,train,6,4,4,1.0
tut_top5_train_0001574,train,6,3,3,1.0
tut_top5_train_0001575,train,6,0,0,1.0
tut_top5_train_0001576,train,6,4,4,1.0
tut_top5_train_0001577,train,6,2,2,1.0
tut_top5_train_0001578,train,6,2,2,1.0
tut_top5_train_0001579,train,6,4,4,1.0
tut_top5_train_0001580,train,6,5,5,1.0
tut_top5_train_0001581,train,6,0,0,1.0
tut_top5_train_0001582,train,6,4,4,1.0
tut_top5_train_0001583,train,6,1,1,1.0
tut_top5_train_0001584,train,6,1,1,1.0
tut_top5_train_0001585,train,6,1,1,1.0
tut_top5_train_0001586,train,6,5,5,1.0
tut_top5_train_0001587,train,6,3,3,1.0
tut_top5_train_0001588,train,6,0,0,1.0
tut_top5_train_0001589,train,6,4,4,1.0
tut_top5_train_0001590,train,6,5,5,1.0
tut_top5_train_0001591,train,6,5,5,1.0
tut_top5_train_0001592,train,6,5,5,1.0
tut_top5_train_0001593,train,6,5,5,1.0
tut_top5_train_0001594,train,6,5,5,1.0
tut_top5_train_0001595,train,6,2,2,1.0
tut_top5_train_0001596,train,6,0,0,1.0
tut_top5_train_0001597,train,6,1,1,1.0
tut_top5_train_0001598,train,6,3,3,1.0
tut_top5_train_0001599,train,6,2,2,1.0
tut_top5_train_0001600,train,6,3,3,1.0
tut_top5_train_0001601,train,6,5,5,1.0
tut_top5_train_0001602,train,6,5,5,1.0
tut_top5_train_0001603,train,6,4,4,1.0
tut_top5_train_0001604,train,6,5,5,1.0
tut_top5_train_0001605,train,6,4,4,1.0
tut_top5_train_0001606,train,6,2,2,1.0
tut_top5_train_0001607,train,6,2,2,1.0
tut_top5_train_0001608,train,6,1,1,1.0
tut_top5_train_0001609,train,6,0,0,1.0
tut_top5_train_0001610,train,6,3,3,1.0
tut_top5_train_0001611,train,6,2,2,1.0
tut_top5_train_0001612,train,6,3,3,1.0
tut_top5_train_0001613,train,6,5,5,1.0
tut_top5_train_0001614,train,6,1,1,1.0
tut_top5_train_0001615,train,6,0,0,1.0
tut_top5_train_0001616,train,6,4,4,1.0
tut_top5_train_0001617,train,6,3,3,1.0
tut_top5_train_0001618,train,6,5,5,1.0
tut_top5_train_0001619,train,6,2,2,1.0
tut_top5_train_0001620,train,6,4,4,1.0
tut_top5_train_0001621,train,6,5,5,1.0
tut_top5_train_0001622,train,6,2,2,1.0
tut_top5_train_0001623,train,6,0,0,1.0
tut_top5_train_0001624,train,6,5,5,1.0
tut_top5_train_0001625,train,6,5,5,1.0
tut_top5_train_0001626,train,6,4,4,1.0
tut_top5_train_0001627,train,6,2,2,1.0
tut_top5_train_0001628,train,6,5,5,1.0
tut_top5_train_0001629,train,6,5,5,1.0
tut_top5_train_0001630,train,6,5,5,1.0
tut_top5_train_0001631,train,6,5,5,1.0
tut_top5_train_0001632,train,6,3,3,1.0
tut_top5_train_0001633,train,6,5,5,1.0
tut_top5_train_0001634,train,6,1,1,1.0
tut_top5_train_0001635,train,6,1,1,1.0
tut_top5_train_0001636,train,6,1,1,1.0
tut_top5_train_0001637,train,6,3,3,1.0
tut_top5_train_0001638,train,6,4,4,1.0
tut_top5_train_0001639,train,6,1,1,1.0
tut_top5_train_0001640,train,6,4,4,1.0
tut_top5_train_0001641,train,6,0,0,1.0
tut_top5_train_0001642,train,6,2,2,1.0
tut_top5_train_0001643,train,6,5,5,1.0
tut_top5_train_0001644,train,6,1,1,1.0
tut_top5_train_0001645,train,6,0,0,1.0
tut_top5_train_0001646,train,6,4,4,1.0
tut_top5_train_0001647,train,6,1,1,1.0
tut_top5_train_0001648,train,6,2,2,1.0
tut_top5_train_0001649,train,6,3,3,1.0
tut_top5_train_0001650,train,6,4,4,1.0
tut_top5_train_0001651,train,6,1,1,1.0
tut_top5_train_0001652,train,6,5,5,1.0
tut_top5_train_0001653,train,6,0,0,1.0
tut_top5_train_0001654,train,6,4,4,1.0
tut_top5_train_0001655,train,6,0,0,1.0
tut_top5_train_0001656,train,6,4,4,1.0
tut_top5_train_0001657,train,6,4,4,1.0
tut_top5_train_0001658,train,6,5,5,1.0
tut_top5_train_0001659,train,6,0,0,1.0
tut_top5_train_0001660,train,6,5,5,1.0
tut_top5_train_0001661,train,6,5,5,1.0
tut_top5_train_0001662,train,6,3,3,1.0
tut_top5_train_0001663,train,6,4,4,1.0
tut_top5_train_0001664,train,6,1,1,1.0
tut_top5_train_0001665,train,6,0,0,1.0
tut_top5_train_0001666,train,6,2,2,1.0
tut_top5_train_0001667,train,6,3,3,1.0
tut_top5_train_0001668,train,6,4,4,1.0
tut_top5_train_0001669,train,6,2,2,1.0
tut_top5_train_0001670,train,6,1,1,1.0
tut_top5_train_0001671,train,6,5,5,1.0
tut_top5_train_0001672,train,6,2,2,1.0
tut_top5_train_0001673,train,6,2,2,1.0
tut_top5_train_0001674,train,6,0,0,1.0
tut_top5_train_0001675,train,6,1,1,1.0
tut_top5_train_0001676,train,6,5,5,1.0
tut_top5_train_0001677,train,6,1,1,1.0
tut_top5_train_0001678,train,6,1,1,1.0
tut_top5_train_0001679,train,6,3,3,1.0
tut_top5_train_0001680,train,6,5,5,1.0
tut_top5_train_0001681,train,6,1,1,1.0
tut_top5_train_0001682,train,6,1,1,1.0
tut_top5_train_0001683,train,6,0,0,1.0
tut_top5_train_0001684,train,6,4,4,1.0
tut_top5_train_0001685,train,6,3,3,1.0
tut_top5_train_0001686,train,6,4,4,1.0
tut_top5_train_0001687,train,6,3,3,1.0
tut_top5_train_0001688,train,6,2,2,1.0
tut_top5_train_0001689,train,6,5,5,1.0
tut_top5_train_0001690,train,6,5,5,1.0
tut_top5_train_0001691,train,6,5,5,1.0
tut_top5_train_0001692,train,6,3,3,1.0
tut_top5_train_0001693,train,6,2,2,1.0
tut_top5_train_0001694,train,6,4,4,1.0
tut_top5_train_0001695,train,6,3,3,1.0
tut_top5_train_0001696,train,6,2,2,1.0
tut_top5_train_0001697,train,6,5,5,1.0
tut_top5_train_0001698,train,6,2,2,1.0
tut_top5_train_0001699,train,6,4,4,1.0
tut_top5_train_0001700,train,6,3,3,1.0
tut_top5_train_0001701,train,6,0,0,1.0
tut_top5_train_0001702,train,6,3,3,1.0
tut_top5_train_0001703,train,6,1,1,1.0
tut_top5_train_0001704,train,6,2,2,1.0
tut_top5_train_0001705,train,6,2,2,1.0
tut_top5_train_0001706,train,6,2,2,1.0
tut_top5_train_0001707,train,6,3,3,1.0
tut_top5_train_0001708,train,6,3,3,1.0
tut_top5_train_0001709,train,6,2,2,1.0
tut_top5_train_0001710,train,6,1,1,1.0
tut_top5_train_0001711,train,6,1,1,1.0
tut_top5_train_0001712,train,6,5,5,1.0
tut_top5_train_0001713,train,6,3,3,1.0
tut_top5_train_0001714,train,6,5,5,1.0
tut_top5_train_0001715,train,6,2,2,1.0
tut_top5_train_0001716,train,6,2,2,1.0
tut_top5_train_0001717,train,6,4,4,1.0
tut_top5_train_0001718,train,6,4,4,1.0
tut_top5_train_0001719,train,6,1,1,1.0
tut_top5_train_0001720,train,6,1,1,1.0
tut_top5_train_0001721,train,6,1,1,1.0
tut_top5_train_0001722,train,6,3,3,1.0
tut_top5_train_0001723,train,6,2,2,1.0
tut_top5_train_0001724,train,6,1,1,1.0
tut_top5_train_0001725,train,6,0,0,1.0
tut_top5_train_0001726,train,6,5,5,1.0
tut_top5_train_0001727,train,6,4,4,1.0
tut_top5_train_0001728,train,6,2,2,1.0
tut_top5_train_0001729,train,6,1,1,1.0
tut_top5_train_0001730,train,6,3,3,1.0
tut_top5_train_0001731,train,6,2,2,1.0
tut_top5_train_0001732,train,6,0,0,1.0
tut_top5_train_0001733,train,6,3,3,1.0
tut_top5_train_0001734,train,6,5,5,1.0
tut_top5_train_0001735,train,6,4,4,1.0
tut_top5_train_0001736,train,6,5,5,1.0
tut_top5_train_0001737,train,6,2,2,1.0
tut_top5_train_0001738,train,6,4,4,1.0
tut_top5_train_0001739,train,6,2,2,1.0
tut_top5_train_0001740,train,6,3,3,1.0
tut_top5_train_0001741,train,6,0,0,1.0
tut_top5_train_0001742,train,6,2,2,1.0
tut_top5_train_0001743,train,6,5,5,1.0
tut_top5_train_0001744,train,6,5,5,1.0
tut_top5_train_0001745,train,6,4,4,1.0
tut_top5_train_0001746,train,6,5,5,1.0
tut_top5_train_0001747,train,6,4,4,1.0
tut_top5_train_0001748,train,6,0,0,1.0
tut_top5_train_0001749,train,6,5,5,1.0
tut_top5_train_0001750,train,6,3,3,1.0
tut_top5_train_0001751,train,6,5,5,1.0
tut_top5_train_0001752,train,6,1,1,1.0
tut_top5_train_0001753,train,6,0,0,1.0
tut_top5_train_0001754,train,6,5,5,1.0
tut_top5_train_0001755,train,6,0,0,1.0
tut_top5_train_0001756,train,6,1,1,1.0
tut_top5_train_0001757,train,6,3,3,1.0
tut_top5_train_0001758,train,6,1,1,1.0
tut_top5_train_0001759,train,6,2,2,1.0
tut_top5_train_0001760,train,6,0,0,1.0
tut_top5_train_0001761,train,6,0,0,1.0
tut_top5_train_0001762,train,6,5,5,1.0
tut_top5_train_0001763,train,6,0,0,1.0
tut_top5_train_0001764,train,6,1,1,1.0
tut_top5_train_0001765,train,6,5,5,1.0
tut_top5_train_0001766,train,6,1,1,1.0
tut_top5_train_0001767,train,6,4,4,1.0
tut_top5_train_0001768,train,6,5,5,1.0
tut_top5_train_0001769,train,6,3,3,1.0
tut_top5_train_0001770,train,6,1,1,1.0
tut_top5_train_0001771,train,6,3,3,1.0
tut_top5_train_0001772,train,6,5,5,1.0
tut_top5_train_0001773,train,6,2,2,1.0
tut_top5_train_0001774,train,6,3,3,1.0
tut_top5_train_0001775,train,6,0,0,1.0
tut_top5_train_0001776,train,6,4,4,1.0
tut_top5_train_0001777,train,6,0,0,1.0
tut_top5_train_0001778,train,6,0,0,1.0
tut_top5_train_0001779,train,6,4,4,1.0
tut_top5_train_0001780,train,6,4,4,1.0
tut_top5_train_0001781,train,6,5,5,1.0
tut_top5_train_0001782,train,6,3,3,1.0
tut_top5_train_0001783,train,6,0,0,1.0
tut_top5_train_0001784,train,6,2,2,1.0
tut_top5_train_0001785,train,6,0,0,1.0
tut_top5_train_0001786,train,6,4,4,1.0
tut_top5_train_0001787,train,6,0,0,1.0
tut_top5_train_0001788,train,6,1,1,1.0
tut_top5_train_0001789,train,6,5,5,1.0
tut_top5_train_0001790,train,6,5,5,1.0
tut_top5_train_0001791,train,6,2,2,1.0
tut_top5_train_0001792,train,6,4,4,1.0
tut_top5_train_0001793,train,6,1,1,1.0
tut_top5_train_0001794,train,6,4,4,1.0
tut_top5_train_0001795,train,6,1,1,1.0
tut_top5_train_0001796,train,6,2,2,1.0
tut_top5_train_0001797,train,6,4,4,1.0
tut_top5_train_0001798,train,6,0,0,1.0
tut_top5_train_0001799,train,6,4,4,1.0
tut_top5_train_0001800,train,6,3,3,1.0
tut_top5_train_0001801,train,6,5,5,1.0
tut_top5_train_0001802,train,6,2,2,1.0
tut_top5_train_0001803,train,6,3,3,1.0
tut_top5_train_0001804,train,6,1,1,1.0
tut_top5_train_0001805,train,6,4,4,1.0
tut_top5_train_0001806,train,6,4,4,1.0
tut_top5_train_0001807,train,6,5,5,1.0
tut_top5_train_0001808,train,6,0,0,1.0
tut_top5_train_0001809,train,6,1,1,1.0
tut_top5_train_0001810,train,6,1,1,1.0
tut_top5_train_0001811,train,6,3,3,1.0
tut_top5_train_0001812,train,6,4,4,1.0
tut_top5_train_0001813,train,6,0,0,1.0
tut_top5_train_0001814,train,6,2,2,1.0
tut_top5_train_0001815,train,6,4,4,1.0
tut_top5_train_0001816,train,6,5,5,1.0
tut_top5_train_0001817,train,6,3,3,1.0
tut_top5_train_0001818,train,6,0,0,1.0
tut_top5_train_0001819,train,6,5,5,1.0
tut_top5_train_0001820,train,6,1,1,1.0
tut_top5_train_0001821,train,6,3,3,1.0
tut_top5_train_0001822,train,6,4,4,1.0
tut_top5_train_0001823,train,6,5,5,1.0
tut_top5_train_0001824,train,6,0,0,1.0
tut_top5_train_0001825,train,6,4,4,1.0
tut_top5_train_0001826,train,6,0,0,1.0
tut_top5_train_0001827,train,6,1,1,1.0
tut_top5_train_0001828,train,6,0,0,1.0
tut_top5_train_0001829,train,6,1,1,1.0
tut_top5_train_0001830,train,6,1,1,1.0
tut_top5_train_0001831,train,6,1,1,1.0
tut_top5_train_0001832,train,6,1,1,1.0
tut_top5_train_0001833,train,6,4,4,1.0
tut_top5_train_0001834,train,6,3,3,1.0
tut_top5_train_0001835,train,6,3,3,1.0
tut_top5_train_0001836,train,6,0,0,1.0
tut_top5_train_0001837,train,6,0,0,1.0
tut_top5_train_0001838,train,6,4,4,1.0
tut_top5_train_0001839,train,6,0,0,1.0
tut_top5_train_0001840,train,6,2,2,1.0
tut_top5_train_0001841,train,6,4,4,1.0
tut_top5_train_0001842,train,6,0,0,1.0
tut_top5_train_0001843,train,6,4,4,1.0
tut_top5_train_0001844,train,6,5,5,1.0
tut_top5_train_0001845,train,6,5,5,1.0
tut_top5_train_0001846,train,6,2,2,1.0
tut_top5_train_0001847,train,6,3,3,1.0
tut_top5_train_0001848,train,6,1,1,1.0
tut_top5_train_0001849,train,6,3,3,1.0
tut_top5_train_0001850,train,6,4,4,1.0
tut_top5_train_0001851,train,6,4,4,1.0
tut_top5_train_0001852,train,6,2,2,1.0
tut_top5_train_0001853,train,6,4,4,1.0
tut_top5_train_0001854,train,6,2,2,1.0
tut_top5_train_0001855,train,6,5,5,1.0
tut_top5_train_0001856,train,6,3,3,1.0
tut_top5_train_0001857,train,6,3,3,1.0
tut_top5_train_0001858,train,6,2,2,1.0
tut_top5_train_0001859,train,6,2,2,1.0
tut_top5_train_0001860,train,6,2,2,1.0
tut_top5_train_0001861,train,6,2,2,1.0
tut_top5_train_0001862,train,6,3,3,1.0
tut_top5_train_0001863,train,6,3,3,1.0
tut_top5_train_0001864,train,6,0,0,1.0
tut_top5_train_0001865,train,6,5,5,1.0
tut_top5_train_0001866,train,6,4,4,1.0
tut_top5_train_0001867,train,6,1,1,1.0
tut_top5_val_0000000,val,6,5,5,0.470684816337181
tut_top5_val_0000001,val,6,3,3,0.6964725238775231
tut_top5_val_0000002,val,6,1,1,0.7736703819620837
tut_top5_val_0000003,val,6,4,4,0.9255917551023507
tut_top5_val_0000004,val,6,4,4,0.8393959736426959
tut_top5_val_0000005,val,6,0,0,0.7113506614343312
tut_top5_val_0000006,val,6,2,2,0.7762026740273906
tut_top5_val_0000007,val,6,3,3,0.9952037516049894
tut_top5_val_0000008,val,6,4,4,0.5136534396238521
tut_top5_val_0000009,val,6,2,4,0.3915077183548585
tut_top5_val_0000010,val,6,0,0,0.8394802440446902
tut_top5_val_0000011,val,6,0,0,0.8680946964404421
tut_top5_val_0000012,val,6,1,1,0.5221578944625025
tut_top5_val_0000013,val,6,5,5,0.7740921308293154
tut_top5_val_0000014,val,6,4,4,0.9497109381213672
tut_top5_val_0000015,val,6,4,4,0.6777757291909144
tut_top5_val_0000016,val,6,5,5,0.8796221348358294
tut_top5_val_0000017,val,6,4,4,0.8869237541981034
tut_top5_val_0000018,val,6,1,1,0.83100339064884
tut_top5_val_0000019,val,6,4,4,0.9185068297848862
tut_top5_val_0000020,val,6,5,1,0.5613567283771514
tut_top5_val_0000021,val,6,5,5,0.9663903049594493
tut_top5_val_0000022,val,6,2,2,0.9546093420804008
tut_top5_val_0000023,val,6,3,3,0.9246490571673397
tut_top5_val_0000024,val,6,5,5,0.9165897356196229
tut_top5_val_0000025,val,6,1,1,0.6311260731391534
tut_top5_val_0000026,val,6,1,1,0.818977164151975
tut_top5_val_0000027,val,6,0,0,0.756264403303024
tut_top5_val_0000028,val,6,4,4,0.6201035502840822
tut_top5_val_0000029,val,6,1,1,0.8942538667096801
tut_top5_val_0000030,val,6,4,4,0.9877151636541156
tut_top5_val_0000031,val,6,2,2,0.9119697645418436
tut_top5_val_0000032,val,6,5,5,0.9467482959250709
tut_top5_val_0000033,val,6,0,0,0.9563725710106631
tut_top5_val_0000034,val,6,2,2,0.9520924076436934
tut_top5_val_0000035,val,6,3,3,0.8543462519642192
tut_top5_val_0000036,val,6,2,2,0.9153206363333353
tut_top5_val_0000037,val,6,5,5,0.8834162836191052
tut_top5_val_0000038,val,6,5,5,0.9177292884573344
tut_top5_val_0000039,val,6,2,2,0.8408204626544092
tut_top5_val_0000040,val,6,1,1,0.9103737343401623
tut_top5_val_0000041,val,6,2,2,0.8830461148399322
tut_top5_val_0000042,val,6,3,3,0.8151538183280972
tut_top5_val_0000043,val,6,5,5,0.6664688758289062
tut_top5_val_0000044,val,6,1,1,0.893909398067073
tut_top5_val_0000045,val,6,0,0,0.9540833361114609
tut_top5_val_0000046,val,6,2,2,0.9296333550401235
tut_top5_val_0000047,val,6,0,0,0.7957459808768854
tut_top5_val_0000048,val,6,1,1,0.9944747657407059
tut_top5_val_0000049,val,6,2,2,0.8949455090612944
tut_top5_val_0000050,val,6,3,3,0.5813677080078925
tut_top5_val_0000051,val,6,3,3,0.8834978607280465
tut_top5_val_0000052,val,6,3,3,0.6096553926952675
tut_top5_val_0000053,val,6,2,2,0.8343070563737526
tut_top5_val_0000054,val,6,2,2,0.9566275807609123
tut_top5_val_0000055,val,6,2,2,0.8646620722540043
tut_top5_val_0000056,val,6,5,5,0.6275315882412401
tut_top5_val_0000057,val,6,0,0,0.9953038146541308
tut_top5_val_0000058,val,6,4,4,0.9878821798248765
tut_top5_val_0000059,val,6,2,1,0.8618515954623885
tut_top5_val_0000060,val,6,1,1,0.723945102830812
tut_top5_val_0000061,val,6,5,5,0.6792060979298168
tut_top5_val_0000062,val,6,1,1,0.8174601290155792
tut_top5_val_0000063,val,6,2,1,0.46829939467916487
tut_top5_val_0000064,val,6,2,2,0.9974015189457082
tut_top5_val_0000065,val,6,4,4,0.9310861210141637
tut_top5_val_0000066,val,6,5,5,0.889369687175938
tut_top5_val_0000067,val,6,2,2,0.9127670854006241
tut_top5_val_0000068,val,6,0,0,0.6774385868705525
tut_top5_val_0000069,val,6,5,5,0.48570819589709857
tut_top5_val_0000070,val,6,3,3,0.9900881382753793
tut_top5_val_0000071,val,6,0,0,0.9976173903840296
tut_top5_val_0000072,val,6,0,0,0.896335646409261
tut_top5_val_0000073,val,6,2,2,0.9870969869683753
tut_top5_val_0000074,val,6,1,1,0.9602557230481866
tut_top5_val_0000075,val,6,1,1,0.9439766000712592
tut_top5_val_0000076,val,6,3,3,0.6391791554698414
tut_top5_val_0000077,val,6,2,2,0.9733212593065451
tut_top5_val_0000078,val,6,2,2,0.4891661973978176
tut_top5_val_0000079,val,6,3,3,0.952844629011881
tut_top5_val_0000080,val,6,2,2,0.9896227098677427
tut_top5_val_0000081,val,6,2,2,0.9711931107000525
tut_top5_val_0000082,val,6,1,1,0.5714348309102921
tut_top5_val_0000083,val,6,5,5,0.8002977614157761
tut_top5_val_0000084,val,6,3,3,0.9431957034672945
tut_top5_val_0000085,val,6,1,1,0.6976039343605648
tut_top5_val_0000086,val,6,2,2,0.7331915718817308
tut_top5_val_0000087,val,6,5,3,0.6886150313403587
tut_top5_val_0000088,val,6,3,3,0.9894838389165257
tut_top5_val_0000089,val,6,2,2,0.9030512237130075
tut_top5_val_0000090,val,6,3,3,0.6077453499173575
tut_top5_val_0000091,val,6,1,1,0.7819577125058403
tut_top5_val_0000092,val,6,2,2,0.8188571680910386
tut_top5_val_0000093,val,6,3,3,0.6409600879440212
tut_top5_val_0000094,val,6,1,1,0.7778203391272441
tut_top5_val_0000095,val,6,1,1,0.643645618332559
tut_top5_val_0000096,val,6,0,5,0.7595943567125341
tut_top5_val_0000097,val,6,1,1,0.581347523603472
tut_top5_val_0000098,val,6,3,3,0.579622036442552
tut_top5_val_0000099,val,6,3,3,0.9995584415584414
tut_top5_val_0000100,val,6,0,5,0.5103733766173305
tut_top5_val_0000101,val,6,5,5,0.9026053726072887
tut_top5_val_0000102,val,6,3,3,0.8461641004378191
tut_top5_val_0000103,val,6,5,5,0.7679509815883724
tut_top5_val_0000104,val,6,4,4,0.9400528644901756
tut_top5_val_0000105,val,6,5,5,0.35851003466755665
tut_top5_val_0000106,val,6,3,3,0.857077579070189
tut_top5_val_0000107,val,6,1,1,0.9154748235611383
tut_top5_val_0000108,val,6,4,4,0.9967971928309118
tut_top5_val_0000109,val,6,2,2,0.9642111580987074
tut_top5_val_0000110,val,6,2,2,0.9941129124357437
tut_top5_val_0000111,val,6,1,5,0.39251422021573323
tut_top5_val_0000112,val,6,5,1,0.5949844132341365
tut_top5_val_0000113,val,6,0,0,0.9691359523976185
tut_top5_val_0000114,val,6,2,2,0.9945439029732316
tut_top5_val_0000115,val,6,5,0,0.5712107105937233
tut_top5_val_0000116,val,6,0,0,0.9909598070890411
tut_top5_val_0000117,val,6,4,4,0.9591143422578621
tut_top5_val_0000118,val,6,1,4,0.49404442219136135
tut_top5_val_0000119,val,6,3,3,0.9342014945795699
tut_top5_val_0000120,val,6,5,5,0.9371808875598088
tut_top5_val_0000121,val,6,2,2,0.9931128391605618
tut_top5_val_0000122,val,6,1,1,0.9771986891648357
tut_top5_val_0000123,val,6,4,4,0.71225033071102
tut_top5_val_0000124,val,6,3,3,0.5415562891287182
tut_top5_val_0000125,val,6,3,3,0.9974650107408888
tut_top5_val_0000126,val,6,5,5,0.8471322609289258
tut_top5_val_0000127,val,6,4,4,0.8766672126774832
tut_top5_val_0000128,val,6,4,4,0.973502269706135
tut_top5_val_0000129,val,6,4,4,0.9888194953527648
tut_top5_val_0000130,val,6,0,5,0.5353587363299398
tut_top5_val_0000131,val,6,3,3,0.9786762270073491
tut_top5_val_0000132,val,6,1,1,0.7287632714625569
tut_top5_val_0000133,val,6,3,3,0.983442028151623
tut_top5_val_0000134,val,6,2,2,0.9959720790540891
tut_top5_val_0000135,val,6,3,3,0.8549391157542161
tut_top5_val_0000136,val,6,5,5,0.6878745443423273
tut_top5_val_0000137,val,6,2,2,0.9985320197044335
tut_top5_val_0000138,val,6,2,2,0.7412100192462183
tut_top5_val_0000139,val,6,1,1,0.9928050420354255
tut_top5_val_0000140,val,6,2,2,0.9418694307277109
tut_top5_val_0000141,val,6,4,4,0.81112194437376
tut_top5_val_0000142,val,6,2,2,0.7546248195432288
tut_top5_val_0000143,val,6,4,4,0.9400224731345895
tut_top5_val_0000144,val,6,2,3,0.5085454018997081
tut_top5_val_0000145,val,6,0,0,0.973319357417992
tut_top5_val_0000146,val,6,0,0,0.3236820678556844
tut_top5_val_0000147,val,6,5,5,0.6900189667260257
tut_top5_val_0000148,val,6,3,3,0.9303031129999764
tut_top5_val_0000149,val,6,3,3,0.999744668068489
tut_top5_val_0000150,val,6,1,1,0.8152175652560595
tut_top5_val_0000151,val,6,0,0,0.9727065295816724
tut_top5_val_0000152,val,6,0,0,0.3511598232715041
tut_top5_val_0000153,val,6,3,3,0.6271746313678944
tut_top5_val_0000154,val,6,1,1,0.8999057881846931
tut_top5_val_0000155,val,6,0,0,0.560073409205999
tut_top5_val_0000156,val,6,3,3,0.9684174933894047
tut_top5_val_0000157,val,6,2,2,0.99702703853085
tut_top5_val_0000158,val,6,5,5,0.5692467117141556
tut_top5_val_0000159,val,6,4,4,0.9686978857392122
tut_top5_val_0000160,val,6,2,2,0.966184688904335
tut_top5_val_0000161,val,6,4,4,0.6227443480423632
tut_top5_val_0000162,val,6,3,3,0.9938352830993945
tut_top5_val_0000163,val,6,4,4,0.8557855322221377
tut_top5_val_0000164,val,6,1,1,0.984215548441706
tut_top5_val_0000165,val,6,1,5,0.7611827573748227
tut_top5_val_0000166,val,6,3,5,0.6735743465099172
tut_top5_val_0000167,val,6,5,5,0.6129146673636248
tut_top5_val_0000168,val,6,4,1,0.43818042095104986
tut_top5_val_0000169,val,6,3,3,0.8541508527500429
tut_top5_val_0000170,val,6,5,5,0.7425528654979827
tut_top5_val_0000171,val,6,4,4,1.0
tut_top5_val_0000172,val,6,3,3,0.5459986551311353
tut_top5_val_0000173,val,6,3,3,0.8357086736404853
tut_top5_val_0000174,val,6,1,1,0.7303374844844589
tut_top5_val_0000175,val,6,1,1,0.917222696656019
tut_top5_val_0000176,val,6,5,5,0.9895931857517145
tut_top5_val_0000177,val,6,3,3,0.6601006186903408
tut_top5_val_0000178,val,6,3,3,1.0
tut_top5_val_0000179,val,6,0,0,0.9551609962786002
tut_top5_val_0000180,val,6,3,3,0.6288983980147609
tut_top5_val_0000181,val,6,1,1,0.8891806986506565
tut_top5_val_0000182,val,6,4,4,0.998649785898844
tut_top5_val_0000183,val,6,1,1,0.8816724422692027
tut_top5_val_0000184,val,6,3,5,0.45084580861489454
tut_top5_val_0000185,val,6,1,1,0.665361095199696
tut_top5_val_0000186,val,6,0,0,0.9778743266007595
tut_top5_val_0000187,val,6,2,2,0.9238694363287968
tut_top5_val_0000188,val,6,2,2,0.9043605464095924
tut_top5_val_0000189,val,6,5,5,0.9583185269965666
tut_top5_val_0000190,val,6,0,0,0.7704675888800676
tut_top5_val_0000191,val,6,1,1,0.751822876292568
tut_top5_val_0000192,val,6,4,4,0.8192015050340217
tut_top5_val_0000193,val,6,1,1,0.9549482335596082
tut_top5_val_0000194,val,6,5,5,0.7250587157035868
tut_top5_val_0000195,val,6,5,5,0.5249744319105535
tut_top5_val_0000196,val,6,5,5,0.6202732199129848
tut_top5_val_0000197,val,6,3,5,0.5293199734058969
tut_top5_val_0000198,val,6,4,4,0.602239288105196
tut_top5_val_0000199,val,6,1,1,0.8842989579126396
tut_top5_val_0000200,val,6,5,5,0.9732366967787306
tut_top5_val_0000201,val,6,1,1,0.999697700296736
tut_top5_val_0000202,val,6,1,1,0.8968980654726519
tut_top5_val_0000203,val,6,0,0,0.9587065660662504
tut_top5_val_0000204,val,6,3,3,0.9894397611381716
tut_top5_val_0000205,val,6,2,2,0.7956005403298246
tut_top5_val_0000206,val,6,4,4,0.9265491215860231
tut_top5_val_0000207,val,6,1,1,0.8150230143618328
tut_top5_val_0000208,val,6,2,2,0.8411996213667101
tut_top5_val_0000209,val,6,3,3,0.9171887922404858
tut_top5_val_0000210,val,6,1,1,0.9139644061277522
tut_top5_val_0000211,val,6,5,5,0.6522453179206803
tut_top5_val_0000212,val,6,0,5,0.5137014892648156
tut_top5_val_0000213,val,6,5,5,0.5372022261603556
tut_top5_val_0000214,val,6,3,3,0.9937796123474516
tut_top5_val_0000215,val,6,5,5,0.8371918511315228
tut_top5_val_0000216,val,6,3,3,0.9699220453326095
tut_top5_val_0000217,val,6,2,1,0.7523258557222221
tut_top5_val_0000218,val,6,5,5,0.666998117343728
tut_top5_val_0000219,val,6,4,4,0.9221649780036324
tut_top5_val_0000220,val,6,1,1,0.7306102816045716
tut_top5_val_0000221,val,6,2,2,0.9242175616146343
tut_top5_val_0000222,val,6,4,4,0.9989622602534449
tut_top5_val_0000223,val,6,3,3,0.9980827219743822
tut_top5_val_0000224,val,6,3,3,0.5725737478083477
tut_top5_val_0000225,val,6,4,4,0.9875752722690306
tut_top5_val_0000226,val,6,1,1,0.9125204744285469
tut_top5_val_0000227,val,6,0,0,0.9506723203959839
tut_top5_val_0000228,val,6,5,1,0.3924014410355947
tut_top5_val_0000229,val,6,5,5,0.6894038328681741
tut_top5_val_0000230,val,6,2,2,0.8930532306496596
tut_top5_val_0000231,val,6,4,4,0.7778185415049567
tut_top5_val_0000232,val,6,4,4,0.9916348647597895
tut_top5_val_0000233,val,6,0,5,0.7093871384271764
tut_top5_val_0000234,val,6,5,5,0.6370068759227382
tut_top5_val_0000235,val,6,3,3,0.7530693175901589
tut_top5_val_0000236,val,6,4,4,0.8081447692379693
tut_top5_val_0000237,val,6,1,1,0.7981871263572125
tut_top5_val_0000238,val,6,1,1,0.7573348643848813
tut_top5_val_0000239,val,6,1,1,0.8912052034219318
tut_top5_val_0000240,val,6,5,5,0.6404817551567585
tut_top5_val_0000241,val,6,5,5,0.7083515046093778
tut_top5_val_0000242,val,6,1,1,0.8600851908681436
tut_top5_val_0000243,val,6,2,2,0.909044047391076
tut_top5_val_0000244,val,6,2,2,0.8152835987803358
tut_top5_val_0000245,val,6,3,3,0.5594869683055089
tut_top5_val_0000246,val,6,1,1,0.9160615065621043
tut_top5_val_0000247,val,6,0,0,0.9049211753489562
tut_top5_val_0000248,val,6,2,2,0.7723755541892223
tut_top5_val_0000249,val,6,2,2,0.9202427491744918
tut_top5_val_0000250,val,6,1,1,0.5520627393322729
tut_top5_val_0000251,val,6,0,5,0.5403057065408786
tut_top5_val_0000252,val,6,5,5,0.8711794204430654
tut_top5_val_0000253,val,6,3,3,0.9643427923697773
tut_top5_val_0000254,val,6,3,5,0.648245231465602
tut_top5_val_0000255,val,6,2,4,0.6868171359492855
tut_top5_val_0000256,val,6,0,0,0.9396521249861128
tut_top5_val_0000257,val,6,2,4,0.3934110032442926
tut_top5_val_0000258,val,6,4,4,0.9994476629204027
tut_top5_val_0000259,val,6,5,5,0.760681574876221
tut_top5_val_0000260,val,6,4,1,0.5008727934922337
tut_top5_val_0000261,val,6,4,2,0.4780869039872151
tut_top5_val_0000262,val,6,2,2,0.9883440932686927
tut_top5_val_0000263,val,6,0,0,0.7125574841652028
tut_top5_val_0000264,val,6,2,2,0.7873911934227416
tut_top5_val_0000265,val,6,0,0,0.9981369749372032
tut_top5_val_0000266,val,6,5,5,0.7947522460612025
tut_top5_val_0000267,val,6,0,0,0.9830014984273328
tut_top5_val_0000268,val,6,0,0,0.8919145108203449
tut_top5_val_0000269,val,6,5,3,0.5853665123891699
tut_top5_val_0000270,val,6,1,1,0.8906832518169793
tut_top5_val_0000271,val,6,3,3,0.9244145086010804
tut_top5_val_0000272,val,6,0,0,0.5003971549632236
tut_top5_val_0000273,val,6,1,1,0.998800123204225
tut_top5_val_0000274,val,6,0,0,0.9827734332154654
tut_top5_val_0000275,val,6,2,2,0.8852094976828303
tut_top5_val_0000276,val,6,4,4,0.9702553128296496
tut_top5_val_0000277,val,6,1,5,0.8459278143491723
tut_top5_val_0000278,val,6,3,3,0.5929352188384626
tut_top5_val_0000279,val,6,3,3,0.7806461319852898
tut_top5_val_0000280,val,6,1,1,0.9537067725118444
tut_top5_val_0000281,val,6,2,2,0.9149336053815422
tut_top5_val_0000282,val,6,1,1,0.7363203557719379
tut_top5_val_0000283,val,6,5,5,0.5461722495352899
tut_top5_val_0000284,val,6,3,3,0.5688500147210278
tut_top5_val_0000285,val,6,0,0,0.8653771054674226
tut_top5_val_0000286,val,6,1,1,0.9956792251249799
tut_top5_val_0000287,val,6,3,3,0.6619668180196014
tut_top5_val_0000288,val,6,4,4,0.9968129001636943
tut_top5_val_0000289,val,6,5,5,0.9870803438347993
tut_top5_val_0000290,val,6,2,2,0.9719297898903644
tut_top5_val_0000291,val,6,5,5,0.5409383699000688
tut_top5_val_0000292,val,6,1,1,0.8685324781958451
tut_top5_val_0000293,val,6,0,0,0.9538955681198442
tut_top5_val_0000294,val,6,4,4,0.9999110683131301
tut_top5_val_0000295,val,6,3,3,0.5939936971486726
tut_top5_val_0000296,val,6,5,5,0.6107948561651648
tut_top5_val_0000297,val,6,5,5,0.8196532056852432
tut_top5_val_0000298,val,6,4,4,0.9638095820982526
tut_top5_val_0000299,val,6,2,2,0.9003069417361351
tut_top5_val_0000300,val,6,4,4,0.9543596781716499
tut_top5_val_0000301,val,6,4,4,0.7410040653886916
tut_top5_val_0000302,val,6,1,1,0.6531410842756903
tut_top5_val_0000303,val,6,1,2,0.701532385434328
tut_top5_val_0000304,val,6,5,5,0.554973115745025
tut_top5_val_0000305,val,6,2,2,0.9656389548319521
tut_top5_val_0000306,val,6,2,2,0.9513558294197346
tut_top5_val_0000307,val,6,1,1,0.7101775187897117
tut_top5_val_0000308,val,6,2,2,0.9971025798128145
tut_top5_val_0000309,val,6,0,0,0.901104610761092
tut_top5_val_0000310,val,6,0,0,0.9259602477762476
tut_top5_val_0000311,val,6,1,1,0.6235502861826885
tut_top5_val_0000312,val,6,2,2,0.9489517328304684
tut_top5_val_0000313,val,6,4,4,0.9401613679991467
tut_top5_val_0000314,val,6,5,5,0.77959450818251
tut_top5_val_0000315,val,6,3,3,0.7194077880154173
tut_top5_val_0000316,val,6,1,1,0.8183142548294852
tut_top5_val_0000317,val,6,3,3,0.9054513636891446
tut_top5_val_0000318,val,6,3,3,0.8960724193851181
tut_top5_val_0000319,val,6,1,1,0.9314700784468757
tut_top5_val_0000320,val,6,3,3,0.917183253588099
tut_top5_val_0000321,val,6,0,5,0.6189584120368533
tut_top5_val_0000322,val,6,2,2,0.6868529951555884
tut_top5_val_0000323,val,6,0,0,0.9961176637679684
tut_top5_val_0000324,val,6,5,3,0.5755351889982205
tut_top5_val_0000325,val,6,0,0,0.8860010912281239
tut_top5_val_0000326,val,6,1,1,0.9158972888712941
tut_top5_val_0000327,val,6,3,3,0.7446144574740765
tut_top5_val_0000328,val,6,1,1,0.924934839276386
tut_top5_val_0000329,val,6,0,0,0.956924099586313
tut_top5_val_0000330,val,6,5,5,0.5912934666943571
tut_top5_val_0000331,val,6,0,0,0.9981253978541487
tut_top5_val_0000332,val,6,0,0,0.9974188524209129
tut_top5_val_0000333,val,6,5,1,0.7089571231744769
tut_top5_val_0000334,val,6,4,4,0.9985902977188921
tut_top5_val_0000335,val,6,3,3,0.7056821949648451
tut_top5_val_0000336,val,6,0,0,0.7308196674324935
tut_top5_val_0000337,val,6,0,0,0.7693835390540624
tut_top5_val_0000338,val,6,5,5,0.909265317404074
tut_top5_val_0000339,val,6,0,0,0.9232216109541718
tut_top5_val_0000340,val,6,1,1,0.8577889311643742
tut_top5_val_0000341,val,6,1,1,0.6906259817013304
tut_top5_val_0000342,val,6,3,3,0.9903587900858157
tut_top5_val_0000343,val,6,2,2,0.9305753182163912
tut_top5_val_0000344,val,6,0,0,0.3912227597638159
tut_top5_val_0000345,val,6,5,5,0.6107086766270939
tut_top5_val_0000346,val,6,1,1,0.9090839511635351
tut_top5_val_0000347,val,6,0,0,0.658832215851659
tut_top5_val_0000348,val,6,0,0,0.9299279051695554
tut_top5_val_0000349,val,6,4,3,0.6896425368387404
tut_top5_val_0000350,val,6,1,1,0.7957210855279423
tut_top5_val_0000351,val,6,5,5,0.594756983492814
tut_top5_val_0000352,val,6,2,2,0.9981172785733166
tut_top5_val_0000353,val,6,3,3,0.9226555596748347
tut_top5_val_0000354,val,6,5,5,0.9412720436448971
tut_top5_val_0000355,val,6,4,4,0.9574136881495854
tut_top5_val_0000356,val,6,1,1,0.6398595674544536
tut_top5_val_0000357,val,6,3,3,0.9834650437564681
tut_top5_val_0000358,val,6,2,2,0.9574262020264903
tut_top5_val_0000359,val,6,5,5,0.6273230955853832
tut_top5_val_0000360,val,6,1,1,0.45256861343110616
tut_top5_val_0000361,val,6,5,0,0.5499673447166593
tut_top5_val_0000362,val,6,2,2,0.6774215081962336
tut_top5_val_0000363,val,6,2,2,0.9669534990992515
tut_top5_val_0000364,val,6,5,5,0.7418202512909525
tut_top5_val_0000365,val,6,5,5,0.4466288831549919
tut_top5_val_0000366,val,6,1,1,0.5800873863037672
tut_top5_val_0000367,val,6,5,5,0.7234291220518898
tut_top5_val_0000368,val,6,5,5,0.9881512621250879
tut_top5_val_0000369,val,6,5,5,0.6172201537505506
tut_top5_val_0000370,val,6,3,5,0.4324076886609709
tut_top5_val_0000371,val,6,4,4,0.6746168834593669
tut_top5_val_0000372,val,6,5,5,0.9649136786437837
tut_top5_val_0000373,val,6,5,5,0.8542439717704597
tut_top5_val_0000374,val,6,4,4,0.8605817678199132
tut_top5_val_0000375,val,6,1,1,0.888683616451283
tut_top5_val_0000376,val,6,3,3,0.9379321274069524
tut_top5_val_0000377,val,6,2,2,0.9665264472858346
tut_top5_val_0000378,val,6,3,5,0.5019741048826362
tut_top5_val_0000379,val,6,1,1,0.9168304398554402
tut_top5_val_0000380,val,6,5,5,0.6675382343148497
tut_top5_val_0000381,val,6,4,4,0.9996794314471225
tut_top5_val_0000382,val,6,2,2,0.9155309843471364
tut_top5_val_0000383,val,6,0,0,0.811333582043046
tut_top5_val_0000384,val,6,3,3,0.9900062155505163
tut_top5_val_0000385,val,6,4,4,0.33288196277176857
tut_top5_val_0000386,val,6,3,3,0.9379710072189893
tut_top5_val_0000387,val,6,0,0,0.8982908639761186
tut_top5_val_0000388,val,6,3,3,0.9638653145960379
tut_top5_val_0000389,val,6,0,0,0.9019987174428775
tut_top5_val_0000390,val,6,1,1,0.7461818191813725
tut_top5_val_0000391,val,6,0,0,0.8556682596023277
tut_top5_val_0000392,val,6,1,1,0.8171908174264702
tut_top5_val_0000393,val,6,3,3,0.654823324442139
tut_top5_val_0000394,val,6,5,5,0.7995882318878377
tut_top5_val_0000395,val,6,3,3,0.9916578128260264
tut_top5_val_0000396,val,6,1,1,0.8291418896415518
tut_top5_val_0000397,val,6,1,1,0.8957393812748193
tut_top5_val_0000398,val,6,1,1,0.5200248690104734
tut_top5_val_0000399,val,6,1,1,0.6380556157681707
tut_top5_val_0000400,val,6,3,5,0.7217772666132507
tut_top5_val_0000401,val,6,2,2,0.8186720221573769
tut_top5_val_0000402,val,6,3,3,0.9986739449163192
tut_top5_val_0000403,val,6,4,4,0.6956455617059851
tut_top5_val_0000404,val,6,2,4,0.46216958716736267
tut_top5_val_0000405,val,6,1,1,0.7401889488438461
tut_top5_val_0000406,val,6,3,3,0.4971860633308667
tut_top5_val_0000407,val,6,5,0,0.5118679539648696
tut_top5_val_0000408,val,6,4,1,0.29496084942247597
tut_top5_test_0000000,test,6,2,2,0.8260584890903699
tut_top5_test_0000001,test,6,4,4,0.9690884079536143
tut_top5_test_0000002,test,6,0,0,0.9948969726100394
tut_top5_test_0000003,test,6,1,2,0.7474170324260969
tut_top5_test_0000004,test,6,2,2,0.8798083997953892
tut_top5_test_0000005,test,6,0,0,0.9307398944423239
tut_top5_test_0000006,test,6,4,4,0.6434182528537522
tut_top5_test_0000007,test,6,3,3,0.8057345888058491
tut_top5_test_0000008,test,6,2,2,0.9131056452594091
tut_top5_test_0000009,test,6,4,4,0.7574484009362377
tut_top5_test_0000010,test,6,3,5,0.37355590056473936
tut_top5_test_0000011,test,6,2,2,0.9272618590598363
tut_top5_test_0000012,test,6,1,1,0.7203766821442944
tut_top5_test_0000013,test,6,2,2,0.9567765175758316
tut_top5_test_0000014,test,6,5,5,0.9413537764521382
tut_top5_test_0000015,test,6,3,3,0.8589857959978306
tut_top5_test_0000016,test,6,1,1,0.8866840120306335
tut_top5_test_0000017,test,6,3,3,0.9495461125303057
tut_top5_test_0000018,test,6,3,3,0.9609869091054661
tut_top5_test_0000019,test,6,5,5,0.6516161612886912
tut_top5_test_0000020,test,6,4,4,0.9895470375009451
tut_top5_test_0000021,test,6,0,0,0.9044700981154553
tut_top5_test_0000022,test,6,1,1,0.6014590212491698
tut_top5_test_0000023,test,6,2,2,0.6220548373762764
tut_top5_test_0000024,test,6,2,2,0.9637307463575135
tut_top5_test_0000025,test,6,4,4,0.9995381887899083
tut_top5_test_0000026,test,6,3,3,0.8307287319379565
tut_top5_test_0000027,test,6,2,2,0.9978850857306074
tut_top5_test_0000028,test,6,5,5,0.5099736587748849
tut_top5_test_0000029,test,6,3,3,0.9985532078943617
tut_top5_test_0000030,test,6,2,2,0.9983311782950004
tut_top5_test_0000031,test,6,4,4,0.9875543306265402
tut_top5_test_0000032,test,6,1,1,0.7909808906741792
tut_top5_test_0000033,test,6,2,2,0.8927300427751971
tut_top5_test_0000034,test,6,2,2,0.6433281713656992
tut_top5_test_0000035,test,6,3,3,0.9942962688407765
tut_top5_test_0000036,test,6,1,1,0.949369004485918
tut_top5_test_0000037,test,6,4,3,0.8361756045536792
tut_top5_test_0000038,test,6,4,4,0.9999110683131301
tut_top5_test_0000039,test,6,4,4,0.998649785898844
tut_top5_test_0000040,test,6,1,1,0.7504822301400017
tut_top5_test_0000041,test,6,5,5,0.5581070390022634
tut_top5_test_0000042,test,6,5,5,0.798522743824158
tut_top5_test_0000043,test,6,1,1,0.8001207844090287
tut_top5_test_0000044,test,6,1,1,0.6218153956532783
tut_top5_test_0000045,test,6,4,4,0.7004705193348412
tut_top5_test_0000046,test,6,4,4,0.977125315712302
tut_top5_test_0000047,test,6,5,5,0.7808492244103432
tut_top5_test_0000048,test,6,2,2,0.40423054693225774
tut_top5_test_0000049,test,6,1,5,0.5340737303528187
tut_top5_test_0000050,test,6,1,1,0.994353104106664
tut_top5_test_0000051,test,6,3,3,0.9636566930092372
tut_top5_test_0000052,test,6,0,0,0.9819245476933733
tut_top5_test_0000053,test,6,2,2,0.9463371207625151
tut_top5_test_0000054,test,6,1,1,0.840185586216096
tut_top5_test_0000055,test,6,0,0,0.9909094904082594
tut_top5_test_0000056,test,6,0,0,0.9969367441328184
tut_top5_test_0000057,test,6,5,1,0.5975700736073097
tut_top5_test_0000058,test,6,5,5,0.7382633183397105
tut_top5_test_0000059,test,6,4,4,0.9185094290380904
tut_top5_test_0000060,test,6,2,2,0.9351659986601355
tut_top5_test_0000061,test,6,0,0,0.5698773422141106
tut_top5_test_0000062,test,6,4,4,0.9921881915991073
tut_top5_test_0000063,test,6,1,1,0.958403599820601
tut_top5_test_0000064,test,6,5,5,0.9843592104270098
tut_top5_test_0000065,test,6,5,5,0.3815896535171083
tut_top5_test_0000066,test,6,4,4,0.995691277873157
tut_top5_test_0000067,test,6,1,1,0.7829413360467642
tut_top5_test_0000068,test,6,3,3,0.8961370681051016
tut_top5_test_0000069,test,6,5,0,0.5877740587329152
tut_top5_test_0000070,test,6,1,1,0.5565976174243952
tut_top5_test_0000071,test,6,3,3,0.6666331078589538
tut_top5_test_0000072,test,6,5,5,0.7625158351970543
tut_top5_test_0000073,test,6,3,3,0.5927138930447229
tut_top5_test_0000074,test,6,4,4,0.9999110683131301
tut_top5_test_0000075,test,6,2,5,0.5126036442979394
tut_top5_test_0000076,test,6,0,0,0.7168956422062399
tut_top5_test_0000077,test,6,0,0,0.8614381089963777
tut_top5_test_0000078,test,6,3,3,0.7567047747608443
tut_top5_test_0000079,test,6,3,3,0.9979806245329607
tut_top5_test_0000080,test,6,4,4,0.9216132926546439
tut_top5_test_0000081,test,6,5,2,0.7727816305658373
tut_top5_test_0000082,test,6,3,3,0.39175449768173964
tut_top5_test_0000083,test,6,0,0,0.9796347379409318
tut_top5_test_0000084,test,6,5,5,0.740455691670807
tut_top5_test_0000085,test,6,1,1,0.752808364149503
tut_top5_test_0000086,test,6,2,2,0.5101255635078894
tut_top5_test_0000087,test,6,5,5,0.6534933861353808
tut_top5_test_0000088,test,6,0,0,0.9921179224571075
tut_top5_test_0000089,test,6,5,5,0.605207606323042
tut_top5_test_0000090,test,6,5,5,0.9084940501327039
tut_top5_test_0000091,test,6,3,3,0.9944331603030493
tut_top5_test_0000092,test,6,5,5,0.9320794804815026
tut_top5_test_0000093,test,6,5,5,0.680260753209643
tut_top5_test_0000094,test,6,1,1,0.9798896337912721
tut_top5_test_0000095,test,6,0,0,0.9202456364989936
tut_top5_test_0000096,test,6,2,2,0.9964483356332359
tut_top5_test_0000097,test,6,0,0,0.8928106950510609
tut_top5_test_0000098,test,6,5,5,0.5575684112831978
tut_top5_test_0000099,test,6,3,3,0.6968599618000755
tut_top5_test_0000100,test,6,4,4,0.966292626557664
tut_top5_test_0000101,test,6,1,1,0.8509177413059341
tut_top5_test_0000102,test,6,5,5,0.4992485661510122
tut_top5_test_0000103,test,6,5,5,0.6098891598507807
tut_top5_test_0000104,test,6,0,0,0.43779299102282854
tut_top5_test_0000105,test,6,5,5,0.5200132050381354
tut_top5_test_0000106,test,6,3,3,0.6942980686997707
tut_top5_test_0000107,test,6,3,3,0.8007732518557238
tut_top5_test_0000108,test,6,1,1,0.9234655364145677
tut_top5_test_0000109,test,6,4,4,0.8805006729717947
tut_top5_test_0000110,test,6,1,1,0.725688123471494
tut_top5_test_0000111,test,6,0,0,0.7646715693056132
tut_top5_test_0000112,test,6,2,2,0.9953178348745105
tut_top5_test_0000113,test,6,1,1,0.7480861530053134
tut_top5_test_0000114,test,6,4,4,0.9357951033359828
tut_top5_test_0000115,test,6,1,1,0.8371363127004084
tut_top5_test_0000116,test,6,2,2,0.6408068060026156
tut_top5_test_0000117,test,6,3,3,0.7520439834686553
tut_top5_test_0000118,test,6,3,5,0.5296229717392421
tut_top5_test_0000119,test,6,4,4,0.9980593325092707
tut_top5_test_0000120,test,6,0,0,0.9865660939799077
tut_top5_test_0000121,test,6,4,4,0.9917620829540889
tut_top5_test_0000122,test,6,2,2,0.7083947613190864
tut_top5_test_0000123,test,6,5,5,0.9226013476552724
tut_top5_test_0000124,test,6,3,3,0.4648124577474288
tut_top5_test_0000125,test,6,2,2,0.7828003635819302
tut_top5_test_0000126,test,6,3,3,0.7514305883619846
tut_top5_test_0000127,test,6,5,5,0.6374288473279334
tut_top5_test_0000128,test,6,5,5,0.7200284659496803
tut_top5_test_0000129,test,6,4,4,0.7457775883651777
tut_top5_test_0000130,test,6,0,0,0.9960121873816624
tut_top5_test_0000131,test,6,1,1,0.9058125374769476
tut_top5_test_0000132,test,6,2,2,0.9729099131001935
tut_top5_test_0000133,test,6,2,2,0.7627828041445032
tut_top5_test_0000134,test,6,5,5,0.6985931299310068
tut_top5_test_0000135,test,6,1,1,0.5143680751043891
tut_top5_test_0000136,test,6,1,1,0.8628805560682344
tut_top5_test_0000137,test,6,4,4,0.9901967307831622
tut_top5_test_0000138,test,6,2,2,0.974080439144459
tut_top5_test_0000139,test,6,3,3,0.7023374487242792
tut_top5_test_0000140,test,6,2,2,0.7835907705406236
tut_top5_test_0000141,test,6,0,0,0.9313262542835242
tut_top5_test_0000142,test,6,2,2,0.9173061025372599
tut_top5_test_0000143,test,6,5,5,0.7351249952592407
tut_top5_test_0000144,test,6,5,5,0.49751660190855207
tut_top5_test_0000145,test,6,4,4,0.9919338039305384
tut_top5_test_0000146,test,6,5,5,0.9464233543232483
tut_top5_test_0000147,test,6,0,0,0.9709612985033561
tut_top5_test_0000148,test,6,4,4,0.9281054160239018
tut_top5_test_0000149,test,6,5,5,0.9716162698153152
tut_top5_test_0000150,test,6,0,0,0.9987246957478297
tut_top5_test_0000151,test,6,0,0,0.8957967920384136
tut_top5_test_0000152,test,6,4,2,0.4749636086324431
tut_top5_test_0000153,test,6,3,3,0.9674330878314081
tut_top5_test_0000154,test,6,3,3,0.9932296075206211
tut_top5_test_0000155,test,6,2,2,0.8698594573158671
tut_top5_test_0000156,test,6,4,4,0.8366874122782514
tut_top5_test_0000157,test,6,1,1,0.9903889140386546
tut_top5_test_0000158,test,6,4,4,0.8331865831411176
tut_top5_test_0000159,test,6,2,2,0.9858549756929762
tut_top5_test_0000160,test,6,0,0,0.9982155194696876
tut_top5_test_0000161,test,6,3,3,1.0
tut_top5_test_0000162,test,6,3,3,0.9548703124794723
tut_top5_test_0000163,test,6,5,5,0.8140523185474555
tut_top5_test_0000164,test,6,5,5,0.8623922447681984
tut_top5_test_0000165,test,6,4,4,0.9263902949353464
tut_top5_test_0000166,test,6,5,1,0.523240784762859
tut_top5_test_0000167,test,6,5,5,0.7755548846709789
tut_top5_test_0000168,test,6,2,2,0.8494704641048599
tut_top5_test_0000169,test,6,4,4,0.969236727989558
tut_top5_test_0000170,test,6,4,4,0.9932225053848088
tut_top5_test_0000171,test,6,3,3,0.952173011180546
tut_top5_test_0000172,test,6,5,5,0.6832489308005631
tut_top5_test_0000173,test,6,3,3,0.9163706192847656
tut_top5_test_0000174,test,6,1,1,0.6306014178978444
tut_top5_test_0000175,test,6,5,5,0.8719118272177844
tut_top5_test_0000176,test,6,1,1,0.777160200346641
tut_top5_test_0000177,test,6,3,3,0.9942883450724141
tut_top5_test_0000178,test,6,3,3,0.9962606724022823
tut_top5_test_0000179,test,6,3,4,0.5873413227987463
tut_top5_test_0000180,test,6,2,2,0.845638175703606
tut_top5_test_0000181,test,6,5,5,0.9316603683223751
tut_top5_test_0000182,test,6,2,2,0.7617883515430331
tut_top5_test_0000183,test,6,4,4,0.9881286463958132
tut_top5_test_0000184,test,6,4,2,0.8872794045178571
tut_top5_test_0000185,test,6,1,1,0.6082065677423215
tut_top5_test_0000186,test,6,1,1,0.6129659831506911
tut_top5_test_0000187,test,6,5,5,0.9185004225758158
tut_top5_test_0000188,test,6,1,1,0.9946791730824117
tut_top5_test_0000189,test,6,2,2,0.8690384817177363
tut_top5_test_0000190,test,6,4,2,0.4070417449154345
tut_top5_test_0000191,test,6,4,4,0.6930715212079772
tut_top5_test_0000192,test,6,4,4,0.9913734259213904
tut_top5_test_0000193,test,6,4,4,0.8506399305129491
tut_top5_test_0000194,test,6,5,5,0.7864199167086658
tut_top5_test_0000195,test,6,4,4,0.9918804766704891
tut_top5_test_0000196,test,6,2,2,0.9849531645429908
tut_top5_test_0000197,test,6,1,1,0.8025232634006847
tut_top5_test_0000198,test,6,2,2,0.7214003893330551
tut_top5_test_0000199,test,6,2,2,0.8762576165888954
tut_top5_test_0000200,test,6,4,4,0.45315310177434975
tut_top5_test_0000201,test,6,1,1,0.7411667666643156
tut_top5_test_0000202,test,6,4,4,0.8239796795550101
tut_top5_test_0000203,test,6,0,0,0.7378145525372927
tut_top5_test_0000204,test,6,0,0,0.9947758038073211
tut_top5_test_0000205,test,6,3,3,0.9982323885163198
tut_top5_test_0000206,test,6,3,3,0.9805381323867511
tut_top5_test_0000207,test,6,0,0,0.8284281488675078
tut_top5_test_0000208,test,6,1,5,0.5470177828465217
tut_top5_test_0000209,test,6,0,0,0.9795809986624618
tut_top5_test_0000210,test,6,5,5,0.49697948104091255
tut_top5_test_0000211,test,6,4,4,0.9915276497169455
tut_top5_test_0000212,test,6,3,3,0.9874346922899747
tut_top5_test_0000213,test,6,3,3,0.4546401047444477
tut_top5_test_0000214,test,6,5,5,0.7826736284248474
tut_top5_test_0000215,test,6,0,0,0.9812360274905484
tut_top5_test_0000216,test,6,5,5,0.9777277867537234
tut_top5_test_0000217,test,6,0,0,0.7736453133663077
tut_top5_test_0000218,test,6,2,2,0.8399063904392731
tut_top5_test_0000219,test,6,2,2,0.964385317996224
tut_top5_test_0000220,test,6,3,3,0.8795641278310733
tut_top5_test_0000221,test,6,5,5,0.488832141010503
tut_top5_test_0000222,test,6,5,5,0.8791212654224277
tut_top5_test_0000223,test,6,0,0,0.9779403371326734
tut_top5_test_0000224,test,6,0,0,0.8810196019632732
tut_top5_test_0000225,test,6,5,5,0.8190064865445205
tut_top5_test_0000226,test,6,2,2,0.9172619383278869
tut_top5_test_0000227,test,6,0,0,0.949491179974358
tut_top5_test_0000228,test,6,5,5,0.94473971994981
tut_top5_test_0000229,test,6,1,1,0.7594321161374549
tut_top5_test_0000230,test,6,0,0,0.991482277690712
tut_top5_test_0000231,test,6,2,2,0.9892831123727406
tut_top5_test_0000232,test,6,0,0,0.9920865662824815
tut_top5_test_0000233,test,6,5,5,0.8481669499484109
tut_top5_test_0000234,test,6,2,2,0.9247575670770171
tut_top5_test_0000235,test,6,5,5,0.8081290330483829
tut_top5_test_0000236,test,6,5,5,0.9522515786976298
tut_top5_test_0000237,test,6,4,4,0.5955860933095607
tut_top5_test_0000238,test,6,3,3,0.8857077712480769
tut_top5_test_0000239,test,6,1,1,0.745248269027667
tut_top5_test_0000240,test,6,1,1,0.8715856022452525
tut_top5_test_0000241,test,6,5,5,0.9768909195408366
tut_top5_test_0000242,test,6,2,1,0.8803483606206371
tut_top5_test_0000243,test,6,4,4,0.9841193100318695
tut_top5_test_0000244,test,6,3,3,0.9978305341318484
tut_top5_test_0000245,test,6,2,2,0.9368216225290787
tut_top5_test_0000246,test,6,2,2,0.721759306726767
tut_top5_test_0000247,test,6,1,2,0.5493856907565917
tut_top5_test_0000248,test,6,2,2,0.905537378868069
tut_top5_test_0000249,test,6,3,3,0.9848265447349324
tut_top5_test_0000250,test,6,4,4,0.9555304504520685
tut_top5_test_0000251,test,6,3,3,0.8562171665935083
tut_top5_test_0000252,test,6,4,4,0.9307468313106034
tut_top5_test_0000253,test,6,4,4,0.7257242919053888
tut_top5_test_0000254,test,6,5,5,0.9391851247069003
tut_top5_test_0000255,test,6,2,2,0.9520409897104798
tut_top5_test_0000256,test,6,3,3,0.7569781545037446
tut_top5_test_0000257,test,6,1,4,0.7786867220269486
tut_top5_test_0000258,test,6,5,3,0.5191995149164685
tut_top5_test_0000259,test,6,1,1,0.784772128723218
tut_top5_test_0000260,test,6,4,4,0.9994476629204027
tut_top5_test_0000261,test,6,0,0,0.9783829071316624
tut_top5_test_0000262,test,6,5,5,0.927079063664676
tut_top5_test_0000263,test,6,2,4,0.49369832748421133
tut_top5_test_0000264,test,6,0,0,0.7769877821581764
tut_top5_test_0000265,test,6,4,3,0.6374692108488316
tut_top5_test_0000266,test,6,4,4,0.9859122273953758
tut_top5_test_0000267,test,6,3,3,0.7841333852879075
tut_top5_test_0000268,test,6,3,3,0.9830111034530978
tut_top5_test_0000269,test,6,5,5,0.8893071628816783
tut_top5_test_0000270,test,6,3,4,0.49696005306096824
tut_top5_test_0000271,test,6,1,1,0.9966677863144259
tut_top5_test_0000272,test,6,5,5,0.969819859710023
tut_top5_test_0000273,test,6,0,0,0.9907286817170226
tut_top5_test_0000274,test,6,5,5,0.9784614576174587
tut_top5_test_0000275,test,6,4,4,0.9996794314471225
tut_top5_test_0000276,test,6,2,2,0.6973298278473424
tut_top5_test_0000277,test,6,0,5,0.6459506207082839
tut_top5_test_0000278,test,6,5,5,0.8081516310938542
tut_top5_test_0000279,test,6,4,4,0.9994476629204027
tut_top5_test_0000280,test,6,3,3,0.9973526922803356
tut_top5_test_0000281,test,6,4,2,0.8571019083633656
tut_top5_test_0000282,test,6,1,1,0.9851212618346185
tut_top5_test_0000283,test,6,3,3,0.6611456044715109
tut_top5_test_0000284,test,6,1,1,0.6232205058731016
tut_top5_test_0000285,test,6,4,4,0.8007814561308814
tut_top5_test_0000286,test,6,5,5,0.9835478587069619
tut_top5_test_0000287,test,6,3,3,0.6559913873661742
tut_top5_test_0000288,test,6,1,1,0.8340086249044474
tut_top5_test_0000289,test,6,2,2,0.9043605464095923
tut_top5_test_0000290,test,6,0,0,0.4998310483098987
tut_top5_test_0000291,test,6,2,2,0.9736959172905005
tut_top5_test_0000292,test,6,3,5,0.6527327838397882
tut_top5_test_0000293,test,6,3,3,0.9975674360199459
tut_top5_test_0000294,test,6,3,3,0.9941028424646361
tut_top5_test_0000295,test,6,4,4,0.9988173899470746
tut_top5_test_0000296,test,6,4,4,0.9716045412705789
tut_top5_test_0000297,test,6,5,5,0.9724752219928697
tut_top5_test_0000298,test,6,5,5,0.46567204955162694
tut_top5_test_0000299,test,6,4,4,0.9995933715346617
tut_top5_test_0000300,test,6,1,1,0.8652525919931862
tut_top5_test_0000301,test,6,4,4,0.928135693305312
tut_top5_test_0000302,test,6,0,0,0.9201629886306302
tut_top5_test_0000303,test,6,5,5,0.6670280314463249
tut_top5_test_0000304,test,6,2,2,0.992234889354922
tut_top5_test_0000305,test,6,4,4,0.9950784980365363
tut_top5_test_0000306,test,6,2,2,0.8927300427751971
tut_top5_test_0000307,test,6,0,0,0.9924087731531056
tut_top5_test_0000308,test,6,5,3,0.5035619177867381
tut_top5_test_0000309,test,6,1,1,0.8314641990649553
tut_top5_test_0000310,test,6,1,1,0.6110957108898014
tut_top5_test_0000311,test,6,5,5,0.9896011971028184
tut_top5_test_0000312,test,6,1,1,0.6438219413029219
tut_top5_test_0000313,test,6,1,1,0.8740895283736404
tut_top5_test_0000314,test,6,4,4,0.9971921311479028
tut_top5_test_0000315,test,6,4,4,0.9847925823669111
tut_top5_test_0000316,test,6,3,3,0.9547931525649028
tut_top5_test_0000317,test,6,5,5,0.9245839128272887
tut_top5_test_0000318,test,6,2,2,0.9384734075308812
tut_top5_test_0000319,test,6,5,5,0.9450533897899185
tut_top5_test_0000320,test,6,4,2,0.4932085071642925
tut_top5_test_0000321,test,6,1,1,0.9712773489256661
tut_top5_test_0000322,test,6,4,4,0.99883720051153
tut_top5_test_0000323,test,6,5,5,0.817121014598899
tut_top5_test_0000324,test,6,3,3,0.6712651192856542
tut_top5_test_0000325,test,6,0,5,0.6134717926295502
tut_top5_test_0000326,test,6,3,3,0.6351460725040595
tut_top5_test_0000327,test,6,5,5,0.592998503863144
tut_top5_test_0000328,test,6,2,2,0.6220587201739034
tut_top5_test_0000329,test,6,3,3,0.8716565346876564
tut_top5_test_0000330,test,6,4,4,0.9915417537788312
tut_top5_test_0000331,test,6,2,2,0.9377871093909447
tut_top5_test_0000332,test,6,3,3,0.3037080790726216
tut_top5_test_0000333,test,6,4,4,0.9295249131885673
tut_top5_test_0000334,test,6,5,3,0.5281404622269282
tut_top5_test_0000335,test,6,4,1,0.4459598796539451
tut_top5_test_0000336,test,6,5,5,0.9893584528517054
tut_top5_test_0000337,test,6,1,1,0.8300399537215454
tut_top5_test_0000338,test,6,1,1,0.7233963469638924
tut_top5_test_0000339,test,6,1,1,0.8486957700896184
tut_top5_test_0000340,test,6,1,1,0.4113393640305097
tut_top5_test_0000341,test,6,2,2,0.9120304975546506
tut_top5_test_0000342,test,6,0,5,0.7016206710515458
tut_top5_test_0000343,test,6,0,0,0.8343807674796037
tut_top5_test_0000344,test,6,4,4,0.9470130459553875
tut_top5_test_0000345,test,6,3,3,0.7373042915760061
tut_top5_test_0000346,test,6,5,5,0.6470783628095692
tut_top5_test_0000347,test,6,1,1,0.8841617625236615
tut_top5_test_0000348,test,6,5,5,0.5989445201439005
tut_top5_test_0000349,test,6,4,4,0.768020750130755
tut_top5_test_0000350,test,6,1,1,0.8631586997718853
tut_top5_test_0000351,test,6,1,1,0.7587481148288466
tut_top5_test_0000352,test,6,5,5,0.8674618984453653
tut_top5_test_0000353,test,6,2,2,0.9404036259863919
tut_top5_test_0000354,test,6,5,5,0.8297962322376081
tut_top5_test_0000355,test,6,1,5,0.8125079380798765
tut_top5_test_0000356,test,6,2,2,0.8239893300521598
tut_top5_test_0000357,test,6,3,5,0.37043446551321485
tut_top5_test_0000358,test,6,4,4,0.9880640956364943
tut_top5_test_0000359,test,6,5,5,0.5215771910327236
tut_top5_test_0000360,test,6,4,2,0.6976254462889894
tut_top5_test_0000361,test,6,1,1,0.867680371256588
tut_top5_test_0000362,test,6,2,2,0.9540000673792126
tut_top5_test_0000363,test,6,5,5,0.5891659599017727
tut_top5_test_0000364,test,6,5,5,0.88984182552686
tut_top5_test_0000365,test,6,0,0,0.8944608429312801
tut_top5_test_0000366,test,6,2,2,0.8802221601937837
tut_top5_test_0000367,test,6,2,2,0.9261449560578023
tut_top5_test_0000368,test,6,3,3,0.9714944324974024
tut_top5_test_0000369,test,6,4,4,0.9722736778506714
tut_top5_test_0000370,test,6,3,3,0.9816471289750139
tut_top5_test_0000371,test,6,2,2,0.8371276140904276
tut_top5_test_0000372,test,6,5,5,0.9521761186827153
tut_top5_test_0000373,test,6,3,3,0.9168421026390857
tut_top5_test_0000374,test,6,1,1,0.7578557290367673
tut_top5_test_0000375,test,6,0,0,0.8788460668225261
tut_top5_test_0000376,test,6,1,1,0.8338361314537598
tut_top5_test_0000377,test,6,4,4,0.9994476629204027
tut_top5_test_0000378,test,6,2,2,0.9509798287253001
tut_top5_test_0000379,test,6,4,2,0.8866502770798229
tut_top5_test_0000380,test,6,5,5,0.8584720859283576
tut_top5_test_0000381,test,6,0,0,0.9905907387411481
tut_top5_test_0000382,test,6,2,2,0.9521064925674625
tut_top5_test_0000383,test,6,5,1,0.6338562398837196
tut_top5_test_0000384,test,6,5,5,0.5926039674681032
tut_top5_test_0000385,test,6,5,5,0.7565727425751133
tut_top5_test_0000386,test,6,4,4,0.5708344066560751
tut_top5_test_0000387,test,6,0,0,0.9542890631741346
tut_top5_test_0000388,test,6,4,4,0.9995876592560723
tut_top5_test_0000389,test,6,2,2,0.7275316157502797
tut_top5_test_0000390,test,6,4,4,0.7878759503154804
tut_top5_test_0000391,test,6,0,0,0.9528825074083592
tut_top5_test_0000392,test,6,4,4,0.9994113303542262
tut_top5_test_0000393,test,6,0,0,0.8530681896216431
tut_top5_test_0000394,test,6,0,0,0.8819204574875609
tut_top5_test_0000395,test,6,0,0,0.9849129653647786
tut_top5_test_0000396,test,6,1,1,0.7407259604208599
tut_top5_test_0000397,test,6,2,2,0.9560972117067653
tut_top5_test_0000398,test,6,3,5,0.31710395852777895
tut_top5_test_0000399,test,6,1,1,0.9677853227308911
tut_top5_train_0000000,train,7,2,2,1.0
tut_top5_train_0000001,train,7,0,0,1.0
tut_top5_train_0000002,train,7,1,1,1.0
tut_top5_train_0000003,train,7,6,6,1.0
tut_top5_train_0000004,train,7,3,3,1.0
tut_top5_train_0000005,train,7,3,3,1.0
tut_top5_train_0000006,train,7,2,2,1.0
tut_top5_train_0000007,train,7,2,2,1.0
tut_top5_train_0000008,train,7,3,3,1.0
tut_top5_train_0000009,train,7,1,1,1.0
tut_top5_train_0000010,train,7,5,5,1.0
tut_top5_train_0000011,train,7,2,2,1.0
tut_top5_train_0000012,train,7,1,1,1.0
tut_top5_train_0000013,train,7,0,0,1.0
tut_top5_train_0000014,train,7,3,3,1.0
tut_top5_train_0000015,train,7,2,2,1.0
tut_top5_train_0000016,train,7,3,3,1.0
tut_top5_train_0000017,train,7,1,1,1.0
tut_top5_train_0000018,train,7,1,1,1.0
tut_top5_train_0000019,train,7,3,3,1.0
tut_top5_train_0000020,train,7,4,4,1.0
tut_top5_train_0000021,train,7,4,4,1.0
tut_top5_train_0000022,train,7,3,3,1.0
tut_top5_train_0000023,train,7,2,2,1.0
tut_top5_train_0000024,train,7,4,4,1.0
tut_top5_train_0000025,train,7,1,1,1.0
tut_top5_train_0000026,train,7,5,5,1.0
tut_top5_train_0000027,train,7,5,5,1.0
tut_top5_train_0000028,train,7,0,0,1.0
tut_top5_train_0000029,train,7,3,3,1.0
tut_top5_train_0000030,train,7,0,0,1.0
tut_top5_train_0000031,train,7,1,1,1.0
tut_top5_train_0000032,train,7,1,1,1.0
tut_top5_train_0000033,train,7,0,0,1.0
tut_top5_train_0000034,train,7,0,0,1.0
tut_top5_train_0000035,train,7,3,3,1.0
tut_top5_train_0000036,train,7,1,1,1.0
tut_top5_train_0000037,train,7,2,2,1.0
tut_top5_train_0000038,train,7,2,2,1.0
tut_top5_train_0000039,train,7,0,0,1.0
tut_top5_train_0000040,train,7,6,6,1.0
tut_top5_train_0000041,train,7,1,1,1.0
tut_top5_train_0000042,train,7,2,2,1.0
tut_top5_train_0000043,train,7,0,0,1.0
tut_top5_train_0000044,train,7,2,2,1.0
tut_top5_train_0000045,train,7,4,4,1.0
tut_top5_train_0000046,train,7,2,2,1.0
tut_top5_train_0000047,train,7,6,6,1.0
tut_top5_train_0000048,train,7,3,3,1.0
tut_top5_train_0000049,train,7,2,2,1.0
tut_top5_train_0000050,train,7,5,5,1.0
tut_top5_train_0000051,train,7,2,2,1.0
tut_top5_train_0000052,train,7,2,2,1.0
tut_top5_train_0000053,train,7,3,3,1.0
tut_top5_train_0000054,train,7,1,1,1.0
tut_top5_train_0000055,train,7,2,2,1.0
tut_top5_train_0000056,train,7,3,3,1.0
tut_top5_train_0000057,train,7,3,3,1.0
tut_top5_train_0000058,train,7,0,0,1.0
tut_top5_train_0000059,train,7,3,3,1.0
tut_top5_train_0000060,train,7,4,4,1.0
tut_top5_train_0000061,train,7,5,5,1.0
tut_top5_train_0000062,train,7,4,4,1.0
tut_top5_train_0000063,train,7,0,0,1.0
tut_top5_train_0000064,train,7,1,1,1.0
tut_top5_train_0000065,train,7,4,4,1.0
tut_top5_train_0000066,train,7,5,5,1.0
tut_top5_train_0000067,train,7,0,0,1.0
tut_top5_train_0000068,train,7,0,0,1.0
tut_top5_train_0000069,train,7,5,5,1.0
tut_top5_train_0000070,train,7,4,4,1.0
tut_top5_train_0000071,train,7,2,2,1.0
tut_top5_train_0000072,train,7,0,0,1.0
tut_top5_train_0000073,train,7,0,0,1.0
tut_top5_train_0000074,train,7,0,0,1.0
tut_top5_train_0000075,train,7,4,4,1.0
tut_top5_train_0000076,train,7,2,2,1.0
tut_top5_train_0000077,train,7,4,4,1.0
tut_top5_train_0000078,train,7,5,5,1.0
tut_top5_train_0000079,train,7,1,1,1.0
tut_top5_train_0000080,train,7,1,1,1.0
tut_top5_train_0000081,train,7,3,3,1.0
tut_top5_train_0000082,train,7,0,0,1.0
tut_top5_train_0000083,train,7,2,2,1.0
tut_top5_train_0000084,train,7,0,0,1.0
tut_top5_train_0000085,train,7,6,6,1.0
tut_top5_train_0000086,train,7,0,0,1.0
tut_top5_train_0000087,train,7,3,3,1.0
tut_top5_train_0000088,train,7,0,0,1.0
tut_top5_train_0000089,train,7,1,1,1.0
tut_top5_train_0000090,train,7,3,3,1.0
tut_top5_train_0000091,train,7,3,3,1.0
tut_top5_train_0000092,train,7,2,2,1.0
tut_top5_train_0000093,train,7,3,3,1.0
tut_top5_train_0000094,train,7,0,0,1.0
tut_top5_train_0000095,train,7,4,4,1.0
tut_top5_train_0000096,train,7,0,0,1.0
tut_top5_train_0000097,train,7,3,3,1.0
tut_top5_train_0000098,train,7,4,4,1.0
tut_top5_train_0000099,train,7,5,5,1.0
tut_top5_train_0000100,train,7,1,1,1.0
tut_top5_train_0000101,train,7,3,3,1.0
tut_top5_train_0000102,train,7,2,2,1.0
tut_top5_train_0000103,train,7,4,4,1.0
tut_top5_train_0000104,train,7,5,5,1.0
tut_top5_train_0000105,train,7,1,1,1.0
tut_top5_train_0000106,train,7,0,0,1.0
tut_top5_train_0000107,train,7,2,2,1.0
tut_top5_train_0000108,train,7,1,1,1.0
tut_top5_train_0000109,train,7,0,0,1.0
tut_top5_train_0000110,train,7,3,3,1.0
tut_top5_train_0000111,train,7,5,5,1.0
tut_top5_train_0000112,train,7,1,1,1.0
tut_top5_train_0000113,train,7,6,6,1.0
tut_top5_train_0000114,train,7,0,0,1.0
tut_top5_train_0000115,train,7,6,6,1.0
tut_top5_train_0000116,train,7,4,4,1.0
tut_top5_train_0000117,train,7,6,6,1.0
tut_top5_train_0000118,train,7,2,2,1.0
tut_top5_train_0000119,train,7,4,4,1.0
tut_top5_train_0000120,train,7,1,1,1.0
tut_top5_train_0000121,train,7,1,1,1.0
tut_top5_train_0000122,train,7,2,2,1.0
tut_top5_train_0000123,train,7,0,0,1.0
tut_top5_train_0000124,train,7,6,6,1.0
tut_top5_train_0000125,train,7,0,0,1.0
tut_top5_train_0000126,train,7,2,2,1.0
tut_top5_train_0000127,train,7,5,5,1.0
tut_top5_train_0000128,train,7,1,1,1.0
tut_top5_train_0000129,train,7,5,5,1.0
tut_top5_train_0000130,train,7,2,2,1.0
tut_top5_train_0000131,train,7,2,2,1.0
tut_top5_train_0000132,train,7,0,0,1.0
tut_top5_train_0000133,train,7,1,1,1.0
tut_top5_train_0000134,train,7,6,6,1.0
tut_top5_train_0000135,train,7,6,6,1.0
tut_top5_train_0000136,train,7,0,0,1.0
tut_top5_train_0000137,train,7,0,0,1.0
tut_top5_train_0000138,train,7,0,0,1.0
tut_top5_train_0000139,train,7,4,4,1.0
tut_top5_train_0000140,train,7,3,3,1.0
tut_top5_train_0000141,train,7,5,5,1.0
tut_top5_train_0000142,train,7,5,5,1.0
tut_top5_train_0000143,train,7,4,4,1.0
tut_top5_train_0000144,train,7,1,1,1.0
tut_top5_train_0000145,train,7,2,2,1.0
tut_top5_train_0000146,train,7,0,0,1.0
tut_top5_train_0000147,train,7,6,6,1.0
tut_top5_train_0000148,train,7,0,0,1.0
tut_top5_train_0000149,train,7,1,1,1.0
tut_top5_train_0000150,train,7,3,3,1.0
tut_top5_train_0000151,train,7,2,2,1.0
tut_top5_train_0000152,train,7,5,5,1.0
tut_top5_train_0000153,train,7,2,2,1.0
tut_top5_train_0000154,train,7,2,2,1.0
tut_top5_train_0000155,train,7,3,3,1.0
tut_top5_train_0000156,train,7,5,5,1.0
tut_top5_train_0000157,train,7,0,0,1.0
tut_top5_train_0000158,train,7,6,6,1.0
tut_top5_train_0000159,train,7,0,0,1.0
tut_top5_train_0000160,train,7,3,3,1.0
tut_top5_train_0000161,train,7,5,5,1.0
tut_top5_train_0000162,train,7,2,2,1.0
tut_top5_train_0000163,train,7,3,3,1.0
tut_top5_train_0000164,train,7,3,3,1.0
tut_top5_train_0000165,train,7,3,3,1.0
tut_top5_train_0000166,train,7,3,3,1.0
tut_top5_train_0000167,train,7,3,3,1.0
tut_top5_train_0000168,train,7,3,3,1.0
tut_top5_train_0000169,train,7,5,5,1.0
tut_top5_train_0000170,train,7,2,2,1.0
tut_top5_train_0000171,train,7,0,0,1.0
tut_top5_train_0000172,train,7,5,5,1.0
tut_top5_train_0000173,train,7,5,5,1.0
tut_top5_train_0000174,train,7,0,0,1.0
tut_top5_train_0000175,train,7,3,3,1.0
tut_top5_train_0000176,train,7,0,0,1.0
tut_top5_train_0000177,train,7,1,1,1.0
tut_top5_train_0000178,train,7,2,2,1.0
tut_top5_train_0000179,train,7,5,5,1.0
tut_top5_train_0000180,train,7,1,1,1.0
tut_top5_train_0000181,train,7,0,0,1.0
tut_top5_train_0000182,train,7,0,0,1.0
tut_top5_train_0000183,train,7,0,0,1.0
tut_top5_train_0000184,train,7,5,5,1.0
tut_top5_train_0000185,train,7,5,5,1.0
tut_top5_train_0000186,train,7,2,2,1.0
tut_top5_train_0000187,train,7,6,6,1.0
tut_top5_train_0000188,train,7,2,2,1.0
tut_top5_train_0000189,train,7,1,1,1.0
tut_top5_train_0000190,train,7,2,2,1.0
tut_top5_train_0000191,train,7,5,5,1.0
tut_top5_train_0000192,train,7,4,4,1.0
tut_top5_train_0000193,train,7,6,6,1.0
tut_top5_train_0000194,train,7,3,3,1.0
tut_top5_train_0000195,train,7,0,0,1.0
tut_top5_train_0000196,train,7,0,0,1.0
tut_top5_train_0000197,train,7,5,5,1.0
tut_top5_train_0000198,train,7,1,1,1.0
tut_top5_train_0000199,train,7,6,6,1.0
tut_top5_train_0000200,train,7,3,3,1.0
tut_top5_train_0000201,train,7,4,4,1.0
tut_top5_train_0000202,train,7,2,2,1.0
tut_top5_train_0000203,train,7,1,1,1.0
tut_top5_train_0000204,train,7,3,3,1.0
tut_top5_train_0000205,train,7,3,3,1.0
tut_top5_train_0000206,train,7,5,5,1.0
tut_top5_train_0000207,train,7,3,3,1.0
tut_top5_train_0000208,train,7,5,5,1.0
tut_top5_train_0000209,train,7,5,5,1.0
tut_top5_train_0000210,train,7,2,2,1.0
tut_top5_train_0000211,train,7,1,1,1.0
tut_top5_train_0000212,train,7,3,3,1.0
tut_top5_train_0000213,train,7,0,0,1.0
tut_top5_train_0000214,train,7,3,3,1.0
tut_top5_train_0000215,train,7,1,1,1.0
tut_top5_train_0000216,train,7,2,2,1.0
tut_top5_train_0000217,train,7,1,1,1.0
tut_top5_train_0000218,train,7,5,5,1.0
tut_top5_train_0000219,train,7,1,1,1.0
tut_top5_train_0000220,train,7,0,0,1.0
tut_top5_train_0000221,train,7,6,6,1.0
tut_top5_train_0000222,train,7,4,4,1.0
tut_top5_train_0000223,train,7,2,2,1.0
tut_top5_train_0000224,train,7,0,0,1.0
tut_top5_train_0000225,train,7,5,5,1.0
tut_top5_train_0000226,train,7,2,2,1.0
tut_top5_train_0000227,train,7,3,3,1.0
tut_top5_train_0000228,train,7,5,5,1.0
tut_top5_train_0000229,train,7,5,5,1.0
tut_top5_train_0000230,train,7,0,0,1.0
tut_top5_train_0000231,train,7,1,1,1.0
tut_top5_train_0000232,train,7,0,0,1.0
tut_top5_train_0000233,train,7,3,3,1.0
tut_top5_train_0000234,train,7,3,3,1.0
tut_top5_train_0000235,train,7,2,2,1.0
tut_top5_train_0000236,train,7,5,5,1.0
tut_top5_train_0000237,train,7,1,1,1.0
tut_top5_train_0000238,train,7,0,0,1.0
tut_top5_train_0000239,train,7,2,2,1.0
tut_top5_train_0000240,train,7,6,6,1.0
tut_top5_train_0000241,train,7,2,2,1.0
tut_top5_train_0000242,train,7,4,4,1.0
tut_top5_train_0000243,train,7,3,3,1.0
tut_top5_train_0000244,train,7,1,1,1.0
tut_top5_train_0000245,train,7,2,2,1.0
tut_top5_train_0000246,train,7,3,3,1.0
tut_top5_train_0000247,train,7,0,0,1.0
tut_top5_train_0000248,train,7,1,1,1.0
tut_top5_train_0000249,train,7,3,3,1.0
tut_top5_train_0000250,train,7,0,0,1.0
tut_top5_train_0000251,train,7,2,2,1.0
tut_top5_train_0000252,train,7,0,0,1.0
tut_top5_train_0000253,train,7,6,6,1.0
tut_top5_train_0000254,train,7,4,4,1.0
tut_top5_train_0000255,train,7,4,4,1.0
tut_top5_train_0000256,train,7,0,0,1.0
tut_top5_train_0000257,train,7,2,2,1.0
tut_top5_train_0000258,train,7,2,2,1.0
tut_top5_train_0000259,train,7,2,2,1.0
tut_top5_train_0000260,train,7,2,2,1.0
tut_top5_train_0000261,train,7,1,1,1.0
tut_top5_train_0000262,train,7,3,3,1.0
tut_top5_train_0000263,train,7,6,6,1.0
tut_top5_train_0000264,train,7,2,2,1.0
tut_top5_train_0000265,train,7,3,3,1.0
tut_top5_train_0000266,train,7,3,3,1.0
tut_top5_train_0000267,train,7,0,0,1.0
tut_top5_train_0000268,train,7,1,1,1.0
tut_top5_train_0000269,train,7,5,5,1.0
tut_top5_train_0000270,train,7,3,3,1.0
tut_top5_train_0000271,train,7,4,4,1.0
tut_top5_train_0000272,train,7,2,2,1.0
tut_top5_train_0000273,train,7,2,2,1.0
tut_top5_train_0000274,train,7,4,4,1.0
tut_top5_train_0000275,train,7,2,2,1.0
tut_top5_train_0000276,train,7,0,0,1.0
tut_top5_train_0000277,train,7,4,4,1.0
tut_top5_train_0000278,train,7,1,1,1.0
tut_top5_train_0000279,train,7,3,3,1.0
tut_top5_train_0000280,train,7,6,6,1.0
tut_top5_train_0000281,train,7,5,5,1.0
tut_top5_train_0000282,train,7,4,4,1.0
tut_top5_train_0000283,train,7,4,4,1.0
tut_top5_train_0000284,train,7,0,0,1.0
tut_top5_train_0000285,train,7,3,3,1.0
tut_top5_train_0000286,train,7,6,6,1.0
tut_top5_train_0000287,train,7,2,2,1.0
tut_top5_train_0000288,train,7,0,0,1.0
tut_top5_train_0000289,train,7,1,1,1.0
tut_top5_train_0000290,train,7,0,0,1.0
tut_top5_train_0000291,train,7,5,5,1.0
tut_top5_train_0000292,train,7,4,4,1.0
tut_top5_train_0000293,train,7,1,1,1.0
tut_top5_train_0000294,train,7,3,3,1.0
tut_top5_train_0000295,train,7,0,0,1.0
tut_top5_train_0000296,train,7,2,2,1.0
tut_top5_train_0000297,train,7,0,0,1.0
tut_top5_train_0000298,train,7,1,1,1.0
tut_top5_train_0000299,train,7,5,5,1.0
tut_top5_train_0000300,train,7,4,4,1.0
tut_top5_train_0000301,train,7,4,4,1.0
tut_top5_train_0000302,train,7,5,5,1.0
tut_top5_train_0000303,train,7,0,0,1.0
tut_top5_train_0000304,train,7,0,0,1.0
tut_top5_train_0000305,train,7,0,0,1.0
tut_top5_train_0000306,train,7,5,5,1.0
tut_top5_train_0000307,train,7,0,0,1.0
tut_top5_train_0000308,train,7,3,3,1.0
tut_top5_train_0000309,train,7,3,3,1.0
tut_top5_train_0000310,train,7,1,1,1.0
tut_top5_train_0000311,train,7,2,2,1.0
tut_top5_train_0000312,train,7,1,1,1.0
tut_top5_train_0000313,train,7,2,2,1.0
tut_top5_train_0000314,train,7,2,2,1.0
tut_top5_train_0000315,train,7,2,2,1.0
tut_top5_train_0000316,train,7,1,1,1.0
tut_top5_train_0000317,train,7,4,4,1.0
tut_top5_train_0000318,train,7,5,5,1.0
tut_top5_train_0000319,train,7,2,2,1.0
tut_top5_train_0000320,train,7,4,4,1.0
tut_top5_train_0000321,train,7,6,6,1.0
tut_top5_train_0000322,train,7,2,2,1.0
tut_top5_train_0000323,train,7,2,2,1.0
tut_top5_train_0000324,train,7,2,2,1.0
tut_top5_train_0000325,train,7,1,1,1.0
tut_top5_train_0000326,train,7,5,5,1.0
tut_top5_train_0000327,train,7,2,2,1.0
tut_top5_train_0000328,train,7,0,0,1.0
tut_top5_train_0000329,train,7,5,5,1.0
tut_top5_train_0000330,train,7,5,5,1.0
tut_top5_train_0000331,train,7,4,4,1.0
tut_top5_train_0000332,train,7,1,1,1.0
tut_top5_train_0000333,train,7,2,2,1.0
tut_top5_train_0000334,train,7,2,2,1.0
tut_top5_train_0000335,train,7,1,1,1.0
tut_top5_train_0000336,train,7,6,6,1.0
tut_top5_train_0000337,train,7,4,4,1.0
tut_top5_train_0000338,train,7,1,1,1.0
tut_top5_train_0000339,train,7,3,3,1.0
tut_top5_train_0000340,train,7,2,2,1.0
tut_top5_train_0000341,train,7,1,1,1.0
tut_top5_train_0000342,train,7,0,0,1.0
tut_top5_train_0000343,train,7,2,2,1.0
tut_top5_train_0000344,train,7,2,2,1.0
tut_top5_train_0000345,train,7,5,5,1.0
tut_top5_train_0000346,train,7,3,3,1.0
tut_top5_train_0000347,train,7,0,0,1.0
tut_top5_train_0000348,train,7,1,1,1.0
tut_top5_train_0000349,train,7,3,3,1.0
tut_top5_train_0000350,train,7,2,2,1.0
tut_top5_train_0000351,train,7,4,4,1.0
tut_top5_train_0000352,train,7,1,1,1.0
tut_top5_train_0000353,train,7,4,4,1.0
tut_top5_train_0000354,train,7,4,4,1.0
tut_top5_train_0000355,train,7,0,0,1.0
tut_top5_train_0000356,train,7,3,3,1.0
tut_top5_train_0000357,train,7,5,5,1.0
tut_top5_train_0000358,train,7,5,5,1.0
tut_top5_train_0000359,train,7,4,4,1.0
tut_top5_train_0000360,train,7,4,4,1.0
tut_top5_train_0000361,train,7,0,0,1.0
tut_top5_train_0000362,train,7,1,1,1.0
tut_top5_train_0000363,train,7,6,6,1.0
tut_top5_train_0000364,train,7,3,3,1.0
tut_top5_train_0000365,train,7,3,3,1.0
tut_top5_train_0000366,train,7,5,5,1.0
tut_top5_train_0000367,train,7,3,3,1.0
tut_top5_train_0000368,train,7,1,1,1.0
tut_top5_train_0000369,train,7,1,1,1.0
tut_top5_train_0000370,train,7,2,2,1.0
tut_top5_train_0000371,train,7,4,4,1.0
tut_top5_train_0000372,train,7,3,3,1.0
tut_top5_train_0000373,train,7,3,3,1.0
tut_top5_train_0000374,train,7,1,1,1.0
tut_top5_train_0000375,train,7,3,3,1.0
tut_top5_train_0000376,train,7,0,0,1.0
tut_top5_train_0000377,train,7,2,2,1.0
tut_top5_train_0000378,train,7,4,4,1.0
tut_top5_train_0000379,train,7,5,5,1.0
tut_top5_train_0000380,train,7,0,0,1.0
tut_top5_train_0000381,train,7,6,6,1.0
tut_top5_train_0000382,train,7,3,3,1.0
tut_top5_train_0000383,train,7,2,2,1.0
tut_top5_train_0000384,train,7,3,3,1.0
tut_top5_train_0000385,train,7,3,3,1.0
tut_top5_train_0000386,train,7,2,2,1.0
tut_top5_train_0000387,train,7,0,0,1.0
tut_top5_train_0000388,train,7,2,2,1.0
tut_top5_train_0000389,train,7,5,5,1.0
tut_top5_train_0000390,train,7,6,6,1.0
tut_top5_train_0000391,train,7,2,2,1.0
tut_top5_train_0000392,train,7,5,5,1.0
tut_top5_train_0000393,train,7,5,5,1.0
tut_top5_train_0000394,train,7,1,1,1.0
tut_top5_train_0000395,train,7,2,2,1.0
tut_top5_train_0000396,train,7,0,0,1.0
tut_top5_train_0000397,train,7,0,0,1.0
tut_top5_train_0000398,train,7,1,1,1.0
tut_top5_train_0000399,train,7,5,5,1.0
tut_top5_train_0000400,train,7,2,2,1.0
tut_top5_train_0000401,train,7,4,4,1.0
tut_top5_train_0000402,train,7,1,1,1.0
tut_top5_train_0000403,train,7,3,3,1.0
tut_top5_train_0000404,train,7,0,0,1.0
tut_top5_train_0000405,train,7,3,3,1.0
tut_top5_train_0000406,train,7,2,2,1.0
tut_top5_train_0000407,train,7,1,1,1.0
tut_top5_train_0000408,train,7,1,1,1.0
tut_top5_train_0000409,train,7,2,2,1.0
tut_top5_train_0000410,train,7,2,2,1.0
tut_top5_train_0000411,train,7,0,0,1.0
tut_top5_train_0000412,train,7,6,6,1.0
tut_top5_train_0000413,train,7,5,5,1.0
tut_top5_train_0000414,train,7,3,3,1.0
tut_top5_train_0000415,train,7,3,3,1.0
tut_top5_train_0000416,train,7,5,5,1.0
tut_top5_train_0000417,train,7,1,1,1.0
tut_top5_train_0000418,train,7,5,5,1.0
tut_top5_train_0000419,train,7,3,3,1.0
tut_top5_train_0000420,train,7,3,3,1.0
tut_top5_train_0000421,train,7,2,2,1.0
tut_top5_train_0000422,train,7,0,0,1.0
tut_top5_train_0000423,train,7,0,0,1.0
tut_top5_train_0000424,train,7,3,3,1.0
tut_top5_train_0000425,train,7,2,2,1.0
tut_top5_train_0000426,train,7,5,5,1.0
tut_top5_train_0000427,train,7,1,1,1.0
tut_top5_train_0000428,train,7,5,5,1.0
tut_top5_train_0000429,train,7,1,1,1.0
tut_top5_train_0000430,train,7,2,2,1.0
tut_top5_train_0000431,train,7,2,2,1.0
tut_top5_train_0000432,train,7,1,1,1.0
tut_top5_train_0000433,train,7,4,4,1.0
tut_top5_train_0000434,train,7,5,5,1.0
tut_top5_train_0000435,train,7,6,6,1.0
tut_top5_train_0000436,train,7,2,2,1.0
tut_top5_train_0000437,train,7,5,5,1.0
tut_top5_train_0000438,train,7,6,6,1.0
tut_top5_train_0000439,train,7,6,6,1.0
tut_top5_train_0000440,train,7,6,6,1.0
tut_top5_train_0000441,train,7,0,0,1.0
tut_top5_train_0000442,train,7,6,6,1.0
tut_top5_train_0000443,train,7,5,5,1.0
tut_top5_train_0000444,train,7,0,0,1.0
tut_top5_train_0000445,train,7,3,3,1.0
tut_top5_train_0000446,train,7,4,4,1.0
tut_top5_train_0000447,train,7,5,5,1.0
tut_top5_train_0000448,train,7,4,4,1.0
tut_top5_train_0000449,train,7,4,4,1.0
tut_top5_train_0000450,train,7,3,3,1.0
tut_top5_train_0000451,train,7,3,3,1.0
tut_top5_train_0000452,train,7,0,0,1.0
tut_top5_train_0000453,train,7,5,5,1.0
tut_top5_train_0000454,train,7,6,6,1.0
tut_top5_train_0000455,train,7,5,5,1.0
tut_top5_train_0000456,train,7,1,1,1.0
tut_top5_train_0000457,train,7,4,4,1.0
tut_top5_train_0000458,train,7,1,1,1.0
tut_top5_train_0000459,train,7,0,0,1.0
tut_top5_train_0000460,train,7,6,6,1.0
tut_top5_train_0000461,train,7,0,0,1.0
tut_top5_train_0000462,train,7,0,0,1.0
tut_top5_train_0000463,train,7,1,1,1.0
tut_top5_train_0000464,train,7,6,6,1.0
tut_top5_train_0000465,train,7,1,1,1.0
tut_top5_train_0000466,train,7,3,3,1.0
tut_top5_train_0000467,train,7,0,0,1.0
tut_top5_train_0000468,train,7,5,5,1.0
tut_top5_train_0000469,train,7,2,2,1.0
tut_top5_train_0000470,train,7,0,0,1.0
tut_top5_train_0000471,train,7,2,2,1.0
tut_top5_train_0000472,train,7,2,2,1.0
tut_top5_train_0000473,train,7,5,5,1.0
tut_top5_train_0000474,train,7,4,4,1.0
tut_top5_train_0000475,train,7,1,1,1.0
tut_top5_train_0000476,train,7,0,0,1.0
tut_top5_train_0000477,train,7,0,0,1.0
tut_top5_train_0000478,train,7,2,2,1.0
tut_top5_train_0000479,train,7,5,5,1.0
tut_top5_train_0000480,train,7,4,4,1.0
tut_top5_train_0000481,train,7,1,1,1.0
tut_top5_train_0000482,train,7,5,5,1.0
tut_top5_train_0000483,train,7,5,5,1.0
tut_top5_train_0000484,train,7,4,4,1.0
tut_top5_train_0000485,train,7,6,6,1.0
tut_top5_train_0000486,train,7,1,1,1.0
tut_top5_train_0000487,train,7,1,1,1.0
tut_top5_train_0000488,train,7,4,4,1.0
tut_top5_train_0000489,train,7,3,3,1.0
tut_top5_train_0000490,train,7,6,6,1.0
tut_top5_train_0000491,train,7,0,0,1.0
tut_top5_train_0000492,train,7,1,1,1.0
tut_top5_train_0000493,train,7,0,0,1.0
tut_top5_train_0000494,train,7,2,2,1.0
tut_top5_train_0000495,train,7,1,1,1.0
tut_top5_train_0000496,train,7,0,0,1.0
tut_top5_train_0000497,train,7,5,5,1.0
tut_top5_train_0000498,train,7,3,3,1.0
tut_top5_train_0000499,train,7,1,1,1.0
tut_top5_train_0000500,train,7,5,5,1.0
tut_top5_train_0000501,train,7,3,3,1.0
tut_top5_train_0000502,train,7,5,5,1.0
tut_top5_train_0000503,train,7,0,0,1.0
tut_top5_train_0000504,train,7,5,5,1.0
tut_top5_train_0000505,train,7,3,3,1.0
tut_top5_train_0000506,train,7,1,1,1.0
tut_top5_train_0000507,train,7,5,5,1.0
tut_top5_train_0000508,train,7,2,2,1.0
tut_top5_train_0000509,train,7,5,5,1.0
tut_top5_train_0000510,train,7,5,5,1.0
tut_top5_train_0000511,train,7,3,3,1.0
tut_top5_train_0000512,train,7,0,0,1.0
tut_top5_train_0000513,train,7,0,0,1.0
tut_top5_train_0000514,train,7,1,1,1.0
tut_top5_train_0000515,train,7,5,5,1.0
tut_top5_train_0000516,train,7,5,5,1.0
tut_top5_train_0000517,train,7,0,0,1.0
tut_top5_train_0000518,train,7,1,1,1.0
tut_top5_train_0000519,train,7,0,0,1.0
tut_top5_train_0000520,train,7,1,1,1.0
tut_top5_train_0000521,train,7,3,3,1.0
tut_top5_train_0000522,train,7,5,5,1.0
tut_top5_train_0000523,train,7,4,4,1.0
tut_top5_train_0000524,train,7,6,6,1.0
tut_top5_train_0000525,train,7,1,1,1.0
tut_top5_train_0000526,train,7,3,3,1.0
tut_top5_train_0000527,train,7,3,3,1.0
tut_top5_train_0000528,train,7,1,1,1.0
tut_top5_train_0000529,train,7,2,2,1.0
tut_top5_train_0000530,train,7,2,2,1.0
tut_top5_train_0000531,train,7,1,1,1.0
tut_top5_train_0000532,train,7,6,6,1.0
tut_top5_train_0000533,train,7,1,1,1.0
tut_top5_train_0000534,train,7,3,3,1.0
tut_top5_train_0000535,train,7,5,5,1.0
tut_top5_train_0000536,train,7,2,2,1.0
tut_top5_train_0000537,train,7,6,6,1.0
tut_top5_train_0000538,train,7,2,2,1.0
tut_top5_train_0000539,train,7,5,5,1.0
tut_top5_train_0000540,train,7,5,5,1.0
tut_top5_train_0000541,train,7,0,0,1.0
tut_top5_train_0000542,train,7,6,6,1.0
tut_top5_train_0000543,train,7,5,5,1.0
tut_top5_train_0000544,train,7,6,6,1.0
tut_top5_train_0000545,train,7,0,0,1.0
tut_top5_train_0000546,train,7,2,2,1.0
tut_top5_train_0000547,train,7,5,5,1.0
tut_top5_train_0000548,train,7,6,6,1.0
tut_top5_train_0000549,train,7,2,2,1.0
tut_top5_train_0000550,train,7,5,5,1.0
tut_top5_train_0000551,train,7,2,2,1.0
tut_top5_train_0000552,train,7,1,1,1.0
tut_top5_train_0000553,train,7,0,0,1.0
tut_top5_train_0000554,train,7,0,0,1.0
tut_top5_train_0000555,train,7,2,2,1.0
tut_top5_train_0000556,train,7,2,2,1.0
tut_top5_train_0000557,train,7,1,1,1.0
tut_top5_train_0000558,train,7,1,1,1.0
tut_top5_train_0000559,train,7,4,4,1.0
tut_top5_train_0000560,train,7,1,1,1.0
tut_top5_train_0000561,train,7,2,2,1.0
tut_top5_train_0000562,train,7,1,1,1.0
tut_top5_train_0000563,train,7,4,4,1.0
tut_top5_train_0000564,train,7,2,2,1.0
tut_top5_train_0000565,train,7,0,0,1.0
tut_top5_train_0000566,train,7,5,5,1.0
tut_top5_train_0000567,train,7,3,3,1.0
tut_top5_train_0000568,train,7,2,2,1.0
tut_top5_train_0000569,train,7,3,3,1.0
tut_top5_train_0000570,train,7,2,2,1.0
tut_top5_train_0000571,train,7,5,5,1.0
tut_top5_train_0000572,train,7,1,1,1.0
tut_top5_train_0000573,train,7,1,1,1.0
tut_top5_train_0000574,train,7,1,1,1.0
tut_top5_train_0000575,train,7,4,4,1.0
tut_top5_train_0000576,train,7,2,2,1.0
tut_top5_train_0000577,train,7,0,0,1.0
tut_top5_train_0000578,train,7,4,4,1.0
tut_top5_train_0000579,train,7,5,5,1.0
tut_top5_train_0000580,train,7,0,0,1.0
tut_top5_train_0000581,train,7,0,0,1.0
tut_top5_train_0000582,train,7,1,1,1.0
tut_top5_train_0000583,train,7,5,5,1.0
tut_top5_train_0000584,train,7,2,2,1.0
tut_top5_train_0000585,train,7,4,4,1.0
tut_top5_train_0000586,train,7,6,6,1.0
tut_top5_train_0000587,train,7,0,0,1.0
tut_top5_train_0000588,train,7,1,1,1.0
tut_top5_train_0000589,train,7,0,0,1.0
tut_top5_train_0000590,train,7,2,2,1.0
tut_top5_train_0000591,train,7,2,2,1.0
tut_top5_train_0000592,train,7,0,0,1.0
tut_top5_train_0000593,train,7,4,4,1.0
tut_top5_train_0000594,train,7,0,0,1.0
tut_top5_train_0000595,train,7,0,0,1.0
tut_top5_train_0000596,train,7,3,3,1.0
tut_top5_train_0000597,train,7,5,5,1.0
tut_top5_train_0000598,train,7,0,0,1.0
tut_top5_train_0000599,train,7,4,4,1.0
tut_top5_train_0000600,train,7,1,1,1.0
tut_top5_train_0000601,train,7,5,5,1.0
tut_top5_train_0000602,train,7,2,2,1.0
tut_top5_train_0000603,train,7,1,1,1.0
tut_top5_train_0000604,train,7,3,3,1.0
tut_top5_train_0000605,train,7,3,3,1.0
tut_top5_train_0000606,train,7,5,5,1.0
tut_top5_train_0000607,train,7,1,1,1.0
tut_top5_train_0000608,train,7,2,2,1.0
tut_top5_train_0000609,train,7,3,3,1.0
tut_top5_train_0000610,train,7,6,6,1.0
tut_top5_train_0000611,train,7,2,2,1.0
tut_top5_train_0000612,train,7,6,6,1.0
tut_top5_train_0000613,train,7,3,3,1.0
tut_top5_train_0000614,train,7,5,5,1.0
tut_top5_train_0000615,train,7,3,3,1.0
tut_top5_train_0000616,train,7,1,1,1.0
tut_top5_train_0000617,train,7,2,2,1.0
tut_top5_train_0000618,train,7,1,1,1.0
tut_top5_train_0000619,train,7,2,2,1.0
tut_top5_train_0000620,train,7,3,3,1.0
tut_top5_train_0000621,train,7,1,1,1.0
tut_top5_train_0000622,train,7,5,5,1.0
tut_top5_train_0000623,train,7,0,0,1.0
tut_top5_train_0000624,train,7,1,1,1.0
tut_top5_train_0000625,train,7,1,1,1.0
tut_top5_train_0000626,train,7,0,0,1.0
tut_top5_train_0000627,train,7,0,0,1.0
tut_top5_train_0000628,train,7,1,1,1.0
tut_top5_train_0000629,train,7,0,0,1.0
tut_top5_train_0000630,train,7,1,1,1.0
tut_top5_train_0000631,train,7,6,6,1.0
tut_top5_train_0000632,train,7,1,1,1.0
tut_top5_train_0000633,train,7,2,2,1.0
tut_top5_train_0000634,train,7,4,4,1.0
tut_top5_train_0000635,train,7,0,0,1.0
tut_top5_train_0000636,train,7,0,0,1.0
tut_top5_train_0000637,train,7,0,0,1.0
tut_top5_train_0000638,train,7,2,2,1.0
tut_top5_train_0000639,train,7,1,1,1.0
tut_top5_train_0000640,train,7,6,6,1.0
tut_top5_train_0000641,train,7,6,6,1.0
tut_top5_train_0000642,train,7,3,3,1.0
tut_top5_train_0000643,train,7,3,3,1.0
tut_top5_train_0000644,train,7,3,3,1.0
tut_top5_train_0000645,train,7,4,4,1.0
tut_top5_train_0000646,train,7,0,0,1.0
tut_top5_train_0000647,train,7,6,6,1.0
tut_top5_train_0000648,train,7,2,2,1.0
tut_top5_train_0000649,train,7,1,1,1.0
tut_top5_train_0000650,train,7,0,0,1.0
tut_top5_train_0000651,train,7,2,2,1.0
tut_top5_train_0000652,train,7,3,3,1.0
tut_top5_train_0000653,train,7,4,4,1.0
tut_top5_train_0000654,train,7,0,0,1.0
tut_top5_train_0000655,train,7,3,3,1.0
tut_top5_train_0000656,train,7,3,3,1.0
tut_top5_train_0000657,train,7,1,1,1.0
tut_top5_train_0000658,train,7,5,5,1.0
tut_top5_train_0000659,train,7,5,5,1.0
tut_top5_train_0000660,train,7,3,3,1.0
tut_top5_train_0000661,train,7,6,6,1.0
tut_top5_train_0000662,train,7,1,1,1.0
tut_top5_train_0000663,train,7,0,0,1.0
tut_top5_train_0000664,train,7,5,5,1.0
tut_top5_train_0000665,train,7,1,1,1.0
tut_top5_train_0000666,train,7,2,2,1.0
tut_top5_train_0000667,train,7,4,4,1.0
tut_top5_train_0000668,train,7,5,5,1.0
tut_top5_train_0000669,train,7,3,3,1.0
tut_top5_train_0000670,train,7,5,5,1.0
tut_top5_train_0000671,train,7,6,6,1.0
tut_top5_train_0000672,train,7,2,2,1.0
tut_top5_train_0000673,train,7,6,6,1.0
tut_top5_train_0000674,train,7,5,5,1.0
tut_top5_train_0000675,train,7,0,0,1.0
tut_top5_train_0000676,train,7,1,1,1.0
tut_top5_train_0000677,train,7,5,5,1.0
tut_top5_train_0000678,train,7,5,5,1.0
tut_top5_train_0000679,train,7,5,5,1.0
tut_top5_train_0000680,train,7,0,0,1.0
tut_top5_train_0000681,train,7,6,6,1.0
tut_top5_train_0000682,train,7,0,0,1.0
tut_top5_train_0000683,train,7,1,1,1.0
tut_top5_train_0000684,train,7,5,5,1.0
tut_top5_train_0000685,train,7,6,6,1.0
tut_top5_train_0000686,train,7,1,1,1.0
tut_top5_train_0000687,train,7,5,5,1.0
tut_top5_train_0000688,train,7,1,1,1.0
tut_top5_train_0000689,train,7,0,0,1.0
tut_top5_train_0000690,train,7,3,3,1.0
tut_top5_train_0000691,train,7,1,1,1.0
tut_top5_train_0000692,train,7,3,3,1.0
tut_top5_train_0000693,train,7,5,5,1.0
tut_top5_train_0000694,train,7,2,2,1.0
tut_top5_train_0000695,train,7,2,2,1.0
tut_top5_train_0000696,train,7,3,3,1.0
tut_top5_train_0000697,train,7,5,5,1.0
tut_top5_train_0000698,train,7,0,0,1.0
tut_top5_train_0000699,train,7,0,0,1.0
tut_top5_train_0000700,train,7,0,0,1.0
tut_top5_train_0000701,train,7,2,2,1.0
tut_top5_train_0000702,train,7,1,1,1.0
tut_top5_train_0000703,train,7,0,0,1.0
tut_top5_train_0000704,train,7,1,1,1.0
tut_top5_train_0000705,train,7,0,0,1.0
tut_top5_train_0000706,train,7,2,2,1.0
tut_top5_train_0000707,train,7,6,6,1.0
tut_top5_train_0000708,train,7,5,5,1.0
tut_top5_train_0000709,train,7,5,5,1.0
tut_top5_train_0000710,train,7,3,3,1.0
tut_top5_train_0000711,train,7,2,2,1.0
tut_top5_train_0000712,train,7,4,4,1.0
tut_top5_train_0000713,train,7,1,1,1.0
tut_top5_train_0000714,train,7,1,1,1.0
tut_top5_train_0000715,train,7,1,1,1.0
tut_top5_train_0000716,train,7,4,4,1.0
tut_top5_train_0000717,train,7,3,3,1.0
tut_top5_train_0000718,train,7,2,2,1.0
tut_top5_train_0000719,train,7,1,1,1.0
tut_top5_train_0000720,train,7,2,2,1.0
tut_top5_train_0000721,train,7,4,4,1.0
tut_top5_train_0000722,train,7,0,0,1.0
tut_top5_train_0000723,train,7,0,0,1.0
tut_top5_train_0000724,train,7,3,3,1.0
tut_top5_train_0000725,train,7,5,5,1.0
tut_top5_train_0000726,train,7,2,2,1.0
tut_top5_train_0000727,train,7,0,0,1.0
tut_top5_train_0000728,train,7,1,1,1.0
tut_top5_train_0000729,train,7,0,0,1.0
tut_top5_train_0000730,train,7,4,4,1.0
tut_top5_train_0000731,train,7,3,3,1.0
tut_top5_train_0000732,train,7,1,1,1.0
tut_top5_train_0000733,train,7,3,3,1.0
tut_top5_train_0000734,train,7,3,3,1.0
tut_top5_train_0000735,train,7,2,2,1.0
tut_top5_train_0000736,train,7,5,5,1.0
tut_top5_train_0000737,train,7,0,0,1.0
tut_top5_train_0000738,train,7,2,2,1.0
tut_top5_train_0000739,train,7,4,4,1.0
tut_top5_train_0000740,train,7,3,3,1.0
tut_top5_train_0000741,train,7,3,3,1.0
tut_top5_train_0000742,train,7,3,3,1.0
tut_top5_train_0000743,train,7,4,4,1.0
tut_top5_train_0000744,train,7,1,1,1.0
tut_top5_train_0000745,train,7,5,5,1.0
tut_top5_train_0000746,train,7,3,3,1.0
tut_top5_train_0000747,train,7,0,0,1.0
tut_top5_train_0000748,train,7,5,5,1.0
tut_top5_train_0000749,train,7,2,2,1.0
tut_top5_train_0000750,train,7,3,3,1.0
tut_top5_train_0000751,train,7,0,0,1.0
tut_top5_train_0000752,train,7,5,5,1.0
tut_top5_train_0000753,train,7,5,5,1.0
tut_top5_train_0000754,train,7,3,3,1.0
tut_top5_train_0000755,train,7,5,5,1.0
tut_top5_train_0000756,train,7,4,4,1.0
tut_top5_train_0000757,train,7,3,3,1.0
tut_top5_train_0000758,train,7,1,1,1.0
tut_top5_train_0000759,train,7,0,0,1.0
tut_top5_train_0000760,train,7,3,3,1.0
tut_top5_train_0000761,train,7,1,1,1.0
tut_top5_train_0000762,train,7,4,4,1.0
tut_top5_train_0000763,train,7,5,5,1.0
tut_top5_train_0000764,train,7,2,2,1.0
tut_top5_train_0000765,train,7,4,4,1.0
tut_top5_train_0000766,train,7,1,1,1.0
tut_top5_train_0000767,train,7,5,5,1.0
tut_top5_train_0000768,train,7,2,2,1.0
tut_top5_train_0000769,train,7,3,3,1.0
tut_top5_train_0000770,train,7,4,4,1.0
tut_top5_train_0000771,train,7,2,2,1.0
tut_top5_train_0000772,train,7,4,4,1.0
tut_top5_train_0000773,train,7,1,1,1.0
tut_top5_train_0000774,train,7,5,5,1.0
tut_top5_train_0000775,train,7,1,1,1.0
tut_top5_train_0000776,train,7,2,2,1.0
tut_top5_train_0000777,train,7,0,0,1.0
tut_top5_train_0000778,train,7,1,1,1.0
tut_top5_train_0000779,train,7,0,0,1.0
tut_top5_train_0000780,train,7,3,3,1.0
tut_top5_train_0000781,train,7,1,1,1.0
tut_top5_train_0000782,train,7,2,2,1.0
tut_top5_train_0000783,train,7,3,3,1.0
tut_top5_train_0000784,train,7,0,0,1.0
tut_top5_train_0000785,train,7,0,0,1.0
tut_top5_train_0000786,train,7,6,6,1.0
tut_top5_train_0000787,train,7,4,4,1.0
tut_top5_train_0000788,train,7,1,1,1.0
tut_top5_train_0000789,train,7,1,1,1.0
tut_top5_train_0000790,train,7,0,0,1.0
tut_top5_train_0000791,train,7,1,1,1.0
tut_top5_train_0000792,train,7,0,0,1.0
tut_top5_train_0000793,train,7,5,5,1.0
tut_top5_train_0000794,train,7,0,0,1.0
tut_top5_train_0000795,train,7,0,0,1.0
tut_top5_train_0000796,train,7,4,4,1.0
tut_top5_train_0000797,train,7,4,4,1.0
tut_top5_train_0000798,train,7,2,2,1.0
tut_top5_train_0000799,train,7,5,5,1.0
tut_top5_train_0000800,train,7,0,0,1.0
tut_top5_train_0000801,train,7,5,5,1.0
tut_top5_train_0000802,train,7,0,0,1.0
tut_top5_train_0000803,train,7,5,5,1.0
tut_top5_train_0000804,train,7,2,2,1.0
tut_top5_train_0000805,train,7,6,6,1.0
tut_top5_train_0000806,train,7,3,3,1.0
tut_top5_train_0000807,train,7,3,3,1.0
tut_top5_train_0000808,train,7,2,2,1.0
tut_top5_train_0000809,train,7,5,5,1.0
tut_top5_train_0000810,train,7,1,1,1.0
tut_top5_train_0000811,train,7,1,1,1.0
tut_top5_train_0000812,train,7,2,2,1.0
tut_top5_train_0000813,train,7,0,0,1.0
tut_top5_train_0000814,train,7,1,1,1.0
tut_top5_train_0000815,train,7,0,0,1.0
tut_top5_train_0000816,train,7,3,3,1.0
tut_top5_train_0000817,train,7,1,1,1.0
tut_top5_train_0000818,train,7,1,1,1.0
tut_top5_train_0000819,train,7,0,0,1.0
tut_top5_train_0000820,train,7,1,1,1.0
tut_top5_train_0000821,train,7,3,3,1.0
tut_top5_train_0000822,train,7,2,2,1.0
tut_top5_train_0000823,train,7,4,4,1.0
tut_top5_train_0000824,train,7,3,3,1.0
tut_top5_train_0000825,train,7,4,4,1.0
tut_top5_train_0000826,train,7,1,1,1.0
tut_top5_train_0000827,train,7,1,1,1.0
tut_top5_train_0000828,train,7,0,0,1.0
tut_top5_train_0000829,train,7,2,2,1.0
tut_top5_train_0000830,train,7,0,0,1.0
tut_top5_train_0000831,train,7,1,1,1.0
tut_top5_train_0000832,train,7,2,2,1.0
tut_top5_train_0000833,train,7,0,0,1.0
tut_top5_train_0000834,train,7,1,1,1.0
tut_top5_train_0000835,train,7,1,1,1.0
tut_top5_train_0000836,train,7,6,6,1.0
tut_top5_train_0000837,train,7,0,0,1.0
tut_top5_train_0000838,train,7,2,2,1.0
tut_top5_train_0000839,train,7,3,3,1.0
tut_top5_train_0000840,train,7,1,1,1.0
tut_top5_train_0000841,train,7,1,1,1.0
tut_top5_train_0000842,train,7,4,4,1.0
tut_top5_train_0000843,train,7,3,3,1.0
tut_top5_train_0000844,train,7,5,5,1.0
tut_top5_train_0000845,train,7,3,3,1.0
tut_top5_train_0000846,train,7,2,2,1.0
tut_top5_train_0000847,train,7,0,0,1.0
tut_top5_train_0000848,train,7,1,1,1.0
tut_top5_train_0000849,train,7,3,3,1.0
tut_top5_train_0000850,train,7,3,3,1.0
tut_top5_train_0000851,train,7,3,3,1.0
tut_top5_train_0000852,train,7,6,6,1.0
tut_top5_train_0000853,train,7,2,2,1.0
tut_top5_train_0000854,train,7,3,3,1.0
tut_top5_train_0000855,train,7,3,3,1.0
tut_top5_train_0000856,train,7,0,0,1.0
tut_top5_train_0000857,train,7,4,4,1.0
tut_top5_train_0000858,train,7,4,4,1.0
tut_top5_train_0000859,train,7,1,1,1.0
tut_top5_train_0000860,train,7,1,1,1.0
tut_top5_train_0000861,train,7,4,4,1.0
tut_top5_train_0000862,train,7,2,2,1.0
tut_top5_train_0000863,train,7,0,0,1.0
tut_top5_train_0000864,train,7,4,4,1.0
tut_top5_train_0000865,train,7,0,0,1.0
tut_top5_train_0000866,train,7,3,3,1.0
tut_top5_train_0000867,train,7,2,2,1.0
tut_top5_train_0000868,train,7,5,5,1.0
tut_top5_train_0000869,train,7,5,5,1.0
tut_top5_train_0000870,train,7,3,3,1.0
tut_top5_train_0000871,train,7,0,0,1.0
tut_top5_train_0000872,train,7,0,0,1.0
tut_top5_train_0000873,train,7,5,5,1.0
tut_top5_train_0000874,train,7,2,2,1.0
tut_top5_train_0000875,train,7,6,6,1.0
tut_top5_train_0000876,train,7,4,4,1.0
tut_top5_train_0000877,train,7,0,0,1.0
tut_top5_train_0000878,train,7,3,3,1.0
tut_top5_train_0000879,train,7,2,2,1.0
tut_top5_train_0000880,train,7,5,5,1.0
tut_top5_train_0000881,train,7,2,2,1.0
tut_top5_train_0000882,train,7,4,4,1.0
tut_top5_train_0000883,train,7,3,3,1.0
tut_top5_train_0000884,train,7,0,0,1.0
tut_top5_train_0000885,train,7,4,4,1.0
tut_top5_train_0000886,train,7,3,3,1.0
tut_top5_train_0000887,train,7,0,0,1.0
tut_top5_train_0000888,train,7,3,3,1.0
tut_top5_train_0000889,train,7,0,0,1.0
tut_top5_train_0000890,train,7,0,0,1.0
tut_top5_train_0000891,train,7,0,0,1.0
tut_top5_train_0000892,train,7,2,2,1.0
tut_top5_train_0000893,train,7,3,3,1.0
tut_top5_train_0000894,train,7,4,4,1.0
tut_top5_train_0000895,train,7,0,0,1.0
tut_top5_train_0000896,train,7,1,1,1.0
tut_top5_train_0000897,train,7,0,0,1.0
tut_top5_train_0000898,train,7,1,1,1.0
tut_top5_train_0000899,train,7,2,2,1.0
tut_top5_train_0000900,train,7,5,5,1.0
tut_top5_train_0000901,train,7,6,6,1.0
tut_top5_train_0000902,train,7,3,3,1.0
tut_top5_train_0000903,train,7,6,6,1.0
tut_top5_train_0000904,train,7,1,1,1.0
tut_top5_train_0000905,train,7,5,5,1.0
tut_top5_train_0000906,train,7,2,2,1.0
tut_top5_train_0000907,train,7,0,0,1.0
tut_top5_train_0000908,train,7,3,3,1.0
tut_top5_train_0000909,train,7,5,5,1.0
tut_top5_train_0000910,train,7,0,0,1.0
tut_top5_train_0000911,train,7,2,2,1.0
tut_top5_train_0000912,train,7,4,4,1.0
tut_top5_train_0000913,train,7,2,2,1.0
tut_top5_train_0000914,train,7,1,1,1.0
tut_top5_train_0000915,train,7,6,6,1.0
tut_top5_train_0000916,train,7,0,0,1.0
tut_top5_train_0000917,train,7,4,4,1.0
tut_top5_train_0000918,train,7,3,3,1.0
tut_top5_train_0000919,train,7,1,1,1.0
tut_top5_train_0000920,train,7,1,1,1.0
tut_top5_train_0000921,train,7,3,3,1.0
tut_top5_train_0000922,train,7,5,5,1.0
tut_top5_train_0000923,train,7,6,6,1.0
tut_top5_train_0000924,train,7,0,0,1.0
tut_top5_train_0000925,train,7,3,3,1.0
tut_top5_train_0000926,train,7,2,2,1.0
tut_top5_train_0000927,train,7,6,6,1.0
tut_top5_train_0000928,train,7,1,1,1.0
tut_top5_train_0000929,train,7,0,0,1.0
tut_top5_train_0000930,train,7,2,2,1.0
tut_top5_train_0000931,train,7,5,5,1.0
tut_top5_train_0000932,train,7,4,4,1.0
tut_top5_train_0000933,train,7,5,5,1.0
tut_top5_train_0000934,train,7,6,6,1.0
tut_top5_train_0000935,train,7,2,2,1.0
tut_top5_train_0000936,train,7,4,4,1.0
tut_top5_train_0000937,train,7,0,0,1.0
tut_top5_train_0000938,train,7,5,5,1.0
tut_top5_train_0000939,train,7,0,0,1.0
tut_top5_train_0000940,train,7,0,0,1.0
tut_top5_train_0000941,train,7,0,0,1.0
tut_top5_train_0000942,train,7,5,5,1.0
tut_top5_train_0000943,train,7,2,2,1.0
tut_top5_train_0000944,train,7,0,0,1.0
tut_top5_train_0000945,train,7,1,1,1.0
tut_top5_train_0000946,train,7,2,2,1.0
tut_top5_train_0000947,train,7,1,1,1.0
tut_top5_train_0000948,train,7,4,4,1.0
tut_top5_train_0000949,train,7,0,0,1.0
tut_top5_train_0000950,train,7,5,5,1.0
tut_top5_train_0000951,train,7,6,6,1.0
tut_top5_train_0000952,train,7,0,0,1.0
tut_top5_train_0000953,train,7,2,2,1.0
tut_top5_train_0000954,train,7,2,2,1.0
tut_top5_train_0000955,train,7,0,0,1.0
tut_top5_train_0000956,train,7,3,3,1.0
tut_top5_train_0000957,train,7,1,1,1.0
tut_top5_train_0000958,train,7,1,1,1.0
tut_top5_train_0000959,train,7,2,2,1.0
tut_top5_train_0000960,train,7,3,3,1.0
tut_top5_train_0000961,train,7,2,2,1.0
tut_top5_train_0000962,train,7,6,6,1.0
tut_top5_train_0000963,train,7,0,0,1.0
tut_top5_train_0000964,train,7,5,5,1.0
tut_top5_train_0000965,train,7,2,2,1.0
tut_top5_train_0000966,train,7,5,5,1.0
tut_top5_train_0000967,train,7,0,0,1.0
tut_top5_train_0000968,train,7,5,5,1.0
tut_top5_train_0000969,train,7,2,2,1.0
tut_top5_train_0000970,train,7,5,5,1.0
tut_top5_train_0000971,train,7,5,5,1.0
tut_top5_train_0000972,train,7,0,0,1.0
tut_top5_train_0000973,train,7,4,4,1.0
tut_top5_train_0000974,train,7,5,5,1.0
tut_top5_train_0000975,train,7,5,5,1.0
tut_top5_train_0000976,train,7,0,0,1.0
tut_top5_train_0000977,train,7,3,3,1.0
tut_top5_train_0000978,train,7,0,0,1.0
tut_top5_train_0000979,train,7,3,3,1.0
tut_top5_train_0000980,train,7,3,3,1.0
tut_top5_train_0000981,train,7,1,1,1.0
tut_top5_train_0000982,train,7,1,1,1.0
tut_top5_train_0000983,train,7,1,1,1.0
tut_top5_train_0000984,train,7,3,3,1.0
tut_top5_train_0000985,train,7,0,0,1.0
tut_top5_train_0000986,train,7,0,0,1.0
tut_top5_train_0000987,train,7,1,1,1.0
tut_top5_train_0000988,train,7,2,2,1.0
tut_top5_train_0000989,train,7,3,3,1.0
tut_top5_train_0000990,train,7,6,6,1.0
tut_top5_train_0000991,train,7,4,4,1.0
tut_top5_train_0000992,train,7,5,5,1.0
tut_top5_train_0000993,train,7,1,1,1.0
tut_top5_train_0000994,train,7,0,0,1.0
tut_top5_train_0000995,train,7,0,0,1.0
tut_top5_train_0000996,train,7,6,6,1.0
tut_top5_train_0000997,train,7,5,5,1.0
tut_top5_train_0000998,train,7,3,3,1.0
tut_top5_train_0000999,train,7,0,0,1.0
tut_top5_train_0001000,train,7,0,0,1.0
tut_top5_train_0001001,train,7,5,5,1.0
tut_top5_train_0001002,train,7,5,5,1.0
tut_top5_train_0001003,train,7,2,2,1.0
tut_top5_train_0001004,train,7,4,4,1.0
tut_top5_train_0001005,train,7,3,3,1.0
tut_top5_train_0001006,train,7,1,1,1.0
tut_top5_train_0001007,train,7,1,1,1.0
tut_top5_train_0001008,train,7,1,1,1.0
tut_top5_train_0001009,train,7,1,1,1.0
tut_top5_train_0001010,train,7,0,0,1.0
tut_top5_train_0001011,train,7,0,0,1.0
tut_top5_train_0001012,train,7,0,0,1.0
tut_top5_train_0001013,train,7,5,5,1.0
tut_top5_train_0001014,train,7,3,3,1.0
tut_top5_train_0001015,train,7,1,1,1.0
tut_top5_train_0001016,train,7,3,3,1.0
tut_top5_train_0001017,train,7,0,0,1.0
tut_top5_train_0001018,train,7,4,4,1.0
tut_top5_train_0001019,train,7,0,0,1.0
tut_top5_train_0001020,train,7,0,0,1.0
tut_top5_train_0001021,train,7,1,1,1.0
tut_top5_train_0001022,train,7,2,2,1.0
tut_top5_train_0001023,train,7,2,2,1.0
tut_top5_train_0001024,train,7,3,3,1.0
tut_top5_train_0001025,train,7,1,1,1.0
tut_top5_train_0001026,train,7,3,3,1.0
tut_top5_train_0001027,train,7,4,4,1.0
tut_top5_train_0001028,train,7,2,2,1.0
tut_top5_train_0001029,train,7,4,4,1.0
tut_top5_train_0001030,train,7,2,2,1.0
tut_top5_train_0001031,train,7,0,0,1.0
tut_top5_train_0001032,train,7,0,0,1.0
tut_top5_train_0001033,train,7,1,1,1.0
tut_top5_train_0001034,train,7,5,5,1.0
tut_top5_train_0001035,train,7,5,5,1.0
tut_top5_train_0001036,train,7,5,5,1.0
tut_top5_train_0001037,train,7,3,3,1.0
tut_top5_train_0001038,train,7,6,6,1.0
tut_top5_train_0001039,train,7,6,6,1.0
tut_top5_train_0001040,train,7,1,1,1.0
tut_top5_train_0001041,train,7,5,5,1.0
tut_top5_train_0001042,train,7,0,0,1.0
tut_top5_train_0001043,train,7,0,0,1.0
tut_top5_train_0001044,train,7,0,0,1.0
tut_top5_train_0001045,train,7,3,3,1.0
tut_top5_train_0001046,train,7,1,1,1.0
tut_top5_train_0001047,train,7,2,2,1.0
tut_top5_train_0001048,train,7,2,2,1.0
tut_top5_train_0001049,train,7,2,2,1.0
tut_top5_train_0001050,train,7,3,3,1.0
tut_top5_train_0001051,train,7,0,0,1.0
tut_top5_train_0001052,train,7,3,3,1.0
tut_top5_train_0001053,train,7,6,6,1.0
tut_top5_train_0001054,train,7,3,3,1.0
tut_top5_train_0001055,train,7,5,5,1.0
tut_top5_train_0001056,train,7,5,5,1.0
tut_top5_train_0001057,train,7,2,2,1.0
tut_top5_train_0001058,train,7,5,5,1.0
tut_top5_train_0001059,train,7,3,3,1.0
tut_top5_train_0001060,train,7,3,3,1.0
tut_top5_train_0001061,train,7,1,1,1.0
tut_top5_train_0001062,train,7,0,0,1.0
tut_top5_train_0001063,train,7,2,2,1.0
tut_top5_train_0001064,train,7,5,5,1.0
tut_top5_train_0001065,train,7,4,4,1.0
tut_top5_train_0001066,train,7,0,0,1.0
tut_top5_train_0001067,train,7,4,4,1.0
tut_top5_train_0001068,train,7,0,0,1.0
tut_top5_train_0001069,train,7,0,0,1.0
tut_top5_train_0001070,train,7,0,0,1.0
tut_top5_train_0001071,train,7,1,1,1.0
tut_top5_train_0001072,train,7,2,2,1.0
tut_top5_train_0001073,train,7,5,5,1.0
tut_top5_train_0001074,train,7,5,5,1.0
tut_top5_train_0001075,train,7,0,0,1.0
tut_top5_train_0001076,train,7,5,5,1.0
tut_top5_train_0001077,train,7,5,5,1.0
tut_top5_train_0001078,train,7,6,6,1.0
tut_top5_train_0001079,train,7,6,6,1.0
tut_top5_train_0001080,train,7,5,5,1.0
tut_top5_train_0001081,train,7,1,1,1.0
tut_top5_train_0001082,train,7,0,0,1.0
tut_top5_train_0001083,train,7,3,3,1.0
tut_top5_train_0001084,train,7,4,4,1.0
tut_top5_train_0001085,train,7,5,5,1.0
tut_top5_train_0001086,train,7,3,3,1.0
tut_top5_train_0001087,train,7,4,4,1.0
tut_top5_train_0001088,train,7,0,0,1.0
tut_top5_train_0001089,train,7,0,0,1.0
tut_top5_train_0001090,train,7,1,1,1.0
tut_top5_train_0001091,train,7,1,1,1.0
tut_top5_train_0001092,train,7,0,0,1.0
tut_top5_train_0001093,train,7,2,2,1.0
tut_top5_train_0001094,train,7,5,5,1.0
tut_top5_train_0001095,train,7,1,1,1.0
tut_top5_train_0001096,train,7,1,1,1.0
tut_top5_train_0001097,train,7,4,4,1.0
tut_top5_train_0001098,train,7,6,6,1.0
tut_top5_train_0001099,train,7,0,0,1.0
tut_top5_train_0001100,train,7,5,5,1.0
tut_top5_train_0001101,train,7,1,1,1.0
tut_top5_train_0001102,train,7,2,2,1.0
tut_top5_train_0001103,train,7,3,3,1.0
tut_top5_train_0001104,train,7,5,5,1.0
tut_top5_train_0001105,train,7,5,5,1.0
tut_top5_train_0001106,train,7,4,4,1.0
tut_top5_train_0001107,train,7,4,4,1.0
tut_top5_train_0001108,train,7,0,0,1.0
tut_top5_train_0001109,train,7,1,1,1.0
tut_top5_train_0001110,train,7,1,1,1.0
tut_top5_train_0001111,train,7,5,5,1.0
tut_top5_train_0001112,train,7,5,5,1.0
tut_top5_train_0001113,train,7,1,1,1.0
tut_top5_train_0001114,train,7,5,5,1.0
tut_top5_train_0001115,train,7,3,3,1.0
tut_top5_train_0001116,train,7,3,3,1.0
tut_top5_train_0001117,train,7,5,5,1.0
tut_top5_train_0001118,train,7,6,6,1.0
tut_top5_train_0001119,train,7,1,1,1.0
tut_top5_train_0001120,train,7,3,3,1.0
tut_top5_train_0001121,train,7,2,2,1.0
tut_top5_train_0001122,train,7,0,0,1.0
tut_top5_train_0001123,train,7,0,0,1.0
tut_top5_train_0001124,train,7,0,0,1.0
tut_top5_train_0001125,train,7,6,6,1.0
tut_top5_train_0001126,train,7,6,6,1.0
tut_top5_train_0001127,train,7,2,2,1.0
tut_top5_train_0001128,train,7,5,5,1.0
tut_top5_train_0001129,train,7,6,6,1.0
tut_top5_train_0001130,train,7,0,0,1.0
tut_top5_train_0001131,train,7,0,0,1.0
tut_top5_train_0001132,train,7,1,1,1.0
tut_top5_train_0001133,train,7,4,4,1.0
tut_top5_train_0001134,train,7,2,2,1.0
tut_top5_train_0001135,train,7,4,4,1.0
tut_top5_train_0001136,train,7,1,1,1.0
tut_top5_train_0001137,train,7,2,2,1.0
tut_top5_train_0001138,train,7,4,4,1.0
tut_top5_train_0001139,train,7,1,1,1.0
tut_top5_train_0001140,train,7,2,2,1.0
tut_top5_train_0001141,train,7,2,2,1.0
tut_top5_train_0001142,train,7,3,3,1.0
tut_top5_train_0001143,train,7,6,6,1.0
tut_top5_train_0001144,train,7,3,3,1.0
tut_top5_train_0001145,train,7,4,4,1.0
tut_top5_train_0001146,train,7,4,4,1.0
tut_top5_train_0001147,train,7,0,0,1.0
tut_top5_train_0001148,train,7,4,4,1.0
tut_top5_train_0001149,train,7,5,5,1.0
tut_top5_train_0001150,train,7,0,0,1.0
tut_top5_train_0001151,train,7,0,0,1.0
tut_top5_train_0001152,train,7,0,0,1.0
tut_top5_train_0001153,train,7,2,2,1.0
tut_top5_train_0001154,train,7,5,5,1.0
tut_top5_train_0001155,train,7,1,1,1.0
tut_top5_train_0001156,train,7,1,1,1.0
tut_top5_train_0001157,train,7,1,1,1.0
tut_top5_train_0001158,train,7,0,0,1.0
tut_top5_train_0001159,train,7,0,0,1.0
tut_top5_train_0001160,train,7,0,0,1.0
tut_top5_train_0001161,train,7,5,5,1.0
tut_top5_train_0001162,train,7,4,4,1.0
tut_top5_train_0001163,train,7,1,1,1.0
tut_top5_train_0001164,train,7,4,4,1.0
tut_top5_train_0001165,train,7,3,3,1.0
tut_top5_train_0001166,train,7,5,5,1.0
tut_top5_train_0001167,train,7,6,6,1.0
tut_top5_train_0001168,train,7,1,1,1.0
tut_top5_train_0001169,train,7,1,1,1.0
tut_top5_train_0001170,train,7,5,5,1.0
tut_top5_train_0001171,train,7,0,0,1.0
tut_top5_train_0001172,train,7,1,1,1.0
tut_top5_train_0001173,train,7,0,0,1.0
tut_top5_train_0001174,train,7,3,3,1.0
tut_top5_train_0001175,train,7,3,3,1.0
tut_top5_train_0001176,train,7,1,1,1.0
tut_top5_train_0001177,train,7,3,3,1.0
tut_top5_train_0001178,train,7,1,1,1.0
tut_top5_train_0001179,train,7,3,3,1.0
tut_top5_train_0001180,train,7,5,5,1.0
tut_top5_train_0001181,train,7,1,1,1.0
tut_top5_train_0001182,train,7,3,3,1.0
tut_top5_train_0001183,train,7,3,3,1.0
tut_top5_train_0001184,train,7,1,1,1.0
tut_top5_train_0001185,train,7,2,2,1.0
tut_top5_train_0001186,train,7,4,4,1.0
tut_top5_train_0001187,train,7,6,6,1.0
tut_top5_train_0001188,train,7,1,1,1.0
tut_top5_train_0001189,train,7,0,0,1.0
tut_top5_train_0001190,train,7,1,1,1.0
tut_top5_train_0001191,train,7,5,5,1.0
tut_top5_train_0001192,train,7,5,5,1.0
tut_top5_train_0001193,train,7,3,3,1.0
tut_top5_train_0001194,train,7,0,0,1.0
tut_top5_train_0001195,train,7,5,5,1.0
tut_top5_train_0001196,train,7,3,3,1.0
tut_top5_train_0001197,train,7,4,4,1.0
tut_top5_train_0001198,train,7,3,3,1.0
tut_top5_train_0001199,train,7,4,4,1.0
tut_top5_train_0001200,train,7,5,5,1.0
tut_top5_train_0001201,train,7,5,5,1.0
tut_top5_train_0001202,train,7,2,2,1.0
tut_top5_train_0001203,train,7,2,2,1.0
tut_top5_train_0001204,train,7,1,1,1.0
tut_top5_train_0001205,train,7,5,5,1.0
tut_top5_train_0001206,train,7,5,5,1.0
tut_top5_train_0001207,train,7,5,5,1.0
tut_top5_train_0001208,train,7,1,1,1.0
tut_top5_train_0001209,train,7,5,5,1.0
tut_top5_train_0001210,train,7,1,1,1.0
tut_top5_train_0001211,train,7,2,2,1.0
tut_top5_train_0001212,train,7,0,0,1.0
tut_top5_train_0001213,train,7,5,5,1.0
tut_top5_train_0001214,train,7,3,3,1.0
tut_top5_train_0001215,train,7,2,2,1.0
tut_top5_train_0001216,train,7,1,1,1.0
tut_top5_train_0001217,train,7,1,1,1.0
tut_top5_train_0001218,train,7,1,1,1.0
tut_top5_train_0001219,train,7,0,0,1.0
tut_top5_train_0001220,train,7,3,3,1.0
tut_top5_train_0001221,train,7,1,1,1.0
tut_top5_train_0001222,train,7,0,0,1.0
tut_top5_train_0001223,train,7,5,5,1.0
tut_top5_train_0001224,train,7,3,3,1.0
tut_top5_train_0001225,train,7,3,3,1.0
tut_top5_train_0001226,train,7,4,4,1.0
tut_top5_train_0001227,train,7,5,5,1.0
tut_top5_train_0001228,train,7,2,2,1.0
tut_top5_train_0001229,train,7,6,6,1.0
tut_top5_train_0001230,train,7,3,3,1.0
tut_top5_train_0001231,train,7,3,3,1.0
tut_top5_train_0001232,train,7,4,4,1.0
tut_top5_train_0001233,train,7,5,5,1.0
tut_top5_train_0001234,train,7,6,6,1.0
tut_top5_train_0001235,train,7,5,5,1.0
tut_top5_train_0001236,train,7,3,3,1.0
tut_top5_train_0001237,train,7,4,4,1.0
tut_top5_train_0001238,train,7,2,2,1.0
tut_top5_train_0001239,train,7,1,1,1.0
tut_top5_train_0001240,train,7,0,0,1.0
tut_top5_train_0001241,train,7,2,2,1.0
tut_top5_train_0001242,train,7,2,2,1.0
tut_top5_train_0001243,train,7,0,0,1.0
tut_top5_train_0001244,train,7,5,5,1.0
tut_top5_train_0001245,train,7,5,5,1.0
tut_top5_train_0001246,train,7,3,3,1.0
tut_top5_train_0001247,train,7,2,2,1.0
tut_top5_train_0001248,train,7,3,3,1.0
tut_top5_train_0001249,train,7,2,2,1.0
tut_top5_train_0001250,train,7,0,0,1.0
tut_top5_train_0001251,train,7,2,2,1.0
tut_top5_train_0001252,train,7,1,1,1.0
tut_top5_train_0001253,train,7,6,6,1.0
tut_top5_train_0001254,train,7,3,3,1.0
tut_top5_train_0001255,train,7,5,5,1.0
tut_top5_train_0001256,train,7,1,1,1.0
tut_top5_train_0001257,train,7,2,2,1.0
tut_top5_train_0001258,train,7,5,5,1.0
tut_top5_train_0001259,train,7,3,3,1.0
tut_top5_train_0001260,train,7,1,1,1.0
tut_top5_train_0001261,train,7,5,5,1.0
tut_top5_train_0001262,train,7,3,3,1.0
tut_top5_train_0001263,train,7,2,2,1.0
tut_top5_train_0001264,train,7,4,4,1.0
tut_top5_train_0001265,train,7,4,4,1.0
tut_top5_train_0001266,train,7,2,2,1.0
tut_top5_train_0001267,train,7,4,4,1.0
tut_top5_train_0001268,train,7,3,3,1.0
tut_top5_train_0001269,train,7,3,3,1.0
tut_top5_train_0001270,train,7,5,5,1.0
tut_top5_train_0001271,train,7,0,0,1.0
tut_top5_train_0001272,train,7,5,5,1.0
tut_top5_train_0001273,train,7,3,3,1.0
tut_top5_train_0001274,train,7,5,5,1.0
tut_top5_train_0001275,train,7,0,0,1.0
tut_top5_train_0001276,train,7,0,0,1.0
tut_top5_train_0001277,train,7,3,3,1.0
tut_top5_train_0001278,train,7,5,5,1.0
tut_top5_train_0001279,train,7,4,4,1.0
tut_top5_train_0001280,train,7,2,2,1.0
tut_top5_train_0001281,train,7,0,0,1.0
tut_top5_train_0001282,train,7,6,6,1.0
tut_top5_train_0001283,train,7,1,1,1.0
tut_top5_train_0001284,train,7,4,4,1.0
tut_top5_train_0001285,train,7,0,0,1.0
tut_top5_train_0001286,train,7,3,3,1.0
tut_top5_train_0001287,train,7,0,0,1.0
tut_top5_train_0001288,train,7,2,2,1.0
tut_top5_train_0001289,train,7,6,6,1.0
tut_top5_train_0001290,train,7,0,0,1.0
tut_top5_train_0001291,train,7,3,3,1.0
tut_top5_train_0001292,train,7,2,2,1.0
tut_top5_train_0001293,train,7,2,2,1.0
tut_top5_train_0001294,train,7,4,4,1.0
tut_top5_train_0001295,train,7,3,3,1.0
tut_top5_train_0001296,train,7,1,1,1.0
tut_top5_train_0001297,train,7,3,3,1.0
tut_top5_train_0001298,train,7,4,4,1.0
tut_top5_train_0001299,train,7,1,1,1.0
tut_top5_train_0001300,train,7,3,3,1.0
tut_top5_train_0001301,train,7,3,3,1.0
tut_top5_train_0001302,train,7,0,0,1.0
tut_top5_train_0001303,train,7,1,1,1.0
tut_top5_train_0001304,train,7,5,5,1.0
tut_top5_train_0001305,train,7,1,1,1.0
tut_top5_train_0001306,train,7,6,6,1.0
tut_top5_train_0001307,train,7,1,1,1.0
tut_top5_train_0001308,train,7,4,4,1.0
tut_top5_train_0001309,train,7,5,5,1.0
tut_top5_train_0001310,train,7,0,0,1.0
tut_top5_train_0001311,train,7,2,2,1.0
tut_top5_train_0001312,train,7,2,2,1.0
tut_top5_train_0001313,train,7,0,0,1.0
tut_top5_train_0001314,train,7,4,4,1.0
tut_top5_train_0001315,train,7,0,0,1.0
tut_top5_train_0001316,train,7,0,0,1.0
tut_top5_train_0001317,train,7,4,4,1.0
tut_top5_train_0001318,train,7,4,4,1.0
tut_top5_train_0001319,train,7,5,5,1.0
tut_top5_train_0001320,train,7,3,3,1.0
tut_top5_train_0001321,train,7,1,1,1.0
tut_top5_train_0001322,train,7,3,3,1.0
tut_top5_train_0001323,train,7,3,3,1.0
tut_top5_train_0001324,train,7,1,1,1.0
tut_top5_train_0001325,train,7,2,2,1.0
tut_top5_train_0001326,train,7,5,5,1.0
tut_top5_train_0001327,train,7,3,3,1.0
tut_top5_train_0001328,train,7,4,4,1.0
tut_top5_train_0001329,train,7,2,2,1.0
tut_top5_train_0001330,train,7,0,0,1.0
tut_top5_train_0001331,train,7,1,1,1.0
tut_top5_train_0001332,train,7,5,5,1.0
tut_top5_train_0001333,train,7,3,3,1.0
tut_top5_train_0001334,train,7,2,2,1.0
tut_top5_train_0001335,train,7,0,0,1.0
tut_top5_train_0001336,train,7,3,3,1.0
tut_top5_train_0001337,train,7,1,1,1.0
tut_top5_train_0001338,train,7,6,6,1.0
tut_top5_train_0001339,train,7,4,4,1.0
tut_top5_train_0001340,train,7,6,6,1.0
tut_top5_train_0001341,train,7,1,1,1.0
tut_top5_train_0001342,train,7,4,4,1.0
tut_top5_train_0001343,train,7,1,1,1.0
tut_top5_train_0001344,train,7,6,6,1.0
tut_top5_train_0001345,train,7,5,5,1.0
tut_top5_train_0001346,train,7,2,2,1.0
tut_top5_train_0001347,train,7,0,0,1.0
tut_top5_train_0001348,train,7,2,2,1.0
tut_top5_train_0001349,train,7,5,5,1.0
tut_top5_train_0001350,train,7,0,0,1.0
tut_top5_train_0001351,train,7,1,1,1.0
tut_top5_train_0001352,train,7,4,4,1.0
tut_top5_train_0001353,train,7,3,3,1.0
tut_top5_train_0001354,train,7,0,0,1.0
tut_top5_train_0001355,train,7,0,0,1.0
tut_top5_train_0001356,train,7,5,5,1.0
tut_top5_train_0001357,train,7,1,1,1.0
tut_top5_train_0001358,train,7,3,3,1.0
tut_top5_train_0001359,train,7,0,0,1.0
tut_top5_train_0001360,train,7,5,5,1.0
tut_top5_train_0001361,train,7,0,0,1.0
tut_top5_train_0001362,train,7,4,4,1.0
tut_top5_train_0001363,train,7,6,6,1.0
tut_top5_train_0001364,train,7,4,4,1.0
tut_top5_train_0001365,train,7,3,3,1.0
tut_top5_train_0001366,train,7,5,5,1.0
tut_top5_train_0001367,train,7,0,0,1.0
tut_top5_train_0001368,train,7,2,2,1.0
tut_top5_train_0001369,train,7,3,3,1.0
tut_top5_train_0001370,train,7,5,5,1.0
tut_top5_train_0001371,train,7,4,4,1.0
tut_top5_train_0001372,train,7,6,6,1.0
tut_top5_train_0001373,train,7,1,1,1.0
tut_top5_train_0001374,train,7,1,1,1.0
tut_top5_train_0001375,train,7,3,3,1.0
tut_top5_train_0001376,train,7,3,3,1.0
tut_top5_train_0001377,train,7,1,1,1.0
tut_top5_train_0001378,train,7,1,1,1.0
tut_top5_train_0001379,train,7,6,6,1.0
tut_top5_train_0001380,train,7,3,3,1.0
tut_top5_train_0001381,train,7,0,0,1.0
tut_top5_train_0001382,train,7,0,0,1.0
tut_top5_train_0001383,train,7,1,1,1.0
tut_top5_train_0001384,train,7,6,6,1.0
tut_top5_train_0001385,train,7,3,3,1.0
tut_top5_train_0001386,train,7,4,4,1.0
tut_top5_train_0001387,train,7,3,3,1.0
tut_top5_train_0001388,train,7,1,1,1.0
tut_top5_train_0001389,train,7,5,5,1.0
tut_top5_train_0001390,train,7,5,5,1.0
tut_top5_train_0001391,train,7,2,2,1.0
tut_top5_train_0001392,train,7,0,0,1.0
tut_top5_train_0001393,train,7,5,5,1.0
tut_top5_train_0001394,train,7,3,3,1.0
tut_top5_train_0001395,train,7,2,2,1.0
tut_top5_train_0001396,train,7,5,5,1.0
tut_top5_train_0001397,train,7,1,1,1.0
tut_top5_train_0001398,train,7,0,0,1.0
tut_top5_train_0001399,train,7,3,3,1.0
tut_top5_train_0001400,train,7,0,0,1.0
tut_top5_train_0001401,train,7,1,1,1.0
tut_top5_train_0001402,train,7,6,6,1.0
tut_top5_train_0001403,train,7,0,0,1.0
tut_top5_train_0001404,train,7,4,4,1.0
tut_top5_train_0001405,train,7,2,2,1.0
tut_top5_train_0001406,train,7,6,6,1.0
tut_top5_train_0001407,train,7,2,2,1.0
tut_top5_train_0001408,train,7,0,0,1.0
tut_top5_train_0001409,train,7,3,3,1.0
tut_top5_train_0001410,train,7,3,3,1.0
tut_top5_train_0001411,train,7,5,5,1.0
tut_top5_train_0001412,train,7,2,2,1.0
tut_top5_train_0001413,train,7,2,2,1.0
tut_top5_train_0001414,train,7,6,6,1.0
tut_top5_train_0001415,train,7,0,0,1.0
tut_top5_train_0001416,train,7,4,4,1.0
tut_top5_train_0001417,train,7,3,3,1.0
tut_top5_train_0001418,train,7,2,2,1.0
tut_top5_train_0001419,train,7,0,0,1.0
tut_top5_train_0001420,train,7,4,4,1.0
tut_top5_train_0001421,train,7,1,1,1.0
tut_top5_train_0001422,train,7,2,2,1.0
tut_top5_train_0001423,train,7,1,1,1.0
tut_top5_train_0001424,train,7,1,1,1.0
tut_top5_train_0001425,train,7,2,2,1.0
tut_top5_train_0001426,train,7,1,1,1.0
tut_top5_train_0001427,train,7,2,2,1.0
tut_top5_train_0001428,train,7,0,0,1.0
tut_top5_train_0001429,train,7,5,5,1.0
tut_top5_train_0001430,train,7,1,1,1.0
tut_top5_train_0001431,train,7,1,1,1.0
tut_top5_train_0001432,train,7,2,2,1.0
tut_top5_train_0001433,train,7,1,1,1.0
tut_top5_train_0001434,train,7,1,1,1.0
tut_top5_train_0001435,train,7,0,0,1.0
tut_top5_train_0001436,train,7,1,1,1.0
tut_top5_train_0001437,train,7,5,5,1.0
tut_top5_train_0001438,train,7,1,1,1.0
tut_top5_train_0001439,train,7,3,3,1.0
tut_top5_train_0001440,train,7,5,5,1.0
tut_top5_train_0001441,train,7,2,2,1.0
tut_top5_train_0001442,train,7,5,5,1.0
tut_top5_train_0001443,train,7,4,4,1.0
tut_top5_train_0001444,train,7,1,1,1.0
tut_top5_train_0001445,train,7,3,3,1.0
tut_top5_train_0001446,train,7,5,5,1.0
tut_top5_train_0001447,train,7,1,1,1.0
tut_top5_train_0001448,train,7,0,0,1.0
tut_top5_train_0001449,train,7,0,0,1.0
tut_top5_train_0001450,train,7,4,4,1.0
tut_top5_train_0001451,train,7,1,1,1.0
tut_top5_train_0001452,train,7,1,1,1.0
tut_top5_train_0001453,train,7,6,6,1.0
tut_top5_train_0001454,train,7,1,1,1.0
tut_top5_train_0001455,train,7,4,4,1.0
tut_top5_train_0001456,train,7,0,0,1.0
tut_top5_train_0001457,train,7,1,1,1.0
tut_top5_train_0001458,train,7,1,1,1.0
tut_top5_train_0001459,train,7,0,0,1.0
tut_top5_train_0001460,train,7,2,2,1.0
tut_top5_train_0001461,train,7,0,0,1.0
tut_top5_train_0001462,train,7,2,2,1.0
tut_top5_train_0001463,train,7,1,1,1.0
tut_top5_train_0001464,train,7,1,1,1.0
tut_top5_train_0001465,train,7,1,1,1.0
tut_top5_train_0001466,train,7,5,5,1.0
tut_top5_train_0001467,train,7,4,4,1.0
tut_top5_train_0001468,train,7,3,3,1.0
tut_top5_train_0001469,train,7,3,3,1.0
tut_top5_train_0001470,train,7,0,0,1.0
tut_top5_train_0001471,train,7,5,5,1.0
tut_top5_train_0001472,train,7,3,3,1.0
tut_top5_train_0001473,train,7,0,0,1.0
tut_top5_train_0001474,train,7,4,4,1.0
tut_top5_train_0001475,train,7,1,1,1.0
tut_top5_train_0001476,train,7,1,1,1.0
tut_top5_train_0001477,train,7,5,5,1.0
tut_top5_train_0001478,train,7,2,2,1.0
tut_top5_train_0001479,train,7,3,3,1.0
tut_top5_train_0001480,train,7,2,2,1.0
tut_top5_train_0001481,train,7,1,1,1.0
tut_top5_train_0001482,train,7,0,0,1.0
tut_top5_train_0001483,train,7,2,2,1.0
tut_top5_train_0001484,train,7,1,1,1.0
tut_top5_train_0001485,train,7,3,3,1.0
tut_top5_train_0001486,train,7,5,5,1.0
tut_top5_train_0001487,train,7,0,0,1.0
tut_top5_train_0001488,train,7,3,3,1.0
tut_top5_train_0001489,train,7,0,0,1.0
tut_top5_train_0001490,train,7,4,4,1.0
tut_top5_train_0001491,train,7,2,2,1.0
tut_top5_train_0001492,train,7,0,0,1.0
tut_top5_train_0001493,train,7,0,0,1.0
tut_top5_train_0001494,train,7,1,1,1.0
tut_top5_train_0001495,train,7,3,3,1.0
tut_top5_train_0001496,train,7,0,0,1.0
tut_top5_train_0001497,train,7,5,5,1.0
tut_top5_train_0001498,train,7,2,2,1.0
tut_top5_train_0001499,train,7,0,0,1.0
tut_top5_train_0001500,train,7,5,5,1.0
tut_top5_train_0001501,train,7,4,4,1.0
tut_top5_train_0001502,train,7,4,4,1.0
tut_top5_train_0001503,train,7,2,2,1.0
tut_top5_train_0001504,train,7,1,1,1.0
tut_top5_train_0001505,train,7,5,5,1.0
tut_top5_train_0001506,train,7,3,3,1.0
tut_top5_train_0001507,train,7,5,5,1.0
tut_top5_train_0001508,train,7,5,5,1.0
tut_top5_train_0001509,train,7,2,2,1.0
tut_top5_train_0001510,train,7,3,3,1.0
tut_top5_train_0001511,train,7,0,0,1.0
tut_top5_train_0001512,train,7,5,5,1.0
tut_top5_train_0001513,train,7,1,1,1.0
tut_top5_train_0001514,train,7,1,1,1.0
tut_top5_train_0001515,train,7,0,0,1.0
tut_top5_train_0001516,train,7,3,3,1.0
tut_top5_train_0001517,train,7,0,0,1.0
tut_top5_train_0001518,train,7,0,0,1.0
tut_top5_train_0001519,train,7,1,1,1.0
tut_top5_train_0001520,train,7,1,1,1.0
tut_top5_train_0001521,train,7,3,3,1.0
tut_top5_train_0001522,train,7,1,1,1.0
tut_top5_train_0001523,train,7,1,1,1.0
tut_top5_train_0001524,train,7,0,0,1.0
tut_top5_train_0001525,train,7,2,2,1.0
tut_top5_train_0001526,train,7,0,0,1.0
tut_top5_train_0001527,train,7,5,5,1.0
tut_top5_train_0001528,train,7,6,6,1.0
tut_top5_train_0001529,train,7,1,1,1.0
tut_top5_train_0001530,train,7,2,2,1.0
tut_top5_train_0001531,train,7,5,5,1.0
tut_top5_train_0001532,train,7,1,1,1.0
tut_top5_train_0001533,train,7,2,2,1.0
tut_top5_train_0001534,train,7,1,1,1.0
tut_top5_train_0001535,train,7,1,1,1.0
tut_top5_train_0001536,train,7,5,5,1.0
tut_top5_train_0001537,train,7,2,2,1.0
tut_top5_train_0001538,train,7,3,3,1.0
tut_top5_train_0001539,train,7,5,5,1.0
tut_top5_train_0001540,train,7,2,2,1.0
tut_top5_train_0001541,train,7,3,3,1.0
tut_top5_train_0001542,train,7,2,2,1.0
tut_top5_train_0001543,train,7,6,6,1.0
tut_top5_train_0001544,train,7,1,1,1.0
tut_top5_train_0001545,train,7,2,2,1.0
tut_top5_train_0001546,train,7,2,2,1.0
tut_top5_train_0001547,train,7,4,4,1.0
tut_top5_train_0001548,train,7,4,4,1.0
tut_top5_train_0001549,train,7,1,1,1.0
tut_top5_train_0001550,train,7,2,2,1.0
tut_top5_train_0001551,train,7,3,3,1.0
tut_top5_train_0001552,train,7,2,2,1.0
tut_top5_train_0001553,train,7,5,5,1.0
tut_top5_train_0001554,train,7,3,3,1.0
tut_top5_train_0001555,train,7,5,5,1.0
tut_top5_train_0001556,train,7,4,4,1.0
tut_top5_train_0001557,train,7,4,4,1.0
tut_top5_train_0001558,train,7,0,0,1.0
tut_top5_train_0001559,train,7,4,4,1.0
tut_top5_train_0001560,train,7,5,5,1.0
tut_top5_train_0001561,train,7,5,5,1.0
tut_top5_train_0001562,train,7,0,0,1.0
tut_top5_train_0001563,train,7,1,1,1.0
tut_top5_train_0001564,train,7,3,3,1.0
tut_top5_train_0001565,train,7,6,6,1.0
tut_top5_train_0001566,train,7,2,2,1.0
tut_top5_train_0001567,train,7,1,1,1.0
tut_top5_train_0001568,train,7,4,4,1.0
tut_top5_train_0001569,train,7,2,2,1.0
tut_top5_train_0001570,train,7,5,5,1.0
tut_top5_train_0001571,train,7,2,2,1.0
tut_top5_train_0001572,train,7,2,2,1.0
tut_top5_train_0001573,train,7,5,5,1.0
tut_top5_train_0001574,train,7,3,3,1.0
tut_top5_train_0001575,train,7,2,2,1.0
tut_top5_train_0001576,train,7,5,5,1.0
tut_top5_train_0001577,train,7,6,6,1.0
tut_top5_train_0001578,train,7,1,1,1.0
tut_top5_train_0001579,train,7,5,5,1.0
tut_top5_train_0001580,train,7,2,2,1.0
tut_top5_train_0001581,train,7,4,4,1.0
tut_top5_train_0001582,train,7,5,5,1.0
tut_top5_train_0001583,train,7,3,3,1.0
tut_top5_train_0001584,train,7,3,3,1.0
tut_top5_train_0001585,train,7,1,1,1.0
tut_top5_train_0001586,train,7,3,3,1.0
tut_top5_train_0001587,train,7,0,0,1.0
tut_top5_train_0001588,train,7,4,4,1.0
tut_top5_train_0001589,train,7,5,5,1.0
tut_top5_train_0001590,train,7,2,2,1.0
tut_top5_train_0001591,train,7,3,3,1.0
tut_top5_train_0001592,train,7,2,2,1.0
tut_top5_train_0001593,train,7,3,3,1.0
tut_top5_train_0001594,train,7,3,3,1.0
tut_top5_train_0001595,train,7,6,6,1.0
tut_top5_train_0001596,train,7,4,4,1.0
tut_top5_train_0001597,train,7,1,1,1.0
tut_top5_train_0001598,train,7,0,0,1.0
tut_top5_train_0001599,train,7,1,1,1.0
tut_top5_train_0001600,train,7,0,0,1.0
tut_top5_train_0001601,train,7,2,2,1.0
tut_top5_train_0001602,train,7,3,3,1.0
tut_top5_train_0001603,train,7,3,3,1.0
tut_top5_train_0001604,train,7,3,3,1.0
tut_top5_train_0001605,train,7,5,5,1.0
tut_top5_train_0001606,train,7,1,1,1.0
tut_top5_train_0001607,train,7,6,6,1.0
tut_top5_train_0001608,train,7,1,1,1.0
tut_top5_train_0001609,train,7,2,2,1.0
tut_top5_train_0001610,train,7,0,0,1.0
tut_top5_train_0001611,train,7,1,1,1.0
tut_top5_train_0001612,train,7,0,0,1.0
tut_top5_train_0001613,train,7,0,0,1.0
tut_top5_train_0001614,train,7,3,3,1.0
tut_top5_train_0001615,train,7,4,4,1.0
tut_top5_train_0001616,train,7,5,5,1.0
tut_top5_train_0001617,train,7,0,0,1.0
tut_top5_train_0001618,train,7,2,2,1.0
tut_top5_train_0001619,train,7,6,6,1.0
tut_top5_train_0001620,train,7,5,5,1.0
tut_top5_train_0001621,train,7,2,2,1.0
tut_top5_train_0001622,train,7,6,6,1.0
tut_top5_train_0001623,train,7,4,4,1.0
tut_top5_train_0001624,train,7,2,2,1.0
tut_top5_train_0001625,train,7,3,3,1.0
tut_top5_train_0001626,train,7,1,1,1.0
tut_top5_train_0001627,train,7,1,1,1.0
tut_top5_train_0001628,train,7,2,2,1.0
tut_top5_train_0001629,train,7,3,3,1.0
tut_top5_train_0001630,train,7,2,2,1.0
tut_top5_train_0001631,train,7,2,2,1.0
tut_top5_train_0001632,train,7,0,0,1.0
tut_top5_train_0001633,train,7,3,3,1.0
tut_top5_train_0001634,train,7,3,3,1.0
tut_top5_train_0001635,train,7,1,1,1.0
tut_top5_train_0001636,train,7,1,1,1.0
tut_top5_train_0001637,train,7,0,0,1.0
tut_top5_train_0001638,train,7,3,3,1.0
tut_top5_train_0001639,train,7,1,1,1.0
tut_top5_train_0001640,train,7,5,5,1.0
tut_top5_train_0001641,train,7,4,4,1.0
tut_top5_train_0001642,train,7,1,1,1.0
tut_top5_train_0001643,train,7,2,2,1.0
tut_top5_train_0001644,train,7,3,3,1.0
tut_top5_train_0001645,train,7,4,4,1.0
tut_top5_train_0001646,train,7,5,5,1.0
tut_top5_train_0001647,train,7,3,3,1.0
tut_top5_train_0001648,train,7,6,6,1.0
tut_top5_train_0001649,train,7,0,0,1.0
tut_top5_train_0001650,train,7,5,5,1.0
tut_top5_train_0001651,train,7,1,1,1.0
tut_top5_train_0001652,train,7,2,2,1.0
tut_top5_train_0001653,train,7,4,4,1.0
tut_top5_train_0001654,train,7,5,5,1.0
tut_top5_train_0001655,train,7,4,4,1.0
tut_top5_train_0001656,train,7,5,5,1.0
tut_top5_train_0001657,train,7,5,5,1.0
tut_top5_train_0001658,train,7,2,2,1.0
tut_top5_train_0001659,train,7,4,4,1.0
tut_top5_train_0001660,train,7,2,2,1.0
tut_top5_train_0001661,train,7,3,3,1.0
tut_top5_train_0001662,train,7,0,0,1.0
tut_top5_train_0001663,train,7,5,5,1.0
tut_top5_train_0001664,train,7,3,3,1.0
tut_top5_train_0001665,train,7,4,4,1.0
tut_top5_train_0001666,train,7,1,1,1.0
tut_top5_train_0001667,train,7,0,0,1.0
tut_top5_train_0001668,train,7,5,5,1.0
tut_top5_train_0001669,train,7,6,6,1.0
tut_top5_train_0001670,train,7,3,3,1.0
tut_top5_train_0001671,train,7,2,2,1.0
tut_top5_train_0001672,train,7,6,6,1.0
tut_top5_train_0001673,train,7,6,6,1.0
tut_top5_train_0001674,train,7,4,4,1.0
tut_top5_train_0001675,train,7,3,3,1.0
tut_top5_train_0001676,train,7,2,2,1.0
tut_top5_train_0001677,train,7,1,1,1.0
tut_top5_train_0001678,train,7,3,3,1.0
tut_top5_train_0001679,train,7,0,0,1.0
tut_top5_train_0001680,train,7,2,2,1.0
tut_top5_train_0001681,train,7,3,3,1.0
tut_top5_train_0001682,train,7,3,3,1.0
tut_top5_train_0001683,train,7,4,4,1.0
tut_top5_train_0001684,train,7,5,5,1.0
tut_top5_train_0001685,train,7,0,0,1.0
tut_top5_train_0001686,train,7,5,5,1.0
tut_top5_train_0001687,train,7,0,0,1.0
tut_top5_train_0001688,train,7,1,1,1.0
tut_top5_train_0001689,train,7,2,2,1.0
tut_top5_train_0001690,train,7,2,2,1.0
tut_top5_train_0001691,train,7,3,3,1.0
tut_top5_train_0001692,train,7,0,0,1.0
tut_top5_train_0001693,train,7,6,6,1.0
tut_top5_train_0001694,train,7,5,5,1.0
tut_top5_train_0001695,train,7,0,0,1.0
tut_top5_train_0001696,train,7,6,6,1.0
tut_top5_train_0001697,train,7,2,2,1.0
tut_top5_train_0001698,train,7,1,1,1.0
tut_top5_train_0001699,train,7,1,1,1.0
tut_top5_train_0001700,train,7,0,0,1.0
tut_top5_train_0001701,train,7,4,4,1.0
tut_top5_train_0001702,train,7,0,0,1.0
tut_top5_train_0001703,train,7,1,1,1.0
tut_top5_train_0001704,train,7,1,1,1.0
tut_top5_train_0001705,train,7,1,1,1.0
tut_top5_train_0001706,train,7,6,6,1.0
tut_top5_train_0001707,train,7,0,0,1.0
tut_top5_train_0001708,train,7,0,0,1.0
tut_top5_train_0001709,train,7,1,1,1.0
tut_top5_train_0001710,train,7,3,3,1.0
tut_top5_train_0001711,train,7,1,1,1.0
tut_top5_train_0001712,train,7,2,2,1.0
tut_top5_train_0001713,train,7,0,0,1.0
tut_top5_train_0001714,train,7,2,2,1.0
tut_top5_train_0001715,train,7,6,6,1.0
tut_top5_train_0001716,train,7,6,6,1.0
tut_top5_train_0001717,train,7,5,5,1.0
tut_top5_train_0001718,train,7,5,5,1.0
tut_top5_train_0001719,train,7,1,1,1.0
tut_top5_train_0001720,train,7,3,3,1.0
tut_top5_train_0001721,train,7,1,1,1.0
tut_top5_train_0001722,train,7,0,0,1.0
tut_top5_train_0001723,train,7,1,1,1.0
tut_top5_train_0001724,train,7,5,5,1.0
tut_top5_train_0001725,train,7,4,4,1.0
tut_top5_train_0001726,train,7,2,2,1.0
tut_top5_train_0001727,train,7,5,5,1.0
tut_top5_train_0001728,train,7,6,6,1.0
tut_top5_train_0001729,train,7,3,3,1.0
tut_top5_train_0001730,train,7,0,0,1.0
tut_top5_train_0001731,train,7,6,6,1.0
tut_top5_train_0001732,train,7,4,4,1.0
tut_top5_train_0001733,train,7,0,0,1.0
tut_top5_train_0001734,train,7,2,2,1.0
tut_top5_train_0001735,train,7,5,5,1.0
tut_top5_train_0001736,train,7,2,2,1.0
tut_top5_train_0001737,train,7,1,1,1.0
tut_top5_train_0001738,train,7,5,5,1.0
tut_top5_train_0001739,train,7,1,1,1.0
tut_top5_train_0001740,train,7,0,0,1.0
tut_top5_train_0001741,train,7,4,4,1.0
tut_top5_train_0001742,train,7,6,6,1.0
tut_top5_train_0001743,train,7,3,3,1.0
tut_top5_train_0001744,train,7,3,3,1.0
tut_top5_train_0001745,train,7,5,5,1.0
tut_top5_train_0001746,train,7,2,2,1.0
tut_top5_train_0001747,train,7,5,5,1.0
tut_top5_train_0001748,train,7,4,4,1.0
tut_top5_train_0001749,train,7,2,2,1.0
tut_top5_train_0001750,train,7,0,0,1.0
tut_top5_train_0001751,train,7,3,3,1.0
tut_top5_train_0001752,train,7,1,1,1.0
tut_top5_train_0001753,train,7,4,4,1.0
tut_top5_train_0001754,train,7,2,2,1.0
tut_top5_train_0001755,train,7,4,4,1.0
tut_top5_train_0001756,train,7,3,3,1.0
tut_top5_train_0001757,train,7,0,0,1.0
tut_top5_train_0001758,train,7,1,1,1.0
tut_top5_train_0001759,train,7,6,6,1.0
tut_top5_train_0001760,train,7,4,4,1.0
tut_top5_train_0001761,train,7,4,4,1.0
tut_top5_train_0001762,train,7,3,3,1.0
tut_top5_train_0001763,train,7,4,4,1.0
tut_top5_train_0001764,train,7,1,1,1.0
tut_top5_train_0001765,train,7,2,2,1.0
tut_top5_train_0001766,train,7,1,1,1.0
tut_top5_train_0001767,train,7,1,1,1.0
tut_top5_train_0001768,train,7,2,2,1.0
tut_top5_train_0001769,train,7,0,0,1.0
tut_top5_train_0001770,train,7,3,3,1.0
tut_top5_train_0001771,train,7,0,0,1.0
tut_top5_train_0001772,train,7,2,2,1.0
tut_top5_train_0001773,train,7,1,1,1.0
tut_top5_train_0001774,train,7,3,3,1.0
tut_top5_train_0001775,train,7,4,4,1.0
tut_top5_train_0001776,train,7,5,5,1.0
tut_top5_train_0001777,train,7,4,4,1.0
tut_top5_train_0001778,train,7,2,2,1.0
tut_top5_train_0001779,train,7,5,5,1.0
tut_top5_train_0001780,train,7,5,5,1.0
tut_top5_train_0001781,train,7,2,2,1.0
tut_top5_train_0001782,train,7,0,0,1.0
tut_top5_train_0001783,train,7,2,2,1.0
tut_top5_train_0001784,train,7,1,1,1.0
tut_top5_train_0001785,train,7,4,4,1.0
tut_top5_train_0001786,train,7,5,5,1.0
tut_top5_train_0001787,train,7,4,4,1.0
tut_top5_train_0001788,train,7,3,3,1.0
tut_top5_train_0001789,train,7,3,3,1.0
tut_top5_train_0001790,train,7,2,2,1.0
tut_top5_train_0001791,train,7,6,6,1.0
tut_top5_train_0001792,train,7,5,5,1.0
tut_top5_train_0001793,train,7,1,1,1.0
tut_top5_train_0001794,train,7,5,5,1.0
tut_top5_train_0001795,train,7,1,1,1.0
tut_top5_train_0001796,train,7,1,1,1.0
tut_top5_train_0001797,train,7,5,5,1.0
tut_top5_train_0001798,train,7,4,4,1.0
tut_top5_train_0001799,train,7,3,3,1.0
tut_top5_train_0001800,train,7,0,0,1.0
tut_top5_train_0001801,train,7,2,2,1.0
tut_top5_train_0001802,train,7,1,1,1.0
tut_top5_train_0001803,train,7,0,0,1.0
tut_top5_train_0001804,train,7,1,1,1.0
tut_top5_train_0001805,train,7,5,5,1.0
tut_top5_train_0001806,train,7,5,5,1.0
tut_top5_train_0001807,train,7,2,2,1.0
tut_top5_train_0001808,train,7,2,2,1.0
tut_top5_train_0001809,train,7,3,3,1.0
tut_top5_train_0001810,train,7,3,3,1.0
tut_top5_train_0001811,train,7,0,0,1.0
tut_top5_train_0001812,train,7,5,5,1.0
tut_top5_train_0001813,train,7,4,4,1.0
tut_top5_train_0001814,train,7,1,1,1.0
tut_top5_train_0001815,train,7,5,5,1.0
tut_top5_train_0001816,train,7,2,2,1.0
tut_top5_train_0001817,train,7,0,0,1.0
tut_top5_train_0001818,train,7,4,4,1.0
tut_top5_train_0001819,train,7,2,2,1.0
tut_top5_train_0001820,train,7,3,3,1.0
tut_top5_train_0001821,train,7,0,0,1.0
tut_top5_train_0001822,train,7,5,5,1.0
tut_top5_train_0001823,train,7,2,2,1.0
tut_top5_train_0001824,train,7,2,2,1.0
tut_top5_train_0001825,train,7,5,5,1.0
tut_top5_train_0001826,train,7,4,4,1.0
tut_top5_train_0001827,train,7,3,3,1.0
tut_top5_train_0001828,train,7,4,4,1.0
tut_top5_train_0001829,train,7,1,1,1.0
tut_top5_train_0001830,train,7,1,1,1.0
tut_top5_train_0001831,train,7,3,3,1.0
tut_top5_train_0001832,train,7,1,1,1.0
tut_top5_train_0001833,train,7,5,5,1.0
tut_top5_train_0001834,train,7,0,0,1.0
tut_top5_train_0001835,train,7,0,0,1.0
tut_top5_train_0001836,train,7,4,4,1.0
tut_top5_train_0001837,train,7,4,4,1.0
tut_top5_train_0001838,train,7,5,5,1.0
tut_top5_train_0001839,train,7,4,4,1.0
tut_top5_train_0001840,train,7,1,1,1.0
tut_top5_train_0001841,train,7,5,5,1.0
tut_top5_train_0001842,train,7,2,2,1.0
tut_top5_train_0001843,train,7,5,5,1.0
tut_top5_train_0001844,train,7,2,2,1.0
tut_top5_train_0001845,train,7,2,2,1.0
tut_top5_train_0001846,train,7,1,1,1.0
tut_top5_train_0001847,train,7,0,0,1.0
tut_top5_train_0001848,train,7,1,1,1.0
tut_top5_train_0001849,train,7,0,0,1.0
tut_top5_train_0001850,train,7,5,5,1.0
tut_top5_train_0001851,train,7,5,5,1.0
tut_top5_train_0001852,train,7,6,6,1.0
tut_top5_train_0001853,train,7,5,5,1.0
tut_top5_train_0001854,train,7,6,6,1.0
tut_top5_train_0001855,train,7,2,2,1.0
tut_top5_train_0001856,train,7,0,0,1.0
tut_top5_train_0001857,train,7,0,0,1.0
tut_top5_train_0001858,train,7,1,1,1.0
tut_top5_train_0001859,train,7,1,1,1.0
tut_top5_train_0001860,train,7,6,6,1.0
tut_top5_train_0001861,train,7,1,1,1.0
tut_top5_train_0001862,train,7,0,0,1.0
tut_top5_train_0001863,train,7,0,0,1.0
tut_top5_train_0001864,train,7,2,2,1.0
tut_top5_train_0001865,train,7,2,2,1.0
tut_top5_train_0001866,train,7,5,5,1.0
tut_top5_train_0001867,train,7,1,1,1.0
tut_top5_val_0000000,val,7,3,3,0.4212817220129413
tut_top5_val_0000001,val,7,0,0,0.7159546812461428
tut_top5_val_0000002,val,7,5,5,0.35772799119943804
tut_top5_val_0000003,val,7,5,5,0.9467123616734368
tut_top5_val_0000004,val,7,5,5,0.6697236768977531
tut_top5_val_0000005,val,7,4,4,0.5281076608935763
tut_top5_val_0000006,val,7,6,1,0.6618582128337319
tut_top5_val_0000007,val,7,0,0,0.9872749214937442
tut_top5_val_0000008,val,7,5,5,0.4385233598099244
tut_top5_val_0000009,val,7,1,1,0.5331663664202256
tut_top5_val_0000010,val,7,4,4,0.6456884029460468
tut_top5_val_0000011,val,7,4,4,0.7502985096289777
tut_top5_val_0000012,val,7,1,3,0.5443257813112551
tut_top5_val_0000013,val,7,2,2,0.821680756839191
tut_top5_val_0000014,val,7,5,5,0.9119687490360451
tut_top5_val_0000015,val,7,5,3,0.5740979977114032
tut_top5_val_0000016,val,7,3,3,0.6328503854135293
tut_top5_val_0000017,val,7,5,5,0.8382269258707791
tut_top5_val_0000018,val,7,3,3,1.0
tut_top5_val_0000019,val,7,5,1,0.4549822685907173
tut_top5_val_0000020,val,7,3,3,0.7844417860665847
tut_top5_val_0000021,val,7,2,2,0.9246203733755884
tut_top5_val_0000022,val,7,1,1,0.7346153263357796
tut_top5_val_0000023,val,7,0,0,0.8953211683507862
tut_top5_val_0000024,val,7,2,2,0.8235141018844255
tut_top5_val_0000025,val,7,1,1,0.6758550416490056
tut_top5_val_0000026,val,7,3,3,0.9156841058742663
tut_top5_val_0000027,val,7,2,4,0.49475089835797464
tut_top5_val_0000028,val,7,1,1,0.5295978998812871
tut_top5_val_0000029,val,7,1,3,0.4667628644392529
tut_top5_val_0000030,val,7,5,5,0.9463309705995799
tut_top5_val_0000031,val,7,1,1,0.6251349549835403
tut_top5_val_0000032,val,7,2,2,0.9088800337220507
tut_top5_val_0000033,val,7,4,4,0.860675150779895
tut_top5_val_0000034,val,7,6,6,0.7857170015295651
tut_top5_val_0000035,val,7,0,0,0.880514390960215
tut_top5_val_0000036,val,7,6,6,0.8077882029940685
tut_top5_val_0000037,val,7,2,2,0.9696972059887891
tut_top5_val_0000038,val,7,2,2,0.90172521997949
tut_top5_val_0000039,val,7,1,1,0.7898032676602713
tut_top5_val_0000040,val,7,3,3,0.8706208312692033
tut_top5_val_0000041,val,7,6,1,0.582327491885297
tut_top5_val_0000042,val,7,0,0,0.8167344300521013
tut_top5_val_0000043,val,7,3,3,0.7274110048690784
tut_top5_val_0000044,val,7,1,1,0.6818405321045782
tut_top5_val_0000045,val,7,4,4,0.9281854125126558
tut_top5_val_0000046,val,7,1,1,0.7328463198951215
tut_top5_val_0000047,val,7,4,4,0.8169098784127558
tut_top5_val_0000048,val,7,1,1,0.9548858674934314
tut_top5_val_0000049,val,7,6,1,0.6170439704705989
tut_top5_val_0000050,val,7,0,0,0.44095960805672335
tut_top5_val_0000051,val,7,0,0,0.8907509430850047
tut_top5_val_0000052,val,7,0,3,0.5831453628391987
tut_top5_val_0000053,val,7,1,1,0.5559039313361832
tut_top5_val_0000054,val,7,6,1,0.5535184900898468
tut_top5_val_0000055,val,7,1,1,0.5964558296819953
tut_top5_val_0000056,val,7,3,3,0.5159601388359241
tut_top5_val_0000057,val,7,4,4,0.9945009960310682
tut_top5_val_0000058,val,7,5,5,0.9794265182086889
tut_top5_val_0000059,val,7,1,1,0.7618109813726548
tut_top5_val_0000060,val,7,3,1,0.6357828021285227
tut_top5_val_0000061,val,7,2,2,0.5687948607246236
tut_top5_val_0000062,val,7,1,1,0.6855392711805677
tut_top5_val_0000063,val,7,6,3,0.47739516131143117
tut_top5_val_0000064,val,7,6,6,0.7345490269985446
tut_top5_val_0000065,val,7,5,5,0.6037284093459
tut_top5_val_0000066,val,7,2,2,0.8647140260297123
tut_top5_val_0000067,val,7,1,1,0.7641175018491028
tut_top5_val_0000068,val,7,4,4,0.6726164361163621
tut_top5_val_0000069,val,7,2,2,0.337243213791452
tut_top5_val_0000070,val,7,0,0,0.9840826566944111
tut_top5_val_0000071,val,7,4,4,0.9954317834179772
tut_top5_val_0000072,val,7,4,4,0.9162124036585897
tut_top5_val_0000073,val,7,6,6,0.9857758695853157
tut_top5_val_0000074,val,7,1,1,0.9674844342327324
tut_top5_val_0000075,val,7,1,1,0.5771571478981297
tut_top5_val_0000076,val,7,0,3,0.6410241264102439
tut_top5_val_0000077,val,7,6,6,0.950938979067463
tut_top5_val_0000078,val,7,1,1,0.4729046411473557
tut_top5_val_0000079,val,7,0,0,0.9683723420615182
tut_top5_val_0000080,val,7,6,6,0.9783938261615834
tut_top5_val_0000081,val,7,6,6,0.9153472534655694
tut_top5_val_0000082,val,7,1,1,0.8035206867357659
tut_top5_val_0000083,val,7,2,2,0.7234199800908759
tut_top5_val_0000084,val,7,0,0,0.9413368489239343
tut_top5_val_0000085,val,7,3,3,0.917557285185427
tut_top5_val_0000086,val,7,1,1,0.6736734972919902
tut_top5_val_0000087,val,7,2,0,0.6545191772922949
tut_top5_val_0000088,val,7,0,0,0.9970662558036513
tut_top5_val_0000089,val,7,1,1,0.5604147688159999
tut_top5_val_0000090,val,7,0,0,0.5643424133951711
tut_top5_val_0000091,val,7,3,3,0.9931360567140846
tut_top5_val_0000092,val,7,1,1,0.5623126924879994
tut_top5_val_0000093,val,7,0,0,0.6144052333054111
tut_top5_val_0000094,val,7,3,3,0.9455414188151839
tut_top5_val_0000095,val,7,3,3,0.9934023281150307
tut_top5_val_0000096,val,7,2,2,0.8711582588413083
tut_top5_val_0000097,val,7,3,3,0.9299724991372694
tut_top5_val_0000098,val,7,0,0,0.5251192073017228
tut_top5_val_0000099,val,7,0,0,0.9989090909090909
tut_top5_val_0000100,val,7,2,2,0.5986687746222945
tut_top5_val_0000101,val,7,2,2,0.8962432874071744
tut_top5_val_0000102,val,7,0,0,0.8568793195413869
tut_top5_val_0000103,val,7,2,2,0.7044964821469104
tut_top5_val_0000104,val,7,5,5,0.8879524258932256
tut_top5_val_0000105,val,7,3,3,0.7090997175664187
tut_top5_val_0000106,val,7,0,0,0.8555165347099067
tut_top5_val_0000107,val,7,3,3,0.6923624406371008
tut_top5_val_0000108,val,7,5,5,0.9944808172869396
tut_top5_val_0000109,val,7,6,6,0.9629613252913721
tut_top5_val_0000110,val,7,6,6,0.9855109041839998
tut_top5_val_0000111,val,7,3,3,0.8033198644777214
tut_top5_val_0000112,val,7,3,3,0.9508956842813175
tut_top5_val_0000113,val,7,4,4,0.9611907387707513
tut_top5_val_0000114,val,7,6,6,0.998880822208329
tut_top5_val_0000115,val,7,2,2,0.7669221546589203
tut_top5_val_0000116,val,7,4,4,0.9947854896088262
tut_top5_val_0000117,val,7,5,5,0.7698856504420597
tut_top5_val_0000118,val,7,3,3,0.5785542060476081
tut_top5_val_0000119,val,7,0,0,0.9180383736935462
tut_top5_val_0000120,val,7,2,2,0.8358819841960752
tut_top5_val_0000121,val,7,6,6,0.9528749293673102
tut_top5_val_0000122,val,7,1,1,0.9791069974187976
tut_top5_val_0000123,val,7,5,5,0.5612594367840502
tut_top5_val_0000124,val,7,0,0,0.44250362515846325
tut_top5_val_0000125,val,7,0,0,0.9945916768946718
tut_top5_val_0000126,val,7,3,3,0.7574403079002434
tut_top5_val_0000127,val,7,5,5,0.7759043999575596
tut_top5_val_0000128,val,7,5,5,0.9737113483519344
tut_top5_val_0000129,val,7,5,5,0.9966579594999027
tut_top5_val_0000130,val,7,2,2,0.6163111760062246
tut_top5_val_0000131,val,7,0,0,0.985061802195937
tut_top5_val_0000132,val,7,1,1,0.6963741377783993
tut_top5_val_0000133,val,7,0,0,0.9926215732347348
tut_top5_val_0000134,val,7,6,6,0.9960828564745151
tut_top5_val_0000135,val,7,0,0,0.8547675167471449
tut_top5_val_0000136,val,7,2,2,0.8521505786118635
tut_top5_val_0000137,val,7,6,6,0.808951798413145
tut_top5_val_0000138,val,7,6,1,0.37914380983798196
tut_top5_val_0000139,val,7,1,1,0.9982076397025146
tut_top5_val_0000140,val,7,6,6,0.810400312358455
tut_top5_val_0000141,val,7,5,5,0.7898318634003674
tut_top5_val_0000142,val,7,1,1,0.639090108577904
tut_top5_val_0000143,val,7,5,5,0.8905126542172844
tut_top5_val_0000144,val,7,1,3,0.4194091272626448
tut_top5_val_0000145,val,7,2,2,0.504579852859328
tut_top5_val_0000146,val,7,4,4,0.3815488935835459
tut_top5_val_0000147,val,7,2,2,0.5734599630811278
tut_top5_val_0000148,val,7,0,0,0.9262519237341122
tut_top5_val_0000149,val,7,0,0,1.0
tut_top5_val_0000150,val,7,1,1,0.9725247117163343
tut_top5_val_0000151,val,7,4,4,0.9689591532182069
tut_top5_val_0000152,val,7,4,4,0.401589287530855
tut_top5_val_0000153,val,7,0,0,0.6444467101503498
tut_top5_val_0000154,val,7,1,1,0.9734790919655707
tut_top5_val_0000155,val,7,4,4,0.5258024232272056
tut_top5_val_0000156,val,7,0,0,0.9830536836943158
tut_top5_val_0000157,val,7,6,6,0.9498887396682351
tut_top5_val_0000158,val,7,3,3,0.8444194153809199
tut_top5_val_0000159,val,7,5,5,0.9445052567496636
tut_top5_val_0000160,val,7,6,6,0.9548501114554537
tut_top5_val_0000161,val,7,5,5,0.4099551922601858
tut_top5_val_0000162,val,7,0,0,1.0
tut_top5_val_0000163,val,7,5,5,0.8072295930765425
tut_top5_val_0000164,val,7,1,1,0.9590502746351486
tut_top5_val_0000165,val,7,3,3,0.8776192696438787
tut_top5_val_0000166,val,7,0,2,0.5699831840617415
tut_top5_val_0000167,val,7,0,2,0.5208442407330737
tut_top5_val_0000168,val,7,3,3,0.46617486213561243
tut_top5_val_0000169,val,7,0,0,0.8826221731996319
tut_top5_val_0000170,val,7,2,2,0.7288556881939792
tut_top5_val_0000171,val,7,5,5,0.9794688844205335
tut_top5_val_0000172,val,7,0,0,0.5144966104572596
tut_top5_val_0000173,val,7,0,0,0.8075317647896774
tut_top5_val_0000174,val,7,3,3,0.979829121204708
tut_top5_val_0000175,val,7,3,3,0.9560029118753492
tut_top5_val_0000176,val,7,2,2,0.9789077163956972
tut_top5_val_0000177,val,7,0,0,0.6281410481198815
tut_top5_val_0000178,val,7,0,0,0.9973248407643313
tut_top5_val_0000179,val,7,4,4,0.9621846110766187
tut_top5_val_0000180,val,7,3,3,0.8320830630928624
tut_top5_val_0000181,val,7,1,1,0.7816310612259768
tut_top5_val_0000182,val,7,5,5,0.9870132937421274
tut_top5_val_0000183,val,7,3,3,0.6975283483037908
tut_top5_val_0000184,val,7,0,2,0.4750169179819311
tut_top5_val_0000185,val,7,1,1,0.9723926133505523
tut_top5_val_0000186,val,7,4,4,0.9740065063194453
tut_top5_val_0000187,val,7,1,1,0.6491767929495409
tut_top5_val_0000188,val,7,6,6,0.6530453374807722
tut_top5_val_0000189,val,7,2,2,0.9583623215451731
tut_top5_val_0000190,val,7,2,4,0.6262611338822771
tut_top5_val_0000191,val,7,3,3,0.9933273456096583
tut_top5_val_0000192,val,7,5,5,0.7790623803465807
tut_top5_val_0000193,val,7,1,3,0.531753911109238
tut_top5_val_0000194,val,7,2,2,0.5936867076582633
tut_top5_val_0000195,val,7,3,3,0.6665259543790326
tut_top5_val_0000196,val,7,3,3,0.8172513664048018
tut_top5_val_0000197,val,7,0,2,0.5258256280586711
tut_top5_val_0000198,val,7,5,5,0.33028788809864085
tut_top5_val_0000199,val,7,1,1,0.8215035815731706
tut_top5_val_0000200,val,7,2,2,0.9775404858394787
tut_top5_val_0000201,val,7,1,1,0.9435853330623938
tut_top5_val_0000202,val,7,1,1,0.8409810502240924
tut_top5_val_0000203,val,7,4,4,0.9579639165788627
tut_top5_val_0000204,val,7,0,0,0.9924129813365603
tut_top5_val_0000205,val,7,6,6,0.429938856146698
tut_top5_val_0000206,val,7,5,5,0.8024370100818105
tut_top5_val_0000207,val,7,1,1,0.7702664445878211
tut_top5_val_0000208,val,7,6,6,0.594275414294795
tut_top5_val_0000209,val,7,0,0,0.8739538417949039
tut_top5_val_0000210,val,7,1,1,0.8331762393738683
tut_top5_val_0000211,val,7,3,3,0.7426777963188479
tut_top5_val_0000212,val,7,4,2,0.5245109992849778
tut_top5_val_0000213,val,7,3,3,0.9275060356439393
tut_top5_val_0000214,val,7,0,0,0.9872372238726134
tut_top5_val_0000215,val,7,2,2,0.7780908885827723
tut_top5_val_0000216,val,7,0,0,0.9532314752836986
tut_top5_val_0000217,val,7,1,1,0.39999654006679003
tut_top5_val_0000218,val,7,3,3,0.6420931613782165
tut_top5_val_0000219,val,7,5,5,0.4653955261264766
tut_top5_val_0000220,val,7,1,1,0.6169097504945505
tut_top5_val_0000221,val,7,1,1,0.6438726982000182
tut_top5_val_0000222,val,7,5,5,0.9922958791008557
tut_top5_val_0000223,val,7,0,0,0.9973248407643313
tut_top5_val_0000224,val,7,3,3,0.5913279952754743
tut_top5_val_0000225,val,7,5,5,0.9735528974589162
tut_top5_val_0000226,val,7,1,3,0.5765690672509161
tut_top5_val_0000227,val,7,4,4,0.9613723720341221
tut_top5_val_0000228,val,7,3,3,0.7968002145707179
tut_top5_val_0000229,val,7,2,2,0.6690576604122965
tut_top5_val_0000230,val,7,6,1,0.5665201885356536
tut_top5_val_0000231,val,7,5,3,0.7849113233568771
tut_top5_val_0000232,val,7,5,5,0.9902970046089249
tut_top5_val_0000233,val,7,2,2,0.7925124170756793
tut_top5_val_0000234,val,7,3,2,0.5647234574297871
tut_top5_val_0000235,val,7,0,0,0.726384761507472
tut_top5_val_0000236,val,7,5,5,0.8645377957629834
tut_top5_val_0000237,val,7,3,3,0.6916501248531585
tut_top5_val_0000238,val,7,1,1,0.6414061867052457
tut_top5_val_0000239,val,7,1,1,0.7577044184768156
tut_top5_val_0000240,val,7,2,2,0.8822528942810771
tut_top5_val_0000241,val,7,2,2,0.9269688935496929
tut_top5_val_0000242,val,7,3,1,0.5845603268232529
tut_top5_val_0000243,val,7,1,1,0.7509646591011684
tut_top5_val_0000244,val,7,1,1,0.6920558418566981
tut_top5_val_0000245,val,7,0,0,0.31572482839153765
tut_top5_val_0000246,val,7,1,1,0.8875166050294618
tut_top5_val_0000247,val,7,4,4,0.9262051609669878
tut_top5_val_0000248,val,7,1,1,0.9048031959209583
tut_top5_val_0000249,val,7,1,1,0.6984166350445383
tut_top5_val_0000250,val,7,3,3,0.5920275745580653
tut_top5_val_0000251,val,7,2,2,0.8746095644920939
tut_top5_val_0000252,val,7,2,2,0.7720618981874736
tut_top5_val_0000253,val,7,0,0,0.9034743597964432
tut_top5_val_0000254,val,7,0,2,0.5540251696262505
tut_top5_val_0000255,val,7,1,1,0.41347993548353945
tut_top5_val_0000256,val,7,2,2,0.7922204024632968
tut_top5_val_0000257,val,7,1,1,0.5211429896677613
tut_top5_val_0000258,val,7,5,5,0.9981514977122035
tut_top5_val_0000259,val,7,2,2,0.8786811591682705
tut_top5_val_0000260,val,7,5,1,0.4885496514759764
tut_top5_val_0000261,val,7,1,1,0.6210201143522668
tut_top5_val_0000262,val,7,6,6,0.9658634240539173
tut_top5_val_0000263,val,7,4,2,0.4937744745456748
tut_top5_val_0000264,val,7,1,1,0.5772541243299217
tut_top5_val_0000265,val,7,4,4,0.9937672594583649
tut_top5_val_0000266,val,7,2,3,0.5448896504238849
tut_top5_val_0000267,val,7,4,4,0.9700133645246829
tut_top5_val_0000268,val,7,4,4,0.5462023036725026
tut_top5_val_0000269,val,7,2,0,0.6029567031981636
tut_top5_val_0000270,val,7,1,3,0.5387286770286074
tut_top5_val_0000271,val,7,0,0,0.9186505496928775
tut_top5_val_0000272,val,7,4,4,0.5253491303407355
tut_top5_val_0000273,val,7,1,1,0.9396571916997235
tut_top5_val_0000274,val,7,4,4,0.987239409690707
tut_top5_val_0000275,val,7,1,1,0.8339186465500668
tut_top5_val_0000276,val,7,5,5,0.9602477997240904
tut_top5_val_0000277,val,7,3,3,0.94353632861224
tut_top5_val_0000278,val,7,0,3,0.5860108316677551
tut_top5_val_0000279,val,7,0,0,0.80308252747183
tut_top5_val_0000280,val,7,1,1,0.9505475525703249
tut_top5_val_0000281,val,7,1,1,0.6580957858592018
tut_top5_val_0000282,val,7,3,3,0.9530536594959813
tut_top5_val_0000283,val,7,3,3,0.4940967737706648
tut_top5_val_0000284,val,7,0,0,0.5813831873863837
tut_top5_val_0000285,val,7,4,4,0.8441844258216515
tut_top5_val_0000286,val,7,1,1,0.5895467690294027
tut_top5_val_0000287,val,7,0,0,0.6019048755956452
tut_top5_val_0000288,val,7,5,5,0.9937612744571013
tut_top5_val_0000289,val,7,2,2,0.9695999565960954
tut_top5_val_0000290,val,7,6,6,0.9478856375078223
tut_top5_val_0000291,val,7,3,3,0.7183508398689503
tut_top5_val_0000292,val,7,3,3,0.9947659863216239
tut_top5_val_0000293,val,7,2,2,0.802423233796528
tut_top5_val_0000294,val,7,5,5,0.9953781874817461
tut_top5_val_0000295,val,7,0,0,0.5742855080235438
tut_top5_val_0000296,val,7,2,2,0.6125005209158053
tut_top5_val_0000297,val,7,2,2,0.896305400149691
tut_top5_val_0000298,val,7,5,5,0.9365762389266643
tut_top5_val_0000299,val,7,6,6,0.5719812377610379
tut_top5_val_0000300,val,7,5,5,0.930814388098151
tut_top5_val_0000301,val,7,5,5,0.6619201081913866
tut_top5_val_0000302,val,7,3,3,0.9915179610897157
tut_top5_val_0000303,val,7,1,1,0.9156154436643174
tut_top5_val_0000304,val,7,3,3,0.3831740030188204
tut_top5_val_0000305,val,7,6,6,0.9461942230845705
tut_top5_val_0000306,val,7,1,6,0.6184505072552087
tut_top5_val_0000307,val,7,3,3,0.8185850394840561
tut_top5_val_0000308,val,7,6,6,0.9968356696443175
tut_top5_val_0000309,val,7,2,2,0.5301621415215861
tut_top5_val_0000310,val,7,4,4,0.4881877579939822
tut_top5_val_0000311,val,7,1,3,0.38547510066545704
tut_top5_val_0000312,val,7,6,1,0.5201149697578944
tut_top5_val_0000313,val,7,5,5,0.8336673737860106
tut_top5_val_0000314,val,7,3,2,0.6597967583898467
tut_top5_val_0000315,val,7,0,0,0.7482083622140832
tut_top5_val_0000316,val,7,3,3,0.8979630885062005
tut_top5_val_0000317,val,7,0,0,0.9386600148415188
tut_top5_val_0000318,val,7,0,0,0.9326864438189303
tut_top5_val_0000319,val,7,1,1,0.985424381049067
tut_top5_val_0000320,val,7,0,0,0.8643681415019393
tut_top5_val_0000321,val,7,2,2,0.8548668685258514
tut_top5_val_0000322,val,7,1,1,0.6385071809141246
tut_top5_val_0000323,val,7,4,4,0.9925291635451293
tut_top5_val_0000324,val,7,2,0,0.46006579763783456
tut_top5_val_0000325,val,7,4,4,0.9170584765259768
tut_top5_val_0000326,val,7,3,1,0.6066162962666809
tut_top5_val_0000327,val,7,0,0,0.690668372892098
tut_top5_val_0000328,val,7,1,1,0.5569119154932742
tut_top5_val_0000329,val,7,4,4,0.9729475171033706
tut_top5_val_0000330,val,7,2,2,0.8310773323583593
tut_top5_val_0000331,val,7,4,4,0.9928242850709893
tut_top5_val_0000332,val,7,4,4,0.9954317834179772
tut_top5_val_0000333,val,7,3,3,0.8487990415982342
tut_top5_val_0000334,val,7,5,5,0.9979887378804202
tut_top5_val_0000335,val,7,0,0,0.745884591198756
tut_top5_val_0000336,val,7,4,4,0.6993153634191881
tut_top5_val_0000337,val,7,4,4,0.7230197219425354
tut_top5_val_0000338,val,7,2,2,0.8969536882931205
tut_top5_val_0000339,val,7,4,4,0.9288596284638926
tut_top5_val_0000340,val,7,1,1,0.6325645142064314
tut_top5_val_0000341,val,7,3,3,0.9667912586981272
tut_top5_val_0000342,val,7,0,0,0.9832286380100019
tut_top5_val_0000343,val,7,6,6,0.6759118274719826
tut_top5_val_0000344,val,7,4,4,0.44200671652605683
tut_top5_val_0000345,val,7,2,2,0.618818919001141
tut_top5_val_0000346,val,7,1,1,0.979663945955719
tut_top5_val_0000347,val,7,4,4,0.5053986037150344
tut_top5_val_0000348,val,7,4,4,0.9672775036440159
tut_top5_val_0000349,val,7,5,0,0.6389612827810103
tut_top5_val_0000350,val,7,3,3,0.9965258402230678
tut_top5_val_0000351,val,7,2,2,0.4592835329935391
tut_top5_val_0000352,val,7,6,6,0.9949443375056904
tut_top5_val_0000353,val,7,0,0,0.8690424131803267
tut_top5_val_0000354,val,7,2,2,0.9009820156973107
tut_top5_val_0000355,val,7,5,5,0.897623914146297
tut_top5_val_0000356,val,7,3,3,0.7610488338481403
tut_top5_val_0000357,val,7,0,0,0.9621233344033535
tut_top5_val_0000358,val,7,6,6,0.8525674057218624
tut_top5_val_0000359,val,7,3,3,0.6934193297040963
tut_top5_val_0000360,val,7,3,3,0.8176941561937774
tut_top5_val_0000361,val,7,2,4,0.5800114792922116
tut_top5_val_0000362,val,7,1,1,0.8013007286489023
tut_top5_val_0000363,val,7,6,6,0.9299506539393925
tut_top5_val_0000364,val,7,2,2,0.7411859191182347
tut_top5_val_0000365,val,7,2,2,0.5022477457705651
tut_top5_val_0000366,val,7,3,3,0.8379539996692881
tut_top5_val_0000367,val,7,2,2,0.64913911308551
tut_top5_val_0000368,val,7,2,2,0.9594200683393368
tut_top5_val_0000369,val,7,2,2,0.6222717538544683
tut_top5_val_0000370,val,7,0,2,0.4202321225607367
tut_top5_val_0000371,val,7,5,5,0.6463951087511828
tut_top5_val_0000372,val,7,2,2,0.969686126943987
tut_top5_val_0000373,val,7,3,3,0.658474427745465
tut_top5_val_0000374,val,7,5,5,0.806876644058748
tut_top5_val_0000375,val,7,3,3,0.6626595402276627
tut_top5_val_0000376,val,7,0,0,0.9120776438622192
tut_top5_val_0000377,val,7,6,6,0.9107719052087804
tut_top5_val_0000378,val,7,0,0,0.4389281300602679
tut_top5_val_0000379,val,7,1,1,0.8900525515497876
tut_top5_val_0000380,val,7,3,3,0.8210398042698895
tut_top5_val_0000381,val,7,5,5,0.9944808172869396
tut_top5_val_0000382,val,7,1,6,0.6567177675411335
tut_top5_val_0000383,val,7,4,4,0.8028435221832857
tut_top5_val_0000384,val,7,0,0,0.9699789233545189
tut_top5_val_0000385,val,7,1,1,0.5629353906481928
tut_top5_val_0000386,val,7,0,0,0.9504030529934165
tut_top5_val_0000387,val,7,4,4,0.8910882229118005
tut_top5_val_0000388,val,7,0,0,0.9816232772367816
tut_top5_val_0000389,val,7,4,4,0.9583255231641733
tut_top5_val_0000390,val,7,3,3,0.9700889455527724
tut_top5_val_0000391,val,7,4,4,0.8122671361717521
tut_top5_val_0000392,val,7,1,1,0.7068780293490253
tut_top5_val_0000393,val,7,0,0,0.6695103037558865
tut_top5_val_0000394,val,7,2,2,0.5223533031777281
tut_top5_val_0000395,val,7,0,0,0.9821199420051936
tut_top5_val_0000396,val,7,1,3,0.7546105445210823
tut_top5_val_0000397,val,7,3,3,0.9898400050456495
tut_top5_val_0000398,val,7,3,3,0.8613451763587286
tut_top5_val_0000399,val,7,3,3,0.5271252100021014
tut_top5_val_0000400,val,7,0,2,0.6495976792269615
tut_top5_val_0000401,val,7,1,1,0.8758504660991118
tut_top5_val_0000402,val,7,0,0,0.9915852305001023
tut_top5_val_0000403,val,7,5,5,0.7054879310814012
tut_top5_val_0000404,val,7,5,5,0.3742065178319679
tut_top5_val_0000405,val,7,3,3,0.9741169663479685
tut_top5_val_0000406,val,7,0,3,0.43304396649130444
tut_top5_val_0000407,val,7,2,2,0.5362524213667982
tut_top5_val_0000408,val,7,3,3,0.5062432399536252
tut_top5_test_0000000,test,7,1,1,0.5906405197864841
tut_top5_test_0000001,test,7,5,5,0.9476479985816304
tut_top5_test_0000002,test,7,4,4,0.9965273637381098
tut_top5_test_0000003,test,7,1,1,0.789596612255642
tut_top5_test_0000004,test,7,1,1,0.7271920369647243
tut_top5_test_0000005,test,7,4,4,0.9157468834465411
tut_top5_test_0000006,test,7,5,5,0.6156601475150009
tut_top5_test_0000007,test,7,0,0,0.6737241205454584
tut_top5_test_0000008,test,7,1,1,0.7331094882451475
tut_top5_test_0000009,test,7,5,5,0.7004136360216587
tut_top5_test_0000010,test,7,4,2,0.3518988139314418
tut_top5_test_0000011,test,7,6,6,0.7062567273800433
tut_top5_test_0000012,test,7,3,3,0.8461679386059866
tut_top5_test_0000013,test,7,6,6,0.9594757483682951
tut_top5_test_0000014,test,7,2,2,0.9091503088075048
tut_top5_test_0000015,test,7,0,0,0.8906897588496744
tut_top5_test_0000016,test,7,1,1,0.6329722630980891
tut_top5_test_0000017,test,7,0,0,0.9235159298616867
tut_top5_test_0000018,test,7,0,0,0.9046413963829157
tut_top5_test_0000019,test,7,2,2,0.6748530266853281
tut_top5_test_0000020,test,7,5,5,0.9755224400294624
tut_top5_test_0000021,test,7,4,4,0.9245746782893549
tut_top5_test_0000022,test,7,1,1,0.957842249689258
tut_top5_test_0000023,test,7,1,1,0.7148022497519506
tut_top5_test_0000024,test,7,6,1,0.6460707990285546
tut_top5_test_0000025,test,7,5,5,0.9984405331073125
tut_top5_test_0000026,test,7,0,0,0.8235294252322327
tut_top5_test_0000027,test,7,6,6,0.9877716561495634
tut_top5_test_0000028,test,7,2,2,0.5301917362611392
tut_top5_test_0000029,test,7,0,0,0.9966960982493611
tut_top5_test_0000030,test,7,6,6,0.9516736344645033
tut_top5_test_0000031,test,7,5,5,0.9753485764921465
tut_top5_test_0000032,test,7,3,3,1.0
tut_top5_test_0000033,test,7,6,6,0.4846296318051261
tut_top5_test_0000034,test,7,6,1,0.4546907888179264
tut_top5_test_0000035,test,7,0,0,0.9872537207108317
tut_top5_test_0000036,test,7,3,3,0.4830770625348018
tut_top5_test_0000037,test,7,3,3,0.43928046005871346
tut_top5_test_0000038,test,7,5,5,0.9993629173989456
tut_top5_test_0000039,test,7,5,5,0.9893482373814189
tut_top5_test_0000040,test,7,1,1,0.9301317139669888
tut_top5_test_0000041,test,7,3,3,0.7291012934695219
tut_top5_test_0000042,test,7,2,2,0.5738327804589154
tut_top5_test_0000043,test,7,1,1,0.8631418665386805
tut_top5_test_0000044,test,7,1,1,0.9007905489249182
tut_top5_test_0000045,test,7,5,5,0.5891452926561294
tut_top5_test_0000046,test,7,5,5,0.948354045360336
tut_top5_test_0000047,test,7,3,3,0.7008060417569104
tut_top5_test_0000048,test,7,1,1,0.6005966181662024
tut_top5_test_0000049,test,7,3,3,0.9266570447965967
tut_top5_test_0000050,test,7,1,1,0.9548848946937948
tut_top5_test_0000051,test,7,0,0,0.9660091944573916
tut_top5_test_0000052,test,7,4,4,0.9722219287009787
tut_top5_test_0000053,test,7,6,6,0.788657385331889
tut_top5_test_0000054,test,7,3,1,0.46703755805047387
tut_top5_test_0000055,test,7,4,4,0.9945331236782269
tut_top5_test_0000056,test,7,4,4,0.9961742307451112
tut_top5_test_0000057,test,7,3,3,0.864818658355115
tut_top5_test_0000058,test,7,2,2,0.7206861870398263
tut_top5_test_0000059,test,7,5,1,0.8612023364066234
tut_top5_test_0000060,test,7,6,6,0.636144796898912
tut_top5_test_0000061,test,7,4,2,0.6155000341366914
tut_top5_test_0000062,test,7,5,5,0.9978343648905752
tut_top5_test_0000063,test,7,1,1,0.9726167497563181
tut_top5_test_0000064,test,7,2,2,0.9709766666139937
tut_top5_test_0000065,test,7,2,2,0.44782141496804867
tut_top5_test_0000066,test,7,5,5,0.9771314331496102
tut_top5_test_0000067,test,7,1,1,0.818376601175968
tut_top5_test_0000068,test,7,0,0,0.875228177371902
tut_top5_test_0000069,test,7,2,2,0.6794505146402204
tut_top5_test_0000070,test,7,3,3,0.8820388195680655
tut_top5_test_0000071,test,7,0,0,0.6896895214503396
tut_top5_test_0000072,test,7,2,2,0.7887307685545204
tut_top5_test_0000073,test,7,0,0,0.5363233121076907
tut_top5_test_0000074,test,7,5,5,0.9994953465627083
tut_top5_test_0000075,test,7,2,2,0.4245684126271967
tut_top5_test_0000076,test,7,2,2,0.532546760245918
tut_top5_test_0000077,test,7,2,4,0.5900106410673711
tut_top5_test_0000078,test,7,0,0,0.7401980122385631
tut_top5_test_0000079,test,7,0,0,0.9948559162057954
tut_top5_test_0000080,test,7,5,5,0.8260560320689432
tut_top5_test_0000081,test,7,2,6,0.47664530183679266
tut_top5_test_0000082,test,7,3,3,0.7863033976582804
tut_top5_test_0000083,test,7,2,2,0.5467020418033801
tut_top5_test_0000084,test,7,2,2,0.5870490934317751
tut_top5_test_0000085,test,7,1,1,0.7612972705531607
tut_top5_test_0000086,test,7,1,1,0.8166208654084618
tut_top5_test_0000087,test,7,3,3,0.74952417194621
tut_top5_test_0000088,test,7,4,4,0.9833437873683332
tut_top5_test_0000089,test,7,2,2,0.5299974315772922
tut_top5_test_0000090,test,7,2,2,0.9092120851461022
tut_top5_test_0000091,test,7,0,0,0.9826553168613024
tut_top5_test_0000092,test,7,2,2,0.9015956157302787
tut_top5_test_0000093,test,7,0,3,0.39787031707272197
tut_top5_test_0000094,test,7,3,3,0.4594770031387043
tut_top5_test_0000095,test,7,4,4,0.8427306758086778
tut_top5_test_0000096,test,7,6,6,0.9873239427413076
tut_top5_test_0000097,test,7,4,4,0.7884711870734811
tut_top5_test_0000098,test,7,2,2,0.4553797776598264
tut_top5_test_0000099,test,7,0,0,0.6252572577325943
tut_top5_test_0000100,test,7,5,5,0.9711619144955147
tut_top5_test_0000101,test,7,3,3,1.0
tut_top5_test_0000102,test,7,2,2,0.39990676096734473
tut_top5_test_0000103,test,7,0,2,0.4568085087566532
tut_top5_test_0000104,test,7,4,4,0.4129869942384963
tut_top5_test_0000105,test,7,2,2,0.5245584820002529
tut_top5_test_0000106,test,7,0,0,0.6734288728723419
tut_top5_test_0000107,test,7,0,0,0.7249677095527125
tut_top5_test_0000108,test,7,3,3,0.5757002586234214
tut_top5_test_0000109,test,7,5,5,0.5795480615692332
tut_top5_test_0000110,test,7,3,3,0.9392859071440165
tut_top5_test_0000111,test,7,4,4,0.4974461537136073
tut_top5_test_0000112,test,7,6,6,0.9812360287385572
tut_top5_test_0000113,test,7,3,3,0.9787040610362523
tut_top5_test_0000114,test,7,5,5,0.9210122068640905
tut_top5_test_0000115,test,7,3,3,0.9254666756114895
tut_top5_test_0000116,test,7,1,1,0.75371629601794
tut_top5_test_0000117,test,7,0,0,0.7495250333776577
tut_top5_test_0000118,test,7,0,3,0.5662252052989165
tut_top5_test_0000119,test,7,5,5,0.9946248207795207
tut_top5_test_0000120,test,7,4,4,0.9960962604392597
tut_top5_test_0000121,test,7,5,5,0.989358175789789
tut_top5_test_0000122,test,7,6,6,0.5132522000497977
tut_top5_test_0000123,test,7,2,2,0.885922200400588
tut_top5_test_0000124,test,7,3,3,0.6786133464850369
tut_top5_test_0000125,test,7,6,1,0.47641923634052674
tut_top5_test_0000126,test,7,0,0,0.7676751871974653
tut_top5_test_0000127,test,7,3,3,0.7994901599183393
tut_top5_test_0000128,test,7,2,2,0.8908296754380496
tut_top5_test_0000129,test,7,5,5,0.6683211197606529
tut_top5_test_0000130,test,7,4,4,0.995876957226218
tut_top5_test_0000131,test,7,3,1,0.5628849547120752
tut_top5_test_0000132,test,7,6,6,0.8164111224674377
tut_top5_test_0000133,test,7,6,1,0.42544652644031866
tut_top5_test_0000134,test,7,2,2,0.885380159546428
tut_top5_test_0000135,test,7,1,1,0.9448525844389354
tut_top5_test_0000136,test,7,1,1,0.8224277285646698
tut_top5_test_0000137,test,7,5,5,0.9902415632603726
tut_top5_test_0000138,test,7,6,6,0.9721618329055852
tut_top5_test_0000139,test,7,0,3,0.657716074401782
tut_top5_test_0000140,test,7,1,1,0.7375411951999168
tut_top5_test_0000141,test,7,2,2,0.641374373463426
tut_top5_test_0000142,test,7,6,6,0.6832882931156199
tut_top5_test_0000143,test,7,3,3,0.8807007148153457
tut_top5_test_0000144,test,7,3,3,0.9393474331207744
tut_top5_test_0000145,test,7,5,5,0.9942836901793075
tut_top5_test_0000146,test,7,2,2,0.9517279932185636
tut_top5_test_0000147,test,7,4,4,0.974785530393799
tut_top5_test_0000148,test,7,5,5,0.9437354751336042
tut_top5_test_0000149,test,7,2,2,0.9420490519776353
tut_top5_test_0000150,test,7,4,4,0.9985923271927277
tut_top5_test_0000151,test,7,4,4,0.6891965305873328
tut_top5_test_0000152,test,7,1,1,0.575559609503193
tut_top5_test_0000153,test,7,0,0,0.9565742260519358
tut_top5_test_0000154,test,7,0,0,0.9941392015834851
tut_top5_test_0000155,test,7,6,1,0.7016526120203834
tut_top5_test_0000156,test,7,5,5,0.6902112158392094
tut_top5_test_0000157,test,7,1,1,0.9908578607637724
tut_top5_test_0000158,test,7,5,5,0.8149137502112409
tut_top5_test_0000159,test,7,6,6,0.989554341793695
tut_top5_test_0000160,test,7,4,4,0.9909935316013528
tut_top5_test_0000161,test,7,0,0,0.9955345811206988
tut_top5_test_0000162,test,7,0,0,0.9448268943186006
tut_top5_test_0000163,test,7,3,3,0.7952411084122026
tut_top5_test_0000164,test,7,3,2,0.46708786271618435
tut_top5_test_0000165,test,7,5,5,0.851697317584481
tut_top5_test_0000166,test,7,3,3,0.9403200478306398
tut_top5_test_0000167,test,7,2,2,0.5846316113748093
tut_top5_test_0000168,test,7,6,6,0.7407700009711702
tut_top5_test_0000169,test,7,5,5,0.9133545957564049
tut_top5_test_0000170,test,7,5,5,0.9895379399101933
tut_top5_test_0000171,test,7,0,0,0.9579609960475821
tut_top5_test_0000172,test,7,3,3,0.7305044486938767
tut_top5_test_0000173,test,7,0,0,0.9138541650745624
tut_top5_test_0000174,test,7,3,3,0.8930153558035053
tut_top5_test_0000175,test,7,2,2,0.9548180208043943
tut_top5_test_0000176,test,7,3,3,0.9074510145057982
tut_top5_test_0000177,test,7,0,0,0.9888837681393342
tut_top5_test_0000178,test,7,0,0,0.9906471982349437
tut_top5_test_0000179,test,7,0,5,0.5540043996545214
tut_top5_test_0000180,test,7,6,6,0.7283171835136764
tut_top5_test_0000181,test,7,2,2,0.9111995796896147
tut_top5_test_0000182,test,7,1,1,0.8963758889456369
tut_top5_test_0000183,test,7,5,5,0.9930536823728798
tut_top5_test_0000184,test,7,5,1,0.46975465307559994
tut_top5_test_0000185,test,7,3,3,0.9921387838136608
tut_top5_test_0000186,test,7,1,1,0.734087259549595
tut_top5_test_0000187,test,7,2,2,0.937279996546405
tut_top5_test_0000188,test,7,1,1,0.9791300881261144
tut_top5_test_0000189,test,7,6,6,0.6161969200540461
tut_top5_test_0000190,test,7,1,1,0.5173207741750833
tut_top5_test_0000191,test,7,5,5,0.6215108070511663
tut_top5_test_0000192,test,7,5,5,0.9776103463593558
tut_top5_test_0000193,test,7,5,5,0.8147043247132875
tut_top5_test_0000194,test,7,2,2,0.7688822814876813
tut_top5_test_0000195,test,7,5,5,0.9942900852710026
tut_top5_test_0000196,test,7,6,6,0.9242710118261307
tut_top5_test_0000197,test,7,1,1,0.7869952759829247
tut_top5_test_0000198,test,7,1,6,0.6612404346065608
tut_top5_test_0000199,test,7,6,6,0.7600611641577405
tut_top5_test_0000200,test,7,3,3,0.7696541073730826
tut_top5_test_0000201,test,7,3,3,0.9813725411830367
tut_top5_test_0000202,test,7,5,5,0.7928081020073953
tut_top5_test_0000203,test,7,4,4,0.6797181855323428
tut_top5_test_0000204,test,7,4,4,0.9981659319899245
tut_top5_test_0000205,test,7,0,0,0.9948181196074892
tut_top5_test_0000206,test,7,0,0,0.9602650479321901
tut_top5_test_0000207,test,7,4,4,0.8607144795013951
tut_top5_test_0000208,test,7,3,3,0.7957770899915226
tut_top5_test_0000209,test,7,4,4,0.9734408021355914
tut_top5_test_0000210,test,7,3,3,0.5412110410235396
tut_top5_test_0000211,test,7,5,5,0.985849324510494
tut_top5_test_0000212,test,7,0,0,0.982427973729698
tut_top5_test_0000213,test,7,0,0,0.31908666406744796
tut_top5_test_0000214,test,7,2,2,0.7633191738783245
tut_top5_test_0000215,test,7,4,4,0.9882697107223574
tut_top5_test_0000216,test,7,2,2,0.9827086232545499
tut_top5_test_0000217,test,7,4,4,0.5170062726120985
tut_top5_test_0000218,test,7,1,1,0.6011230451024161
tut_top5_test_0000219,test,7,6,6,0.8659280343641579
tut_top5_test_0000220,test,7,0,0,0.8600663380347423
tut_top5_test_0000221,test,7,2,0,0.5062537324275034
tut_top5_test_0000222,test,7,2,2,0.8364523057694809
tut_top5_test_0000223,test,7,4,4,0.9887643609511834
tut_top5_test_0000224,test,7,2,2,0.7087727427361774
tut_top5_test_0000225,test,7,2,2,0.7740763052997275
tut_top5_test_0000226,test,7,6,6,0.7146398743038452
tut_top5_test_0000227,test,7,4,4,0.9361403703016218
tut_top5_test_0000228,test,7,2,2,0.934926098309733
tut_top5_test_0000229,test,7,3,3,0.9284424059434755
tut_top5_test_0000230,test,7,4,2,0.49999829320202094
tut_top5_test_0000231,test,7,6,6,0.9716931147507711
tut_top5_test_0000232,test,7,4,4,0.9943884056010319
tut_top5_test_0000233,test,7,3,3,0.844609721471055
tut_top5_test_0000234,test,7,6,6,0.8222500484653631
tut_top5_test_0000235,test,7,2,2,0.8740039638939554
tut_top5_test_0000236,test,7,2,2,0.6016134504345118
tut_top5_test_0000237,test,7,5,5,0.6053319562569163
tut_top5_test_0000238,test,7,0,0,0.8775926577284018
tut_top5_test_0000239,test,7,1,1,0.9619278862987635
tut_top5_test_0000240,test,7,1,1,0.9675073304451556
tut_top5_test_0000241,test,7,2,2,0.9069188633452834
tut_top5_test_0000242,test,7,1,1,0.6040329895021215
tut_top5_test_0000243,test,7,5,5,0.9596335547601947
tut_top5_test_0000244,test,7,0,0,0.994249227776249
tut_top5_test_0000245,test,7,1,1,0.4953652219189248
tut_top5_test_0000246,test,7,6,6,0.6300419299342939
tut_top5_test_0000247,test,7,1,1,0.9259823173442889
tut_top5_test_0000248,test,7,1,1,0.6238474065738969
tut_top5_test_0000249,test,7,0,0,0.9895306087290705
tut_top5_test_0000250,test,7,5,5,0.9563061351885643
tut_top5_test_0000251,test,7,0,0,0.8188777986228334
tut_top5_test_0000252,test,7,5,5,0.9024645923431652
tut_top5_test_0000253,test,7,5,5,0.6615425350776075
tut_top5_test_0000254,test,7,2,2,0.9752750013103703
tut_top5_test_0000255,test,7,1,1,0.7361378654342158
tut_top5_test_0000256,test,7,0,0,0.7428682156873999
tut_top5_test_0000257,test,7,3,3,0.8558688268759046
tut_top5_test_0000258,test,7,3,3,0.7588750885265864
tut_top5_test_0000259,test,7,3,3,0.7828865174148489
tut_top5_test_0000260,test,7,5,5,0.9973343764105286
tut_top5_test_0000261,test,7,4,4,0.9617947685211305
tut_top5_test_0000262,test,7,2,2,0.7875949214512488
tut_top5_test_0000263,test,7,1,1,0.5805288561020044
tut_top5_test_0000264,test,7,4,4,0.7462030989478775
tut_top5_test_0000265,test,7,3,3,0.33290390512567525
tut_top5_test_0000266,test,7,5,5,0.9861531927531554
tut_top5_test_0000267,test,7,0,0,0.7399410984003737
tut_top5_test_0000268,test,7,0,0,0.9773762435542822
tut_top5_test_0000269,test,7,2,2,0.9706926026518239
tut_top5_test_0000270,test,7,3,5,0.7763540604277713
tut_top5_test_0000271,test,7,1,1,0.9255179964788732
tut_top5_test_0000272,test,7,2,2,0.9434184445259542
tut_top5_test_0000273,test,7,4,4,0.9950250591944934
tut_top5_test_0000274,test,7,2,2,0.9698136391138586
tut_top5_test_0000275,test,7,5,5,0.9992512249731655
tut_top5_test_0000276,test,7,6,6,0.458084770538642
tut_top5_test_0000277,test,7,2,2,0.5113627982864881
tut_top5_test_0000278,test,7,2,2,0.7760822228674042
tut_top5_test_0000279,test,7,5,5,0.9971569846806534
tut_top5_test_0000280,test,7,0,0,0.9998101432187033
tut_top5_test_0000281,test,7,5,1,0.7979833647206719
tut_top5_test_0000282,test,7,1,1,0.9870826751166583
tut_top5_test_0000283,test,7,0,0,0.6509763168424736
tut_top5_test_0000284,test,7,3,3,0.970772232804159
tut_top5_test_0000285,test,7,5,5,0.7700487537157763
tut_top5_test_0000286,test,7,2,2,0.9591040233930828
tut_top5_test_0000287,test,7,0,0,0.7168463968822103
tut_top5_test_0000288,test,7,3,3,0.7820933072780041
tut_top5_test_0000289,test,7,6,6,0.6530453374807722
tut_top5_test_0000290,test,7,2,4,0.5157844143702388
tut_top5_test_0000291,test,7,6,6,0.9332367252375195
tut_top5_test_0000292,test,7,0,2,0.6029351303435138
tut_top5_test_0000293,test,7,0,0,0.9934919339925653
tut_top5_test_0000294,test,7,0,0,0.9812569684085234
tut_top5_test_0000295,test,7,5,5,0.9904545437317354
tut_top5_test_0000296,test,7,5,5,0.9618151623380164
tut_top5_test_0000297,test,7,2,2,0.9610076687799959
tut_top5_test_0000298,test,7,2,2,0.5963052467762282
tut_top5_test_0000299,test,7,5,5,0.9927441992394861
tut_top5_test_0000300,test,7,1,1,0.9368314883616753
tut_top5_test_0000301,test,7,5,1,0.8361483082370225
tut_top5_test_0000302,test,7,4,4,0.9451048121061626
tut_top5_test_0000303,test,7,2,2,0.5368089294335886
tut_top5_test_0000304,test,7,6,6,0.9788745548049472
tut_top5_test_0000305,test,7,5,5,0.9884630126323037
tut_top5_test_0000306,test,7,6,6,0.4846296318051261
tut_top5_test_0000307,test,7,4,4,0.9931597619558539
tut_top5_test_0000308,test,7,3,3,0.821061989839665
tut_top5_test_0000309,test,7,3,3,0.9942421102818577
tut_top5_test_0000310,test,7,1,1,0.8514488940528611
tut_top5_test_0000311,test,7,2,2,0.9920862410434081
tut_top5_test_0000312,test,7,3,3,0.9484783331321779
tut_top5_test_0000313,test,7,3,3,0.6897095263025973
tut_top5_test_0000314,test,7,5,5,0.9983215847698496
tut_top5_test_0000315,test,7,5,5,0.9798186436314296
tut_top5_test_0000316,test,7,0,0,0.9638473308461567
tut_top5_test_0000317,test,7,2,2,0.8991925512814241
tut_top5_test_0000318,test,7,6,6,0.7992180501279524
tut_top5_test_0000319,test,7,2,2,0.8932605392707861
tut_top5_test_0000320,test,7,5,1,0.5006731172425811
tut_top5_test_0000321,test,7,3,3,0.5020584912570438
tut_top5_test_0000322,test,7,5,5,0.9983580490621138
tut_top5_test_0000323,test,7,3,2,0.5924767557612106
tut_top5_test_0000324,test,7,0,0,0.5881400484581891
tut_top5_test_0000325,test,7,4,2,0.5058610420725127
tut_top5_test_0000326,test,7,0,0,0.6430928613790385
tut_top5_test_0000327,test,7,2,2,0.6845692383790339
tut_top5_test_0000328,test,7,1,1,0.7599197748855473
tut_top5_test_0000329,test,7,0,0,0.8072389296197242
tut_top5_test_0000330,test,7,5,5,0.9957797237537439
tut_top5_test_0000331,test,7,1,1,0.5121290552274168
tut_top5_test_0000332,test,7,0,0,0.2777328818178223
tut_top5_test_0000333,test,7,5,5,0.8942158394540067
tut_top5_test_0000334,test,7,0,0,0.4266211574011614
tut_top5_test_0000335,test,7,5,3,0.4210095020878208
tut_top5_test_0000336,test,7,2,2,0.936698390535393
tut_top5_test_0000337,test,7,1,1,0.7552057706243158
tut_top5_test_0000338,test,7,3,3,0.9794797567433886
tut_top5_test_0000339,test,7,1,1,0.9718373062169491
tut_top5_test_0000340,test,7,3,3,0.7351908894630906
tut_top5_test_0000341,test,7,1,1,0.7539573518864731
tut_top5_test_0000342,test,7,4,2,0.6374258851760117
tut_top5_test_0000343,test,7,4,4,0.858203831067706
tut_top5_test_0000344,test,7,5,5,0.6583079845337921
tut_top5_test_0000345,test,7,0,0,0.8623681167994335
tut_top5_test_0000346,test,7,3,3,0.9008208335647495
tut_top5_test_0000347,test,7,1,1,0.510813492723218
tut_top5_test_0000348,test,7,2,2,0.5280969046329621
tut_top5_test_0000349,test,7,5,5,0.7762749914629837
tut_top5_test_0000350,test,7,1,1,0.6769609410845041
tut_top5_test_0000351,test,7,1,1,0.9196063121008818
tut_top5_test_0000352,test,7,2,2,0.5759286534154784
tut_top5_test_0000353,test,7,6,6,0.7280285310694095
tut_top5_test_0000354,test,7,3,3,0.48967694614897894
tut_top5_test_0000355,test,7,3,3,0.8519954678364964
tut_top5_test_0000356,test,7,1,1,0.5842874902832449
tut_top5_test_0000357,test,7,0,3,0.3665249221149109
tut_top5_test_0000358,test,7,5,5,0.9751236901032816
tut_top5_test_0000359,test,7,0,3,0.43467183050382757
tut_top5_test_0000360,test,7,5,1,0.7034018519539421
tut_top5_test_0000361,test,7,1,1,0.883374852794279
tut_top5_test_0000362,test,7,6,6,0.8920552515490101
tut_top5_test_0000363,test,7,2,2,0.6530731112875166
tut_top5_test_0000364,test,7,3,3,0.5999925035866849
tut_top5_test_0000365,test,7,4,4,0.9374643675239744
tut_top5_test_0000366,test,7,1,1,0.7228762716106071
tut_top5_test_0000367,test,7,6,6,0.9389361730073122
tut_top5_test_0000368,test,7,0,0,0.9721422474582844
tut_top5_test_0000369,test,7,5,5,0.9156458109214731
tut_top5_test_0000370,test,7,0,0,0.9664416297496381
tut_top5_test_0000371,test,7,6,1,0.6388409801549382
tut_top5_test_0000372,test,7,2,2,0.9537392994151093
tut_top5_test_0000373,test,7,0,0,0.9293437867463458
tut_top5_test_0000374,test,7,3,3,0.9704659969698732
tut_top5_test_0000375,test,7,4,4,0.6525248485666022
tut_top5_test_0000376,test,7,3,3,0.7004964399162747
tut_top5_test_0000377,test,7,5,5,0.9971569846806534
tut_top5_test_0000378,test,7,1,1,0.7354178908410204
tut_top5_test_0000379,test,7,5,1,0.7065388616759501
tut_top5_test_0000380,test,7,3,3,0.5678846631858874
tut_top5_test_0000381,test,7,4,4,0.9948071744918152
tut_top5_test_0000382,test,7,1,1,0.7597366069943429
tut_top5_test_0000383,test,7,3,3,0.8682477095165434
tut_top5_test_0000384,test,7,3,3,0.9547172475003772
tut_top5_test_0000385,test,7,2,2,0.7387750927398308
tut_top5_test_0000386,test,7,1,5,0.6136228329237919
tut_top5_test_0000387,test,7,4,4,0.958008323077725
tut_top5_test_0000388,test,7,5,5,0.9863678090408762
tut_top5_test_0000389,test,7,1,1,0.9682250099647988
tut_top5_test_0000390,test,7,5,5,0.6258130181791111
tut_top5_test_0000391,test,7,4,4,0.9505662041329085
tut_top5_test_0000392,test,7,5,5,0.9984405331073125
tut_top5_test_0000393,test,7,4,4,0.8862698619726025
tut_top5_test_0000394,test,7,4,4,0.9000817766312198
tut_top5_test_0000395,test,7,4,4,0.9934599136049513
tut_top5_test_0000396,test,7,3,3,0.9074275461068001
tut_top5_test_0000397,test,7,1,1,0.6482066855631219
tut_top5_test_0000398,test,7,0,2,0.3784943411800599
tut_top5_test_0000399,test,7,1,1,0.9926922326277008
tut_top5_train_0000000,train,8,5,5,1.0
tut_top5_train_0000001,train,8,1,1,1.0
tut_top5_train_0000002,train,8,3,3,1.0
tut_top5_train_0000003,train,8,4,4,1.0
tut_top5_train_0000004,train,8,7,7,1.0
tut_top5_train_0000005,train,8,2,2,1.0
tut_top5_train_0000006,train,8,1,1,1.0
tut_top5_train_0000007,train,8,5,5,1.0
tut_top5_train_0000008,train,8,7,7,1.0
tut_top5_train_0000009,train,8,3,3,1.0
tut_top5_train_0000010,train,8,2,2,1.0
tut_top5_train_0000011,train,8,7,7,1.0
tut_top5_train_0000012,train,8,3,3,1.0
tut_top5_train_0000013,train,8,6,6,1.0
tut_top5_train_0000014,train,8,2,2,1.0
tut_top5_train_0000015,train,8,1,1,1.0
tut_top5_train_0000016,train,8,2,2,1.0
tut_top5_train_0000017,train,8,3,3,1.0
tut_top5_train_0000018,train,8,3,3,1.0
tut_top5_train_0000019,train,8,2,2,1.0
tut_top5_train_0000020,train,8,5,5,1.0
tut_top5_train_0000021,train,8,6,6,1.0
tut_top5_train_0000022,train,8,7,7,1.0
tut_top5_train_0000023,train,8,7,7,1.0
tut_top5_train_0000024,train,8,5,5,1.0
tut_top5_train_0000025,train,8,3,3,1.0
tut_top5_train_0000026,train,8,3,3,1.0
tut_top5_train_0000027,train,8,0,0,1.0
tut_top5_train_0000028,train,8,6,6,1.0
tut_top5_train_0000029,train,8,7,7,1.0
tut_top5_train_0000030,train,8,1,1,1.0
tut_top5_train_0000031,train,8,3,3,1.0
tut_top5_train_0000032,train,8,3,3,1.0
tut_top5_train_0000033,train,8,1,1,1.0
tut_top5_train_0000034,train,8,1,1,1.0
tut_top5_train_0000035,train,8,2,2,1.0
tut_top5_train_0000036,train,8,3,3,1.0
tut_top5_train_0000037,train,8,1,1,1.0
tut_top5_train_0000038,train,8,1,1,1.0
tut_top5_train_0000039,train,8,6,6,1.0
tut_top5_train_0000040,train,8,4,4,1.0
tut_top5_train_0000041,train,8,3,3,1.0
tut_top5_train_0000042,train,8,1,1,1.0
tut_top5_train_0000043,train,8,6,6,1.0
tut_top5_train_0000044,train,8,7,7,1.0
tut_top5_train_0000045,train,8,5,5,1.0
tut_top5_train_0000046,train,8,7,7,1.0
tut_top5_train_0000047,train,8,4,4,1.0
tut_top5_train_0000048,train,8,2,2,1.0
tut_top5_train_0000049,train,8,5,5,1.0
tut_top5_train_0000050,train,8,0,0,1.0
tut_top5_train_0000051,train,8,1,1,1.0
tut_top5_train_0000052,train,8,7,7,1.0
tut_top5_train_0000053,train,8,2,2,1.0
tut_top5_train_0000054,train,8,3,3,1.0
tut_top5_train_0000055,train,8,7,7,1.0
tut_top5_train_0000056,train,8,7,7,1.0
tut_top5_train_0000057,train,8,7,7,1.0
tut_top5_train_0000058,train,8,6,6,1.0
tut_top5_train_0000059,train,8,2,2,1.0
tut_top5_train_0000060,train,8,5,5,1.0
tut_top5_train_0000061,train,8,0,0,1.0
tut_top5_train_0000062,train,8,5,5,1.0
tut_top5_train_0000063,train,8,1,1,1.0
tut_top5_train_0000064,train,8,3,3,1.0
tut_top5_train_0000065,train,8,5,5,1.0
tut_top5_train_0000066,train,8,0,0,1.0
tut_top5_train_0000067,train,8,1,1,1.0
tut_top5_train_0000068,train,8,2,2,1.0
tut_top5_train_0000069,train,8,0,0,1.0
tut_top5_train_0000070,train,8,5,5,1.0
tut_top5_train_0000071,train,8,7,7,1.0
tut_top5_train_0000072,train,8,1,1,1.0
tut_top5_train_0000073,train,8,1,1,1.0
tut_top5_train_0000074,train,8,1,1,1.0
tut_top5_train_0000075,train,8,5,5,1.0
tut_top5_train_0000076,train,8,5,5,1.0
tut_top5_train_0000077,train,8,6,6,1.0
tut_top5_train_0000078,train,8,0,0,1.0
tut_top5_train_0000079,train,8,2,2,1.0
tut_top5_train_0000080,train,8,3,3,1.0
tut_top5_train_0000081,train,8,1,1,1.0
tut_top5_train_0000082,train,8,6,6,1.0
tut_top5_train_0000083,train,8,7,7,1.0
tut_top5_train_0000084,train,8,1,1,1.0
tut_top5_train_0000085,train,8,4,4,1.0
tut_top5_train_0000086,train,8,1,1,1.0
tut_top5_train_0000087,train,8,2,2,1.0
tut_top5_train_0000088,train,8,6,6,1.0
tut_top5_train_0000089,train,8,3,3,1.0
tut_top5_train_0000090,train,8,7,7,1.0
tut_top5_train_0000091,train,8,7,7,1.0
tut_top5_train_0000092,train,8,1,1,1.0
tut_top5_train_0000093,train,8,2,2,1.0
tut_top5_train_0000094,train,8,1,1,1.0
tut_top5_train_0000095,train,8,5,5,1.0
tut_top5_train_0000096,train,8,2,2,1.0
tut_top5_train_0000097,train,8,7,7,1.0
tut_top5_train_0000098,train,8,5,5,1.0
tut_top5_train_0000099,train,8,2,2,1.0
tut_top5_train_0000100,train,8,3,3,1.0
tut_top5_train_0000101,train,8,2,2,1.0
tut_top5_train_0000102,train,8,1,1,1.0
tut_top5_train_0000103,train,8,5,5,1.0
tut_top5_train_0000104,train,8,2,2,1.0
tut_top5_train_0000105,train,8,3,3,1.0
tut_top5_train_0000106,train,8,1,1,1.0
tut_top5_train_0000107,train,8,7,7,1.0
tut_top5_train_0000108,train,8,3,3,1.0
tut_top5_train_0000109,train,8,6,6,1.0
tut_top5_train_0000110,train,8,2,2,1.0
tut_top5_train_0000111,train,8,2,2,1.0
tut_top5_train_0000112,train,8,2,2,1.0
tut_top5_train_0000113,train,8,3,3,1.0
tut_top5_train_0000114,train,8,1,1,1.0
tut_top5_train_0000115,train,8,4,4,1.0
tut_top5_train_0000116,train,8,5,5,1.0
tut_top5_train_0000117,train,8,4,4,1.0
tut_top5_train_0000118,train,8,1,1,1.0
tut_top5_train_0000119,train,8,6,6,1.0
tut_top5_train_0000120,train,8,3,3,1.0
tut_top5_train_0000121,train,8,3,3,1.0
tut_top5_train_0000122,train,8,7,7,1.0
tut_top5_train_0000123,train,8,1,1,1.0
tut_top5_train_0000124,train,8,3,3,1.0
tut_top5_train_0000125,train,8,1,1,1.0
tut_top5_train_0000126,train,8,1,1,1.0
tut_top5_train_0000127,train,8,2,2,1.0
tut_top5_train_0000128,train,8,3,3,1.0
tut_top5_train_0000129,train,8,0,0,1.0
tut_top5_train_0000130,train,8,7,7,1.0
tut_top5_train_0000131,train,8,7,7,1.0
tut_top5_train_0000132,train,8,6,6,1.0
tut_top5_train_0000133,train,8,3,3,1.0
tut_top5_train_0000134,train,8,3,3,1.0
tut_top5_train_0000135,train,8,4,4,1.0
tut_top5_train_0000136,train,8,1,1,1.0
tut_top5_train_0000137,train,8,1,1,1.0
tut_top5_train_0000138,train,8,1,1,1.0
tut_top5_train_0000139,train,8,5,5,1.0
tut_top5_train_0000140,train,8,2,2,1.0
tut_top5_train_0000141,train,8,2,2,1.0
tut_top5_train_0000142,train,8,2,2,1.0
tut_top5_train_0000143,train,8,5,5,1.0
tut_top5_train_0000144,train,8,3,3,1.0
tut_top5_train_0000145,train,8,7,7,1.0
tut_top5_train_0000146,train,8,1,1,1.0
tut_top5_train_0000147,train,8,4,4,1.0
tut_top5_train_0000148,train,8,6,6,1.0
tut_top5_train_0000149,train,8,3,3,1.0
tut_top5_train_0000150,train,8,2,2,1.0
tut_top5_train_0000151,train,8,1,1,1.0
tut_top5_train_0000152,train,8,0,0,1.0
tut_top5_train_0000153,train,8,7,7,1.0
tut_top5_train_0000154,train,8,5,5,1.0
tut_top5_train_0000155,train,8,2,2,1.0
tut_top5_train_0000156,train,8,0,0,1.0
tut_top5_train_0000157,train,8,6,6,1.0
tut_top5_train_0000158,train,8,4,4,1.0
tut_top5_train_0000159,train,8,1,1,1.0
tut_top5_train_0000160,train,8,2,2,1.0
tut_top5_train_0000161,train,8,2,2,1.0
tut_top5_train_0000162,train,8,7,7,1.0
tut_top5_train_0000163,train,8,2,2,1.0
tut_top5_train_0000164,train,8,2,2,1.0
tut_top5_train_0000165,train,8,2,2,1.0
tut_top5_train_0000166,train,8,7,7,1.0
tut_top5_train_0000167,train,8,2,2,1.0
tut_top5_train_0000168,train,8,2,2,1.0
tut_top5_train_0000169,train,8,0,0,1.0
tut_top5_train_0000170,train,8,7,7,1.0
tut_top5_train_0000171,train,8,1,1,1.0
tut_top5_train_0000172,train,8,2,2,1.0
tut_top5_train_0000173,train,8,2,2,1.0
tut_top5_train_0000174,train,8,1,1,1.0
tut_top5_train_0000175,train,8,2,2,1.0
tut_top5_train_0000176,train,8,1,1,1.0
tut_top5_train_0000177,train,8,3,3,1.0
tut_top5_train_0000178,train,8,7,7,1.0
tut_top5_train_0000179,train,8,2,2,1.0
tut_top5_train_0000180,train,8,2,2,1.0
tut_top5_train_0000181,train,8,6,6,1.0
tut_top5_train_0000182,train,8,1,1,1.0
tut_top5_train_0000183,train,8,6,6,1.0
tut_top5_train_0000184,train,8,0,0,1.0
tut_top5_train_0000185,train,8,0,0,1.0
tut_top5_train_0000186,train,8,1,1,1.0
tut_top5_train_0000187,train,8,4,4,1.0
tut_top5_train_0000188,train,8,5,5,1.0
tut_top5_train_0000189,train,8,3,3,1.0
tut_top5_train_0000190,train,8,7,7,1.0
tut_top5_train_0000191,train,8,0,0,1.0
tut_top5_train_0000192,train,8,6,6,1.0
tut_top5_train_0000193,train,8,4,4,1.0
tut_top5_train_0000194,train,8,1,1,1.0
tut_top5_train_0000195,train,8,1,1,1.0
tut_top5_train_0000196,train,8,6,6,1.0
tut_top5_train_0000197,train,8,0,0,1.0
tut_top5_train_0000198,train,8,3,3,1.0
tut_top5_train_0000199,train,8,4,4,1.0
tut_top5_train_0000200,train,8,7,7,1.0
tut_top5_train_0000201,train,8,5,5,1.0
tut_top5_train_0000202,train,8,7,7,1.0
tut_top5_train_0000203,train,8,3,3,1.0
tut_top5_train_0000204,train,8,2,2,1.0
tut_top5_train_0000205,train,8,7,7,1.0
tut_top5_train_0000206,train,8,2,2,1.0
tut_top5_train_0000207,train,8,2,2,1.0
tut_top5_train_0000208,train,8,2,2,1.0
tut_top5_train_0000209,train,8,0,0,1.0
tut_top5_train_0000210,train,8,5,5,1.0
tut_top5_train_0000211,train,8,3,3,1.0
tut_top5_train_0000212,train,8,7,7,1.0
tut_top5_train_0000213,train,8,1,1,1.0
tut_top5_train_0000214,train,8,2,2,1.0
tut_top5_train_0000215,train,8,3,3,1.0
tut_top5_train_0000216,train,8,5,5,1.0
tut_top5_train_0000217,train,8,3,3,1.0
tut_top5_train_0000218,train,8,0,0,1.0
tut_top5_train_0000219,train,8,3,3,1.0
tut_top5_train_0000220,train,8,1,1,1.0
tut_top5_train_0000221,train,8,4,4,1.0
tut_top5_train_0000222,train,8,5,5,1.0
tut_top5_train_0000223,train,8,7,7,1.0
tut_top5_train_0000224,train,8,6,6,1.0
tut_top5_train_0000225,train,8,0,0,1.0
tut_top5_train_0000226,train,8,7,7,1.0
tut_top5_train_0000227,train,8,2,2,1.0
tut_top5_train_0000228,train,8,2,2,1.0
tut_top5_train_0000229,train,8,2,2,1.0
tut_top5_train_0000230,train,8,6,6,1.0
tut_top5_train_0000231,train,8,3,3,1.0
tut_top5_train_0000232,train,8,6,6,1.0
tut_top5_train_0000233,train,8,2,2,1.0
tut_top5_train_0000234,train,8,2,2,1.0
tut_top5_train_0000235,train,8,7,7,1.0
tut_top5_train_0000236,train,8,2,2,1.0
tut_top5_train_0000237,train,8,3,3,1.0
tut_top5_train_0000238,train,8,1,1,1.0
tut_top5_train_0000239,train,8,1,1,1.0
tut_top5_train_0000240,train,8,4,4,1.0
tut_top5_train_0000241,train,8,1,1,1.0
tut_top5_train_0000242,train,8,5,5,1.0
tut_top5_train_0000243,train,8,2,2,1.0
tut_top5_train_0000244,train,8,3,3,1.0
tut_top5_train_0000245,train,8,1,1,1.0
tut_top5_train_0000246,train,8,2,2,1.0
tut_top5_train_0000247,train,8,1,1,1.0
tut_top5_train_0000248,train,8,3,3,1.0
tut_top5_train_0000249,train,8,2,2,1.0
tut_top5_train_0000250,train,8,6,6,1.0
tut_top5_train_0000251,train,8,1,1,1.0
tut_top5_train_0000252,train,8,6,6,1.0
tut_top5_train_0000253,train,8,4,4,1.0
tut_top5_train_0000254,train,8,5,5,1.0
tut_top5_train_0000255,train,8,5,5,1.0
tut_top5_train_0000256,train,8,6,6,1.0
tut_top5_train_0000257,train,8,1,1,1.0
tut_top5_train_0000258,train,8,7,7,1.0
tut_top5_train_0000259,train,8,1,1,1.0
tut_top5_train_0000260,train,8,7,7,1.0
tut_top5_train_0000261,train,8,3,3,1.0
tut_top5_train_0000262,train,8,7,7,1.0
tut_top5_train_0000263,train,8,4,4,1.0
tut_top5_train_0000264,train,8,1,1,1.0
tut_top5_train_0000265,train,8,2,2,1.0
tut_top5_train_0000266,train,8,2,2,1.0
tut_top5_train_0000267,train,8,6,6,1.0
tut_top5_train_0000268,train,8,3,3,1.0
tut_top5_train_0000269,train,8,0,0,1.0
tut_top5_train_0000270,train,8,2,2,1.0
tut_top5_train_0000271,train,8,5,5,1.0
tut_top5_train_0000272,train,8,5,5,1.0
tut_top5_train_0000273,train,8,1,1,1.0
tut_top5_train_0000274,train,8,5,5,1.0
tut_top5_train_0000275,train,8,7,7,1.0
tut_top5_train_0000276,train,8,6,6,1.0
tut_top5_train_0000277,train,8,6,6,1.0
tut_top5_train_0000278,train,8,3,3,1.0
tut_top5_train_0000279,train,8,2,2,1.0
tut_top5_train_0000280,train,8,4,4,1.0
tut_top5_train_0000281,train,8,3,3,1.0
tut_top5_train_0000282,train,8,5,5,1.0
tut_top5_train_0000283,train,8,5,5,1.0
tut_top5_train_0000284,train,8,6,6,1.0
tut_top5_train_0000285,train,8,7,7,1.0
tut_top5_train_0000286,train,8,4,4,1.0
tut_top5_train_0000287,train,8,1,1,1.0
tut_top5_train_0000288,train,8,1,1,1.0
tut_top5_train_0000289,train,8,3,3,1.0
tut_top5_train_0000290,train,8,6,6,1.0
tut_top5_train_0000291,train,8,3,3,1.0
tut_top5_train_0000292,train,8,6,6,1.0
tut_top5_train_0000293,train,8,3,3,1.0
tut_top5_train_0000294,train,8,7,7,1.0
tut_top5_train_0000295,train,8,1,1,1.0
tut_top5_train_0000296,train,8,7,7,1.0
tut_top5_train_0000297,train,8,1,1,1.0
tut_top5_train_0000298,train,8,3,3,1.0
tut_top5_train_0000299,train,8,2,2,1.0
tut_top5_train_0000300,train,8,6,6,1.0
tut_top5_train_0000301,train,8,5,5,1.0
tut_top5_train_0000302,train,8,0,0,1.0
tut_top5_train_0000303,train,8,1,1,1.0
tut_top5_train_0000304,train,8,6,6,1.0
tut_top5_train_0000305,train,8,6,6,1.0
tut_top5_train_0000306,train,8,0,0,1.0
tut_top5_train_0000307,train,8,1,1,1.0
tut_top5_train_0000308,train,8,7,7,1.0
tut_top5_train_0000309,train,8,7,7,1.0
tut_top5_train_0000310,train,8,3,3,1.0
tut_top5_train_0000311,train,8,7,7,1.0
tut_top5_train_0000312,train,8,3,3,1.0
tut_top5_train_0000313,train,8,7,7,1.0
tut_top5_train_0000314,train,8,1,1,1.0
tut_top5_train_0000315,train,8,5,5,1.0
tut_top5_train_0000316,train,8,3,3,1.0
tut_top5_train_0000317,train,8,6,6,1.0
tut_top5_train_0000318,train,8,0,0,1.0
tut_top5_train_0000319,train,8,7,7,1.0
tut_top5_train_0000320,train,8,6,6,1.0
tut_top5_train_0000321,train,8,4,4,1.0
tut_top5_train_0000322,train,8,1,1,1.0
tut_top5_train_0000323,train,8,1,1,1.0
tut_top5_train_0000324,train,8,7,7,1.0
tut_top5_train_0000325,train,8,3,3,1.0
tut_top5_train_0000326,train,8,0,0,1.0
tut_top5_train_0000327,train,8,5,5,1.0
tut_top5_train_0000328,train,8,1,1,1.0
tut_top5_train_0000329,train,8,2,2,1.0
tut_top5_train_0000330,train,8,2,2,1.0
tut_top5_train_0000331,train,8,5,5,1.0
tut_top5_train_0000332,train,8,3,3,1.0
tut_top5_train_0000333,train,8,7,7,1.0
tut_top5_train_0000334,train,8,5,5,1.0
tut_top5_train_0000335,train,8,3,3,1.0
tut_top5_train_0000336,train,8,4,4,1.0
tut_top5_train_0000337,train,8,5,5,1.0
tut_top5_train_0000338,train,8,3,3,1.0
tut_top5_train_0000339,train,8,7,7,1.0
tut_top5_train_0000340,train,8,5,5,1.0
tut_top5_train_0000341,train,8,3,3,1.0
tut_top5_train_0000342,train,8,1,1,1.0
tut_top5_train_0000343,train,8,1,1,1.0
tut_top5_train_0000344,train,8,7,7,1.0
tut_top5_train_0000345,train,8,2,2,1.0
tut_top5_train_0000346,train,8,7,7,1.0
tut_top5_train_0000347,train,8,1,1,1.0
tut_top5_train_0000348,train,8,3,3,1.0
tut_top5_train_0000349,train,8,2,2,1.0
tut_top5_train_0000350,train,8,7,7,1.0
tut_top5_train_0000351,train,8,6,6,1.0
tut_top5_train_0000352,train,8,3,3,1.0
tut_top5_train_0000353,train,8,5,5,1.0
tut_top5_train_0000354,train,8,5,5,1.0
tut_top5_train_0000355,train,8,1,1,1.0
tut_top5_train_0000356,train,8,2,2,1.0
tut_top5_train_0000357,train,8,0,0,1.0
tut_top5_train_0000358,train,8,0,0,1.0
tut_top5_train_0000359,train,8,5,5,1.0
tut_top5_train_0000360,train,8,5,5,1.0
tut_top5_train_0000361,train,8,1,1,1.0
tut_top5_train_0000362,train,8,3,3,1.0
tut_top5_train_0000363,train,8,4,4,1.0
tut_top5_train_0000364,train,8,7,7,1.0
tut_top5_train_0000365,train,8,2,2,1.0
tut_top5_train_0000366,train,8,2,2,1.0
tut_top5_train_0000367,train,8,1,1,1.0
tut_top5_train_0000368,train,8,3,3,1.0
tut_top5_train_0000369,train,8,3,3,1.0
tut_top5_train_0000370,train,8,7,7,1.0
tut_top5_train_0000371,train,8,5,5,1.0
tut_top5_train_0000372,train,8,2,2,1.0
tut_top5_train_0000373,train,8,2,2,1.0
tut_top5_train_0000374,train,8,3,3,1.0
tut_top5_train_0000375,train,8,2,2,1.0
tut_top5_train_0000376,train,8,6,6,1.0
tut_top5_train_0000377,train,8,1,1,1.0
tut_top5_train_0000378,train,8,5,5,1.0
tut_top5_train_0000379,train,8,0,0,1.0
tut_top5_train_0000380,train,8,1,1,1.0
tut_top5_train_0000381,train,8,4,4,1.0
tut_top5_train_0000382,train,8,2,2,1.0
tut_top5_train_0000383,train,8,7,7,1.0
tut_top5_train_0000384,train,8,2,2,1.0
tut_top5_train_0000385,train,8,2,2,1.0
tut_top5_train_0000386,train,8,1,1,1.0
tut_top5_train_0000387,train,8,1,1,1.0
tut_top5_train_0000388,train,8,7,7,1.0
tut_top5_train_0000389,train,8,2,2,1.0
tut_top5_train_0000390,train,8,4,4,1.0
tut_top5_train_0000391,train,8,1,1,1.0
tut_top5_train_0000392,train,8,2,2,1.0
tut_top5_train_0000393,train,8,2,2,1.0
tut_top5_train_0000394,train,8,3,3,1.0
tut_top5_train_0000395,train,8,7,7,1.0
tut_top5_train_0000396,train,8,1,1,1.0
tut_top5_train_0000397,train,8,1,1,1.0
tut_top5_train_0000398,train,8,3,3,1.0
tut_top5_train_0000399,train,8,2,2,1.0
tut_top5_train_0000400,train,8,1,1,1.0
tut_top5_train_0000401,train,8,5,5,1.0
tut_top5_train_0000402,train,8,3,3,1.0
tut_top5_train_0000403,train,8,7,7,1.0
tut_top5_train_0000404,train,8,1,1,1.0
tut_top5_train_0000405,train,8,2,2,1.0
tut_top5_train_0000406,train,8,7,7,1.0
tut_top5_train_0000407,train,8,3,3,1.0
tut_top5_train_0000408,train,8,3,3,1.0
tut_top5_train_0000409,train,8,7,7,1.0
tut_top5_train_0000410,train,8,7,7,1.0
tut_top5_train_0000411,train,8,1,1,1.0
tut_top5_train_0000412,train,8,4,4,1.0
tut_top5_train_0000413,train,8,2,2,1.0
tut_top5_train_0000414,train,8,7,7,1.0
tut_top5_train_0000415,train,8,2,2,1.0
tut_top5_train_0000416,train,8,2,2,1.0
tut_top5_train_0000417,train,8,2,2,1.0
tut_top5_train_0000418,train,8,0,0,1.0
tut_top5_train_0000419,train,8,7,7,1.0
tut_top5_train_0000420,train,8,7,7,1.0
tut_top5_train_0000421,train,8,7,7,1.0
tut_top5_train_0000422,train,8,6,6,1.0
tut_top5_train_0000423,train,8,6,6,1.0
tut_top5_train_0000424,train,8,2,2,1.0
tut_top5_train_0000425,train,8,7,7,1.0
tut_top5_train_0000426,train,8,2,2,1.0
tut_top5_train_0000427,train,8,3,3,1.0
tut_top5_train_0000428,train,8,2,2,1.0
tut_top5_train_0000429,train,8,3,3,1.0
tut_top5_train_0000430,train,8,5,5,1.0
tut_top5_train_0000431,train,8,7,7,1.0
tut_top5_train_0000432,train,8,3,3,1.0
tut_top5_train_0000433,train,8,5,5,1.0
tut_top5_train_0000434,train,8,0,0,1.0
tut_top5_train_0000435,train,8,4,4,1.0
tut_top5_train_0000436,train,8,7,7,1.0
tut_top5_train_0000437,train,8,0,0,1.0
tut_top5_train_0000438,train,8,4,4,1.0
tut_top5_train_0000439,train,8,3,3,1.0
tut_top5_train_0000440,train,8,4,4,1.0
tut_top5_train_0000441,train,8,6,6,1.0
tut_top5_train_0000442,train,8,4,4,1.0
tut_top5_train_0000443,train,8,0,0,1.0
tut_top5_train_0000444,train,8,1,1,1.0
tut_top5_train_0000445,train,8,3,3,1.0
tut_top5_train_0000446,train,8,5,5,1.0
tut_top5_train_0000447,train,8,2,2,1.0
tut_top5_train_0000448,train,8,5,5,1.0
tut_top5_train_0000449,train,8,6,6,1.0
tut_top5_train_0000450,train,8,7,7,1.0
tut_top5_train_0000451,train,8,7,7,1.0
tut_top5_train_0000452,train,8,1,1,1.0
tut_top5_train_0000453,train,8,0,0,1.0
tut_top5_train_0000454,train,8,4,4,1.0
tut_top5_train_0000455,train,8,2,2,1.0
tut_top5_train_0000456,train,8,2,2,1.0
tut_top5_train_0000457,train,8,6,6,1.0
tut_top5_train_0000458,train,8,3,3,1.0
tut_top5_train_0000459,train,8,1,1,1.0
tut_top5_train_0000460,train,8,4,4,1.0
tut_top5_train_0000461,train,8,1,1,1.0
tut_top5_train_0000462,train,8,6,6,1.0
tut_top5_train_0000463,train,8,2,2,1.0
tut_top5_train_0000464,train,8,4,4,1.0
tut_top5_train_0000465,train,8,3,3,1.0
tut_top5_train_0000466,train,8,2,2,1.0
tut_top5_train_0000467,train,8,6,6,1.0
tut_top5_train_0000468,train,8,0,0,1.0
tut_top5_train_0000469,train,8,7,7,1.0
tut_top5_train_0000470,train,8,1,1,1.0
tut_top5_train_0000471,train,8,7,7,1.0
tut_top5_train_0000472,train,8,7,7,1.0
tut_top5_train_0000473,train,8,2,2,1.0
tut_top5_train_0000474,train,8,6,6,1.0
tut_top5_train_0000475,train,8,2,2,1.0
tut_top5_train_0000476,train,8,1,1,1.0
tut_top5_train_0000477,train,8,1,1,1.0
tut_top5_train_0000478,train,8,7,7,1.0
tut_top5_train_0000479,train,8,2,2,1.0
tut_top5_train_0000480,train,8,6,6,1.0
tut_top5_train_0000481,train,8,2,2,1.0
tut_top5_train_0000482,train,8,2,2,1.0
tut_top5_train_0000483,train,8,0,0,1.0
tut_top5_train_0000484,train,8,5,5,1.0
tut_top5_train_0000485,train,8,4,4,1.0
tut_top5_train_0000486,train,8,3,3,1.0
tut_top5_train_0000487,train,8,3,3,1.0
tut_top5_train_0000488,train,8,5,5,1.0
tut_top5_train_0000489,train,8,1,1,1.0
tut_top5_train_0000490,train,8,4,4,1.0
tut_top5_train_0000491,train,8,1,1,1.0
tut_top5_train_0000492,train,8,3,3,1.0
tut_top5_train_0000493,train,8,1,1,1.0
tut_top5_train_0000494,train,8,1,1,1.0
tut_top5_train_0000495,train,8,3,3,1.0
tut_top5_train_0000496,train,8,1,1,1.0
tut_top5_train_0000497,train,8,0,0,1.0
tut_top5_train_0000498,train,8,7,7,1.0
tut_top5_train_0000499,train,8,3,3,1.0
tut_top5_train_0000500,train,8,0,0,1.0
tut_top5_train_0000501,train,8,7,7,1.0
tut_top5_train_0000502,train,8,0,0,1.0
tut_top5_train_0000503,train,8,1,1,1.0
tut_top5_train_0000504,train,8,0,0,1.0
tut_top5_train_0000505,train,8,7,7,1.0
tut_top5_train_0000506,train,8,3,3,1.0
tut_top5_train_0000507,train,8,0,0,1.0
tut_top5_train_0000508,train,8,7,7,1.0
tut_top5_train_0000509,train,8,2,2,1.0
tut_top5_train_0000510,train,8,0,0,1.0
tut_top5_train_0000511,train,8,7,7,1.0
tut_top5_train_0000512,train,8,1,1,1.0
tut_top5_train_0000513,train,8,1,1,1.0
tut_top5_train_0000514,train,8,3,3,1.0
tut_top5_train_0000515,train,8,2,2,1.0
tut_top5_train_0000516,train,8,0,0,1.0
tut_top5_train_0000517,train,8,1,1,1.0
tut_top5_train_0000518,train,8,3,3,1.0
tut_top5_train_0000519,train,8,6,6,1.0
tut_top5_train_0000520,train,8,3,3,1.0
tut_top5_train_0000521,train,8,2,2,1.0
tut_top5_train_0000522,train,8,2,2,1.0
tut_top5_train_0000523,train,8,5,5,1.0
tut_top5_train_0000524,train,8,4,4,1.0
tut_top5_train_0000525,train,8,3,3,1.0
tut_top5_train_0000526,train,8,2,2,1.0
tut_top5_train_0000527,train,8,2,2,1.0
tut_top5_train_0000528,train,8,3,3,1.0
tut_top5_train_0000529,train,8,1,1,1.0
tut_top5_train_0000530,train,8,7,7,1.0
tut_top5_train_0000531,train,8,3,3,1.0
tut_top5_train_0000532,train,8,4,4,1.0
tut_top5_train_0000533,train,8,3,3,1.0
tut_top5_train_0000534,train,8,2,2,1.0
tut_top5_train_0000535,train,8,0,0,1.0
tut_top5_train_0000536,train,8,7,7,1.0
tut_top5_train_0000537,train,8,4,4,1.0
tut_top5_train_0000538,train,8,1,1,1.0
tut_top5_train_0000539,train,8,2,2,1.0
tut_top5_train_0000540,train,8,2,2,1.0
tut_top5_train_0000541,train,8,1,1,1.0
tut_top5_train_0000542,train,8,3,3,1.0
tut_top5_train_0000543,train,8,2,2,1.0
tut_top5_train_0000544,train,8,4,4,1.0
tut_top5_train_0000545,train,8,1,1,1.0
tut_top5_train_0000546,train,8,5,5,1.0
tut_top5_train_0000547,train,8,2,2,1.0
tut_top5_train_0000548,train,8,4,4,1.0
tut_top5_train_0000549,train,8,7,7,1.0
tut_top5_train_0000550,train,8,0,0,1.0
tut_top5_train_0000551,train,8,7,7,1.0
tut_top5_train_0000552,train,8,3,3,1.0
tut_top5_train_0000553,train,8,6,6,1.0
tut_top5_train_0000554,train,8,1,1,1.0
tut_top5_train_0000555,train,8,1,1,1.0
tut_top5_train_0000556,train,8,7,7,1.0
tut_top5_train_0000557,train,8,3,3,1.0
tut_top5_train_0000558,train,8,3,3,1.0
tut_top5_train_0000559,train,8,5,5,1.0
tut_top5_train_0000560,train,8,3,3,1.0
tut_top5_train_0000561,train,8,7,7,1.0
tut_top5_train_0000562,train,8,3,3,1.0
tut_top5_train_0000563,train,8,5,5,1.0
tut_top5_train_0000564,train,8,7,7,1.0
tut_top5_train_0000565,train,8,1,1,1.0
tut_top5_train_0000566,train,8,2,2,1.0
tut_top5_train_0000567,train,8,2,2,1.0
tut_top5_train_0000568,train,8,7,7,1.0
tut_top5_train_0000569,train,8,2,2,1.0
tut_top5_train_0000570,train,8,1,1,1.0
tut_top5_train_0000571,train,8,0,0,1.0
tut_top5_train_0000572,train,8,3,3,1.0
tut_top5_train_0000573,train,8,3,3,1.0
tut_top5_train_0000574,train,8,3,3,1.0
tut_top5_train_0000575,train,8,6,6,1.0
tut_top5_train_0000576,train,8,1,1,1.0
tut_top5_train_0000577,train,8,1,1,1.0
tut_top5_train_0000578,train,8,6,6,1.0
tut_top5_train_0000579,train,8,0,0,1.0
tut_top5_train_0000580,train,8,1,1,1.0
tut_top5_train_0000581,train,8,6,6,1.0
tut_top5_train_0000582,train,8,3,3,1.0
tut_top5_train_0000583,train,8,0,0,1.0
tut_top5_train_0000584,train,8,1,1,1.0
tut_top5_train_0000585,train,8,5,5,1.0
tut_top5_train_0000586,train,8,4,4,1.0
tut_top5_train_0000587,train,8,1,1,1.0
tut_top5_train_0000588,train,8,3,3,1.0
tut_top5_train_0000589,train,8,1,1,1.0
tut_top5_train_0000590,train,8,5,5,1.0
tut_top5_train_0000591,train,8,5,5,1.0
tut_top5_train_0000592,train,8,1,1,1.0
tut_top5_train_0000593,train,8,5,5,1.0
tut_top5_train_0000594,train,8,1,1,1.0
tut_top5_train_0000595,train,8,1,1,1.0
tut_top5_train_0000596,train,8,2,2,1.0
tut_top5_train_0000597,train,8,0,0,1.0
tut_top5_train_0000598,train,8,1,1,1.0
tut_top5_train_0000599,train,8,5,5,1.0
tut_top5_train_0000600,train,8,3,3,1.0
tut_top5_train_0000601,train,8,0,0,1.0
tut_top5_train_0000602,train,8,5,5,1.0
tut_top5_train_0000603,train,8,3,3,1.0
tut_top5_train_0000604,train,8,1,1,1.0
tut_top5_train_0000605,train,8,2,2,1.0
tut_top5_train_0000606,train,8,2,2,1.0
tut_top5_train_0000607,train,8,3,3,1.0
tut_top5_train_0000608,train,8,1,1,1.0
tut_top5_train_0000609,train,8,2,2,1.0
tut_top5_train_0000610,train,8,4,4,1.0
tut_top5_train_0000611,train,8,7,7,1.0
tut_top5_train_0000612,train,8,4,4,1.0
tut_top5_train_0000613,train,8,2,2,1.0
tut_top5_train_0000614,train,8,2,2,1.0
tut_top5_train_0000615,train,8,7,7,1.0
tut_top5_train_0000616,train,8,3,3,1.0
tut_top5_train_0000617,train,8,5,5,1.0
tut_top5_train_0000618,train,8,3,3,1.0
tut_top5_train_0000619,train,8,1,1,1.0
tut_top5_train_0000620,train,8,2,2,1.0
tut_top5_train_0000621,train,8,2,2,1.0
tut_top5_train_0000622,train,8,0,0,1.0
tut_top5_train_0000623,train,8,6,6,1.0
tut_top5_train_0000624,train,8,3,3,1.0
tut_top5_train_0000625,train,8,2,2,1.0
tut_top5_train_0000626,train,8,1,1,1.0
tut_top5_train_0000627,train,8,1,1,1.0
tut_top5_train_0000628,train,8,3,3,1.0
tut_top5_train_0000629,train,8,1,1,1.0
tut_top5_train_0000630,train,8,3,3,1.0
tut_top5_train_0000631,train,8,4,4,1.0
tut_top5_train_0000632,train,8,2,2,1.0
tut_top5_train_0000633,train,8,7,7,1.0
tut_top5_train_0000634,train,8,6,6,1.0
tut_top5_train_0000635,train,8,1,1,1.0
tut_top5_train_0000636,train,8,1,1,1.0
tut_top5_train_0000637,train,8,6,6,1.0
tut_top5_train_0000638,train,8,5,5,1.0
tut_top5_train_0000639,train,8,3,3,1.0
tut_top5_train_0000640,train,8,4,4,1.0
tut_top5_train_0000641,train,8,4,4,1.0
tut_top5_train_0000642,train,8,2,2,1.0
tut_top5_train_0000643,train,8,2,2,1.0
tut_top5_train_0000644,train,8,2,2,1.0
tut_top5_train_0000645,train,8,6,6,1.0
tut_top5_train_0000646,train,8,1,1,1.0
tut_top5_train_0000647,train,8,4,4,1.0
tut_top5_train_0000648,train,8,5,5,1.0
tut_top5_train_0000649,train,8,3,3,1.0
tut_top5_train_0000650,train,8,1,1,1.0
tut_top5_train_0000651,train,8,7,7,1.0
tut_top5_train_0000652,train,8,2,2,1.0
tut_top5_train_0000653,train,8,6,6,1.0
tut_top5_train_0000654,train,8,1,1,1.0
tut_top5_train_0000655,train,8,2,2,1.0
tut_top5_train_0000656,train,8,2,2,1.0
tut_top5_train_0000657,train,8,3,3,1.0
tut_top5_train_0000658,train,8,0,0,1.0
tut_top5_train_0000659,train,8,2,2,1.0
tut_top5_train_0000660,train,8,2,2,1.0
tut_top5_train_0000661,train,8,4,4,1.0
tut_top5_train_0000662,train,8,3,3,1.0
tut_top5_train_0000663,train,8,6,6,1.0
tut_top5_train_0000664,train,8,2,2,1.0
tut_top5_train_0000665,train,8,3,3,1.0
tut_top5_train_0000666,train,8,1,1,1.0
tut_top5_train_0000667,train,8,5,5,1.0
tut_top5_train_0000668,train,8,0,0,1.0
tut_top5_train_0000669,train,8,2,2,1.0
tut_top5_train_0000670,train,8,2,2,1.0
tut_top5_train_0000671,train,8,4,4,1.0
tut_top5_train_0000672,train,8,1,1,1.0
tut_top5_train_0000673,train,8,4,4,1.0
tut_top5_train_0000674,train,8,2,2,1.0
tut_top5_train_0000675,train,8,6,6,1.0
tut_top5_train_0000676,train,8,3,3,1.0
tut_top5_train_0000677,train,8,2,2,1.0
tut_top5_train_0000678,train,8,2,2,1.0
tut_top5_train_0000679,train,8,0,0,1.0
tut_top5_train_0000680,train,8,1,1,1.0
tut_top5_train_0000681,train,8,3,3,1.0
tut_top5_train_0000682,train,8,6,6,1.0
tut_top5_train_0000683,train,8,3,3,1.0
tut_top5_train_0000684,train,8,2,2,1.0
tut_top5_train_0000685,train,8,4,4,1.0
tut_top5_train_0000686,train,8,3,3,1.0
tut_top5_train_0000687,train,8,2,2,1.0
tut_top5_train_0000688,train,8,3,3,1.0
tut_top5_train_0000689,train,8,1,1,1.0
tut_top5_train_0000690,train,8,2,2,1.0
tut_top5_train_0000691,train,8,3,3,1.0
tut_top5_train_0000692,train,8,2,2,1.0
tut_top5_train_0000693,train,8,0,0,1.0
tut_top5_train_0000694,train,8,7,7,1.0
tut_top5_train_0000695,train,8,7,7,1.0
tut_top5_train_0000696,train,8,2,2,1.0
tut_top5_train_0000697,train,8,2,2,1.0
tut_top5_train_0000698,train,8,6,6,1.0
tut_top5_train_0000699,train,8,1,1,1.0
tut_top5_train_0000700,train,8,1,1,1.0
tut_top5_train_0000701,train,8,7,7,1.0
tut_top5_train_0000702,train,8,3,3,1.0
tut_top5_train_0000703,train,8,6,6,1.0
tut_top5_train_0000704,train,8,3,3,1.0
tut_top5_train_0000705,train,8,6,6,1.0
tut_top5_train_0000706,train,8,7,7,1.0
tut_top5_train_0000707,train,8,4,4,1.0
tut_top5_train_0000708,train,8,0,0,1.0
tut_top5_train_0000709,train,8,2,2,1.0
tut_top5_train_0000710,train,8,7,7,1.0
tut_top5_train_0000711,train,8,7,7,1.0
tut_top5_train_0000712,train,8,5,5,1.0
tut_top5_train_0000713,train,8,3,3,1.0
tut_top5_train_0000714,train,8,2,2,1.0
tut_top5_train_0000715,train,8,3,3,1.0
tut_top5_train_0000716,train,8,5,5,1.0
tut_top5_train_0000717,train,8,7,7,1.0
tut_top5_train_0000718,train,8,7,7,1.0
tut_top5_train_0000719,train,8,3,3,1.0
tut_top5_train_0000720,train,8,5,5,1.0
tut_top5_train_0000721,train,8,5,5,1.0
tut_top5_train_0000722,train,8,1,1,1.0
tut_top5_train_0000723,train,8,1,1,1.0
tut_top5_train_0000724,train,8,2,2,1.0
tut_top5_train_0000725,train,8,2,2,1.0
tut_top5_train_0000726,train,8,7,7,1.0
tut_top5_train_0000727,train,8,1,1,1.0
tut_top5_train_0000728,train,8,3,3,1.0
tut_top5_train_0000729,train,8,1,1,1.0
tut_top5_train_0000730,train,8,5,5,1.0
tut_top5_train_0000731,train,8,2,2,1.0
tut_top5_train_0000732,train,8,3,3,1.0
tut_top5_train_0000733,train,8,2,2,1.0
tut_top5_train_0000734,train,8,2,2,1.0
tut_top5_train_0000735,train,8,1,1,1.0
tut_top5_train_0000736,train,8,2,2,1.0
tut_top5_train_0000737,train,8,1,1,1.0
tut_top5_train_0000738,train,8,7,7,1.0
tut_top5_train_0000739,train,8,5,5,1.0
tut_top5_train_0000740,train,8,7,7,1.0
tut_top5_train_0000741,train,8,7,7,1.0
tut_top5_train_0000742,train,8,2,2,1.0
tut_top5_train_0000743,train,8,5,5,1.0
tut_top5_train_0000744,train,8,3,3,1.0
tut_top5_train_0000745,train,8,3,3,1.0
tut_top5_train_0000746,train,8,1,1,1.0
tut_top5_train_0000747,train,8,6,6,1.0
tut_top5_train_0000748,train,8,2,2,1.0
tut_top5_train_0000749,train,8,7,7,1.0
tut_top5_train_0000750,train,8,2,2,1.0
tut_top5_train_0000751,train,8,6,6,1.0
tut_top5_train_0000752,train,8,2,2,1.0
tut_top5_train_0000753,train,8,2,2,1.0
tut_top5_train_0000754,train,8,7,7,1.0
tut_top5_train_0000755,train,8,0,0,1.0
tut_top5_train_0000756,train,8,6,6,1.0
tut_top5_train_0000757,train,8,7,7,1.0
tut_top5_train_0000758,train,8,3,3,1.0
tut_top5_train_0000759,train,8,1,1,1.0
tut_top5_train_0000760,train,8,2,2,1.0
tut_top5_train_0000761,train,8,3,3,1.0
tut_top5_train_0000762,train,8,6,6,1.0
tut_top5_train_0000763,train,8,2,2,1.0
tut_top5_train_0000764,train,8,5,5,1.0
tut_top5_train_0000765,train,8,5,5,1.0
tut_top5_train_0000766,train,8,2,2,1.0
tut_top5_train_0000767,train,8,2,2,1.0
tut_top5_train_0000768,train,8,5,5,1.0
tut_top5_train_0000769,train,8,7,7,1.0
tut_top5_train_0000770,train,8,6,6,1.0
tut_top5_train_0000771,train,8,1,1,1.0
tut_top5_train_0000772,train,8,6,6,1.0
tut_top5_train_0000773,train,8,3,3,1.0
tut_top5_train_0000774,train,8,0,0,1.0
tut_top5_train_0000775,train,8,3,3,1.0
tut_top5_train_0000776,train,8,5,5,1.0
tut_top5_train_0000777,train,8,1,1,1.0
tut_top5_train_0000778,train,8,3,3,1.0
tut_top5_train_0000779,train,8,2,2,1.0
tut_top5_train_0000780,train,8,2,2,1.0
tut_top5_train_0000781,train,8,3,3,1.0
tut_top5_train_0000782,train,8,7,7,1.0
tut_top5_train_0000783,train,8,2,2,1.0
tut_top5_train_0000784,train,8,6,6,1.0
tut_top5_train_0000785,train,8,1,1,1.0
tut_top5_train_0000786,train,8,4,4,1.0
tut_top5_train_0000787,train,8,5,5,1.0
tut_top5_train_0000788,train,8,3,3,1.0
tut_top5_train_0000789,train,8,3,3,1.0
tut_top5_train_0000790,train,8,1,1,1.0
tut_top5_train_0000791,train,8,3,3,1.0
tut_top5_train_0000792,train,8,1,1,1.0
tut_top5_train_0000793,train,8,0,0,1.0
tut_top5_train_0000794,train,8,1,1,1.0
tut_top5_train_0000795,train,8,2,2,1.0
tut_top5_train_0000796,train,8,5,5,1.0
tut_top5_train_0000797,train,8,6,6,1.0
tut_top5_train_0000798,train,8,5,5,1.0
tut_top5_train_0000799,train,8,2,2,1.0
tut_top5_train_0000800,train,8,1,1,1.0
tut_top5_train_0000801,train,8,2,2,1.0
tut_top5_train_0000802,train,8,1,1,1.0
tut_top5_train_0000803,train,8,0,0,1.0
tut_top5_train_0000804,train,8,7,7,1.0
tut_top5_train_0000805,train,8,4,4,1.0
tut_top5_train_0000806,train,8,2,2,1.0
tut_top5_train_0000807,train,8,2,2,1.0
tut_top5_train_0000808,train,8,7,7,1.0
tut_top5_train_0000809,train,8,2,2,1.0
tut_top5_train_0000810,train,8,3,3,1.0
tut_top5_train_0000811,train,8,3,3,1.0
tut_top5_train_0000812,train,8,5,5,1.0
tut_top5_train_0000813,train,8,1,1,1.0
tut_top5_train_0000814,train,8,3,3,1.0
tut_top5_train_0000815,train,8,6,6,1.0
tut_top5_train_0000816,train,8,2,2,1.0
tut_top5_train_0000817,train,8,3,3,1.0
tut_top5_train_0000818,train,8,3,3,1.0
tut_top5_train_0000819,train,8,1,1,1.0
tut_top5_train_0000820,train,8,3,3,1.0
tut_top5_train_0000821,train,8,2,2,1.0
tut_top5_train_0000822,train,8,7,7,1.0
tut_top5_train_0000823,train,8,5,5,1.0
tut_top5_train_0000824,train,8,7,7,1.0
tut_top5_train_0000825,train,8,5,5,1.0
tut_top5_train_0000826,train,8,3,3,1.0
tut_top5_train_0000827,train,8,3,3,1.0
tut_top5_train_0000828,train,8,1,1,1.0
tut_top5_train_0000829,train,8,7,7,1.0
tut_top5_train_0000830,train,8,1,1,1.0
tut_top5_train_0000831,train,8,3,3,1.0
tut_top5_train_0000832,train,8,7,7,1.0
tut_top5_train_0000833,train,8,1,1,1.0
tut_top5_train_0000834,train,8,2,2,1.0
tut_top5_train_0000835,train,8,3,3,1.0
tut_top5_train_0000836,train,8,4,4,1.0
tut_top5_train_0000837,train,8,6,6,1.0
tut_top5_train_0000838,train,8,5,5,1.0
tut_top5_train_0000839,train,8,7,7,1.0
tut_top5_train_0000840,train,8,3,3,1.0
tut_top5_train_0000841,train,8,3,3,1.0
tut_top5_train_0000842,train,8,5,5,1.0
tut_top5_train_0000843,train,8,7,7,1.0
tut_top5_train_0000844,train,8,0,0,1.0
tut_top5_train_0000845,train,8,2,2,1.0
tut_top5_train_0000846,train,8,5,5,1.0
tut_top5_train_0000847,train,8,6,6,1.0
tut_top5_train_0000848,train,8,3,3,1.0
tut_top5_train_0000849,train,8,7,7,1.0
tut_top5_train_0000850,train,8,2,2,1.0
tut_top5_train_0000851,train,8,7,7,1.0
tut_top5_train_0000852,train,8,4,4,1.0
tut_top5_train_0000853,train,8,5,5,1.0
tut_top5_train_0000854,train,8,1,1,1.0
tut_top5_train_0000855,train,8,2,2,1.0
tut_top5_train_0000856,train,8,6,6,1.0
tut_top5_train_0000857,train,8,5,5,1.0
tut_top5_train_0000858,train,8,5,5,1.0
tut_top5_train_0000859,train,8,3,3,1.0
tut_top5_train_0000860,train,8,3,3,1.0
tut_top5_train_0000861,train,8,5,5,1.0
tut_top5_train_0000862,train,8,5,5,1.0
tut_top5_train_0000863,train,8,1,1,1.0
tut_top5_train_0000864,train,8,6,6,1.0
tut_top5_train_0000865,train,8,1,1,1.0
tut_top5_train_0000866,train,8,2,2,1.0
tut_top5_train_0000867,train,8,7,7,1.0
tut_top5_train_0000868,train,8,2,2,1.0
tut_top5_train_0000869,train,8,0,0,1.0
tut_top5_train_0000870,train,8,2,2,1.0
tut_top5_train_0000871,train,8,1,1,1.0
tut_top5_train_0000872,train,8,1,1,1.0
tut_top5_train_0000873,train,8,0,0,1.0
tut_top5_train_0000874,train,8,7,7,1.0
tut_top5_train_0000875,train,8,4,4,1.0
tut_top5_train_0000876,train,8,5,5,1.0
tut_top5_train_0000877,train,8,6,6,1.0
tut_top5_train_0000878,train,8,2,2,1.0
tut_top5_train_0000879,train,8,7,7,1.0
tut_top5_train_0000880,train,8,2,2,1.0
tut_top5_train_0000881,train,8,7,7,1.0
tut_top5_train_0000882,train,8,5,5,1.0
tut_top5_train_0000883,train,8,2,2,1.0
tut_top5_train_0000884,train,8,6,6,1.0
tut_top5_train_0000885,train,8,5,5,1.0
tut_top5_train_0000886,train,8,2,2,1.0
tut_top5_train_0000887,train,8,6,6,1.0
tut_top5_train_0000888,train,8,2,2,1.0
tut_top5_train_0000889,train,8,1,1,1.0
tut_top5_train_0000890,train,8,6,6,1.0
tut_top5_train_0000891,train,8,1,1,1.0
tut_top5_train_0000892,train,8,5,5,1.0
tut_top5_train_0000893,train,8,7,7,1.0
tut_top5_train_0000894,train,8,5,5,1.0
tut_top5_train_0000895,train,8,1,1,1.0
tut_top5_train_0000896,train,8,3,3,1.0
tut_top5_train_0000897,train,8,6,6,1.0
tut_top5_train_0000898,train,8,3,3,1.0
tut_top5_train_0000899,train,8,5,5,1.0
tut_top5_train_0000900,train,8,2,2,1.0
tut_top5_train_0000901,train,8,4,4,1.0
tut_top5_train_0000902,train,8,2,2,1.0
tut_top5_train_0000903,train,8,4,4,1.0
tut_top5_train_0000904,train,8,3,3,1.0
tut_top5_train_0000905,train,8,2,2,1.0
tut_top5_train_0000906,train,8,5,5,1.0
tut_top5_train_0000907,train,8,1,1,1.0
tut_top5_train_0000908,train,8,7,7,1.0
tut_top5_train_0000909,train,8,0,0,1.0
tut_top5_train_0000910,train,8,1,1,1.0
tut_top5_train_0000911,train,8,7,7,1.0
tut_top5_train_0000912,train,8,6,6,1.0
tut_top5_train_0000913,train,8,5,5,1.0
tut_top5_train_0000914,train,8,3,3,1.0
tut_top5_train_0000915,train,8,4,4,1.0
tut_top5_train_0000916,train,8,1,1,1.0
tut_top5_train_0000917,train,8,5,5,1.0
tut_top5_train_0000918,train,8,7,7,1.0
tut_top5_train_0000919,train,8,3,3,1.0
tut_top5_train_0000920,train,8,3,3,1.0
tut_top5_train_0000921,train,8,7,7,1.0
tut_top5_train_0000922,train,8,0,0,1.0
tut_top5_train_0000923,train,8,4,4,1.0
tut_top5_train_0000924,train,8,1,1,1.0
tut_top5_train_0000925,train,8,2,2,1.0
tut_top5_train_0000926,train,8,1,1,1.0
tut_top5_train_0000927,train,8,4,4,1.0
tut_top5_train_0000928,train,8,3,3,1.0
tut_top5_train_0000929,train,8,6,6,1.0
tut_top5_train_0000930,train,8,7,7,1.0
tut_top5_train_0000931,train,8,2,2,1.0
tut_top5_train_0000932,train,8,6,6,1.0
tut_top5_train_0000933,train,8,2,2,1.0
tut_top5_train_0000934,train,8,4,4,1.0
tut_top5_train_0000935,train,8,7,7,1.0
tut_top5_train_0000936,train,8,5,5,1.0
tut_top5_train_0000937,train,8,1,1,1.0
tut_top5_train_0000938,train,8,2,2,1.0
tut_top5_train_0000939,train,8,1,1,1.0
tut_top5_train_0000940,train,8,1,1,1.0
tut_top5_train_0000941,train,8,1,1,1.0
tut_top5_train_0000942,train,8,2,2,1.0
tut_top5_train_0000943,train,8,5,5,1.0
tut_top5_train_0000944,train,8,6,6,1.0
tut_top5_train_0000945,train,8,3,3,1.0
tut_top5_train_0000946,train,8,7,7,1.0
tut_top5_train_0000947,train,8,3,3,1.0
tut_top5_train_0000948,train,8,6,6,1.0
tut_top5_train_0000949,train,8,6,6,1.0
tut_top5_train_0000950,train,8,0,0,1.0
tut_top5_train_0000951,train,8,4,4,1.0
tut_top5_train_0000952,train,8,6,6,1.0
tut_top5_train_0000953,train,8,7,7,1.0
tut_top5_train_0000954,train,8,7,7,1.0
tut_top5_train_0000955,train,8,6,6,1.0
tut_top5_train_0000956,train,8,1,1,1.0
tut_top5_train_0000957,train,8,3,3,1.0
tut_top5_train_0000958,train,8,3,3,1.0
tut_top5_train_0000959,train,8,5,5,1.0
tut_top5_train_0000960,train,8,2,2,1.0
tut_top5_train_0000961,train,8,1,1,1.0
tut_top5_train_0000962,train,8,4,4,1.0
tut_top5_train_0000963,train,8,1,1,1.0
tut_top5_train_0000964,train,8,2,2,1.0
tut_top5_train_0000965,train,8,5,5,1.0
tut_top5_train_0000966,train,8,0,0,1.0
tut_top5_train_0000967,train,8,6,6,1.0
tut_top5_train_0000968,train,8,0,0,1.0
tut_top5_train_0000969,train,8,7,7,1.0
tut_top5_train_0000970,train,8,0,0,1.0
tut_top5_train_0000971,train,8,2,2,1.0
tut_top5_train_0000972,train,8,6,6,1.0
tut_top5_train_0000973,train,8,5,5,1.0
tut_top5_train_0000974,train,8,2,2,1.0
tut_top5_train_0000975,train,8,2,2,1.0
tut_top5_train_0000976,train,8,1,1,1.0
tut_top5_train_0000977,train,8,2,2,1.0
tut_top5_train_0000978,train,8,1,1,1.0
tut_top5_train_0000979,train,8,7,7,1.0
tut_top5_train_0000980,train,8,2,2,1.0
tut_top5_train_0000981,train,8,3,3,1.0
tut_top5_train_0000982,train,8,3,3,1.0
tut_top5_train_0000983,train,8,3,3,1.0
tut_top5_train_0000984,train,8,1,1,1.0
tut_top5_train_0000985,train,8,1,1,1.0
tut_top5_train_0000986,train,8,1,1,1.0
tut_top5_train_0000987,train,8,3,3,1.0
tut_top5_train_0000988,train,8,7,7,1.0
tut_top5_train_0000989,train,8,7,7,1.0
tut_top5_train_0000990,train,8,4,4,1.0
tut_top5_train_0000991,train,8,5,5,1.0
tut_top5_train_0000992,train,8,2,2,1.0
tut_top5_train_0000993,train,8,3,3,1.0
tut_top5_train_0000994,train,8,6,6,1.0
tut_top5_train_0000995,train,8,6,6,1.0
tut_top5_train_0000996,train,8,4,4,1.0
tut_top5_train_0000997,train,8,2,2,1.0
tut_top5_train_0000998,train,8,2,2,1.0
tut_top5_train_0000999,train,8,1,1,1.0
tut_top5_train_0001000,train,8,1,1,1.0
tut_top5_train_0001001,train,8,0,0,1.0
tut_top5_train_0001002,train,8,0,0,1.0
tut_top5_train_0001003,train,8,1,1,1.0
tut_top5_train_0001004,train,8,5,5,1.0
tut_top5_train_0001005,train,8,2,2,1.0
tut_top5_train_0001006,train,8,3,3,1.0
tut_top5_train_0001007,train,8,3,3,1.0
tut_top5_train_0001008,train,8,3,3,1.0
tut_top5_train_0001009,train,8,3,3,1.0
tut_top5_train_0001010,train,8,6,6,1.0
tut_top5_train_0001011,train,8,1,1,1.0
tut_top5_train_0001012,train,8,1,1,1.0
tut_top5_train_0001013,train,8,0,0,1.0
tut_top5_train_0001014,train,8,2,2,1.0
tut_top5_train_0001015,train,8,3,3,1.0
tut_top5_train_0001016,train,8,7,7,1.0
tut_top5_train_0001017,train,8,6,6,1.0
tut_top5_train_0001018,train,8,5,5,1.0
tut_top5_train_0001019,train,8,6,6,1.0
tut_top5_train_0001020,train,8,1,1,1.0
tut_top5_train_0001021,train,8,3,3,1.0
tut_top5_train_0001022,train,8,5,5,1.0
tut_top5_train_0001023,train,8,1,1,1.0
tut_top5_train_0001024,train,8,7,7,1.0
tut_top5_train_0001025,train,8,3,3,1.0
tut_top5_train_0001026,train,8,2,2,1.0
tut_top5_train_0001027,train,8,5,5,1.0
tut_top5_train_0001028,train,8,7,7,1.0
tut_top5_train_0001029,train,8,5,5,1.0
tut_top5_train_0001030,train,8,7,7,1.0
tut_top5_train_0001031,train,8,1,1,1.0
tut_top5_train_0001032,train,8,1,1,1.0
tut_top5_train_0001033,train,8,3,3,1.0
tut_top5_train_0001034,train,8,2,2,1.0
tut_top5_train_0001035,train,8,2,2,1.0
tut_top5_train_0001036,train,8,0,0,1.0
tut_top5_train_0001037,train,8,7,7,1.0
tut_top5_train_0001038,train,8,4,4,1.0
tut_top5_train_0001039,train,8,4,4,1.0
tut_top5_train_0001040,train,8,3,3,1.0
tut_top5_train_0001041,train,8,2,2,1.0
tut_top5_train_0001042,train,8,6,6,1.0
tut_top5_train_0001043,train,8,1,1,1.0
tut_top5_train_0001044,train,8,2,2,1.0
tut_top5_train_0001045,train,8,2,2,1.0
tut_top5_train_0001046,train,8,2,2,1.0
tut_top5_train_0001047,train,8,7,7,1.0
tut_top5_train_0001048,train,8,7,7,1.0
tut_top5_train_0001049,train,8,7,7,1.0
tut_top5_train_0001050,train,8,7,7,1.0
tut_top5_train_0001051,train,8,6,6,1.0
tut_top5_train_0001052,train,8,2,2,1.0
tut_top5_train_0001053,train,8,4,4,1.0
tut_top5_train_0001054,train,8,2,2,1.0
tut_top5_train_0001055,train,8,0,0,1.0
tut_top5_train_0001056,train,8,2,2,1.0
tut_top5_train_0001057,train,8,7,7,1.0
tut_top5_train_0001058,train,8,2,2,1.0
tut_top5_train_0001059,train,8,2,2,1.0
tut_top5_train_0001060,train,8,2,2,1.0
tut_top5_train_0001061,train,8,3,3,1.0
tut_top5_train_0001062,train,8,1,1,1.0
tut_top5_train_0001063,train,8,7,7,1.0
tut_top5_train_0001064,train,8,0,0,1.0
tut_top5_train_0001065,train,8,5,5,1.0
tut_top5_train_0001066,train,8,1,1,1.0
tut_top5_train_0001067,train,8,6,6,1.0
tut_top5_train_0001068,train,8,1,1,1.0
tut_top5_train_0001069,train,8,6,6,1.0
tut_top5_train_0001070,train,8,1,1,1.0
tut_top5_train_0001071,train,8,3,3,1.0
tut_top5_train_0001072,train,8,7,7,1.0
tut_top5_train_0001073,train,8,0,0,1.0
tut_top5_train_0001074,train,8,2,2,1.0
tut_top5_train_0001075,train,8,6,6,1.0
tut_top5_train_0001076,train,8,2,2,1.0
tut_top5_train_0001077,train,8,2,2,1.0
tut_top5_train_0001078,train,8,4,4,1.0
tut_top5_train_0001079,train,8,4,4,1.0
tut_top5_train_0001080,train,8,0,0,1.0
tut_top5_train_0001081,train,8,3,3,1.0
tut_top5_train_0001082,train,8,1,1,1.0
tut_top5_train_0001083,train,8,2,2,1.0
tut_top5_train_0001084,train,8,5,5,1.0
tut_top5_train_0001085,train,8,0,0,1.0
tut_top5_train_0001086,train,8,2,2,1.0
tut_top5_train_0001087,train,8,6,6,1.0
tut_top5_train_0001088,train,8,1,1,1.0
tut_top5_train_0001089,train,8,6,6,1.0
tut_top5_train_0001090,train,8,3,3,1.0
tut_top5_train_0001091,train,8,3,3,1.0
tut_top5_train_0001092,train,8,6,6,1.0
tut_top5_train_0001093,train,8,7,7,1.0
tut_top5_train_0001094,train,8,2,2,1.0
tut_top5_train_0001095,train,8,3,3,1.0
tut_top5_train_0001096,train,8,3,3,1.0
tut_top5_train_0001097,train,8,5,5,1.0
tut_top5_train_0001098,train,8,4,4,1.0
tut_top5_train_0001099,train,8,6,6,1.0
tut_top5_train_0001100,train,8,2,2,1.0
tut_top5_train_0001101,train,8,3,3,1.0
tut_top5_train_0001102,train,8,1,1,1.0
tut_top5_train_0001103,train,8,2,2,1.0
tut_top5_train_0001104,train,8,2,2,1.0
tut_top5_train_0001105,train,8,0,0,1.0
tut_top5_train_0001106,train,8,5,5,1.0
tut_top5_train_0001107,train,8,6,6,1.0
tut_top5_train_0001108,train,8,6,6,1.0
tut_top5_train_0001109,train,8,3,3,1.0
tut_top5_train_0001110,train,8,2,2,1.0
tut_top5_train_0001111,train,8,2,2,1.0
tut_top5_train_0001112,train,8,0,0,1.0
tut_top5_train_0001113,train,8,3,3,1.0
tut_top5_train_0001114,train,8,2,2,1.0
tut_top5_train_0001115,train,8,7,7,1.0
tut_top5_train_0001116,train,8,2,2,1.0
tut_top5_train_0001117,train,8,2,2,1.0
tut_top5_train_0001118,train,8,4,4,1.0
tut_top5_train_0001119,train,8,3,3,1.0
tut_top5_train_0001120,train,8,7,7,1.0
tut_top5_train_0001121,train,8,7,7,1.0
tut_top5_train_0001122,train,8,1,1,1.0
tut_top5_train_0001123,train,8,1,1,1.0
tut_top5_train_0001124,train,8,1,1,1.0
tut_top5_train_0001125,train,8,3,3,1.0
tut_top5_train_0001126,train,8,4,4,1.0
tut_top5_train_0001127,train,8,1,1,1.0
tut_top5_train_0001128,train,8,0,0,1.0
tut_top5_train_0001129,train,8,4,4,1.0
tut_top5_train_0001130,train,8,6,6,1.0
tut_top5_train_0001131,train,8,6,6,1.0
tut_top5_train_0001132,train,8,3,3,1.0
tut_top5_train_0001133,train,8,6,6,1.0
tut_top5_train_0001134,train,8,5,5,1.0
tut_top5_train_0001135,train,8,5,5,1.0
tut_top5_train_0001136,train,8,3,3,1.0
tut_top5_train_0001137,train,8,7,7,1.0
tut_top5_train_0001138,train,8,5,5,1.0
tut_top5_train_0001139,train,8,3,3,1.0
tut_top5_train_0001140,train,8,1,1,1.0
tut_top5_train_0001141,train,8,5,5,1.0
tut_top5_train_0001142,train,8,2,2,1.0
tut_top5_train_0001143,train,8,4,4,1.0
tut_top5_train_0001144,train,8,2,2,1.0
tut_top5_train_0001145,train,8,5,5,1.0
tut_top5_train_0001146,train,8,5,5,1.0
tut_top5_train_0001147,train,8,1,1,1.0
tut_top5_train_0001148,train,8,5,5,1.0
tut_top5_train_0001149,train,8,0,0,1.0
tut_top5_train_0001150,train,8,1,1,1.0
tut_top5_train_0001151,train,8,1,1,1.0
tut_top5_train_0001152,train,8,1,1,1.0
tut_top5_train_0001153,train,8,5,5,1.0
tut_top5_train_0001154,train,8,2,2,1.0
tut_top5_train_0001155,train,8,3,3,1.0
tut_top5_train_0001156,train,8,3,3,1.0
tut_top5_train_0001157,train,8,3,3,1.0
tut_top5_train_0001158,train,8,1,1,1.0
tut_top5_train_0001159,train,8,6,6,1.0
tut_top5_train_0001160,train,8,6,6,1.0
tut_top5_train_0001161,train,8,0,0,1.0
tut_top5_train_0001162,train,8,6,6,1.0
tut_top5_train_0001163,train,8,2,2,1.0
tut_top5_train_0001164,train,8,6,6,1.0
tut_top5_train_0001165,train,8,2,2,1.0
tut_top5_train_0001166,train,8,0,0,1.0
tut_top5_train_0001167,train,8,4,4,1.0
tut_top5_train_0001168,train,8,3,3,1.0
tut_top5_train_0001169,train,8,3,3,1.0
tut_top5_train_0001170,train,8,0,0,1.0
tut_top5_train_0001171,train,8,6,6,1.0
tut_top5_train_0001172,train,8,2,2,1.0
tut_top5_train_0001173,train,8,1,1,1.0
tut_top5_train_0001174,train,8,7,7,1.0
tut_top5_train_0001175,train,8,7,7,1.0
tut_top5_train_0001176,train,8,3,3,1.0
tut_top5_train_0001177,train,8,2,2,1.0
tut_top5_train_0001178,train,8,2,2,1.0
tut_top5_train_0001179,train,8,2,2,1.0
tut_top5_train_0001180,train,8,2,2,1.0
tut_top5_train_0001181,train,8,3,3,1.0
tut_top5_train_0001182,train,8,2,2,1.0
tut_top5_train_0001183,train,8,2,2,1.0
tut_top5_train_0001184,train,8,2,2,1.0
tut_top5_train_0001185,train,8,7,7,1.0
tut_top5_train_0001186,train,8,6,6,1.0
tut_top5_train_0001187,train,8,4,4,1.0
tut_top5_train_0001188,train,8,2,2,1.0
tut_top5_train_0001189,train,8,1,1,1.0
tut_top5_train_0001190,train,8,3,3,1.0
tut_top5_train_0001191,train,8,2,2,1.0
tut_top5_train_0001192,train,8,2,2,1.0
tut_top5_train_0001193,train,8,2,2,1.0
tut_top5_train_0001194,train,8,1,1,1.0
tut_top5_train_0001195,train,8,0,0,1.0
tut_top5_train_0001196,train,8,2,2,1.0
tut_top5_train_0001197,train,8,6,6,1.0
tut_top5_train_0001198,train,8,2,2,1.0
tut_top5_train_0001199,train,8,5,5,1.0
tut_top5_train_0001200,train,8,0,0,1.0
tut_top5_train_0001201,train,8,2,2,1.0
tut_top5_train_0001202,train,8,1,1,1.0
tut_top5_train_0001203,train,8,5,5,1.0
tut_top5_train_0001204,train,8,3,3,1.0
tut_top5_train_0001205,train,8,0,0,1.0
tut_top5_train_0001206,train,8,0,0,1.0
tut_top5_train_0001207,train,8,0,0,1.0
tut_top5_train_0001208,train,8,3,3,1.0
tut_top5_train_0001209,train,8,2,2,1.0
tut_top5_train_0001210,train,8,3,3,1.0
tut_top5_train_0001211,train,8,1,1,1.0
tut_top5_train_0001212,train,8,6,6,1.0
tut_top5_train_0001213,train,8,0,0,1.0
tut_top5_train_0001214,train,8,2,2,1.0
tut_top5_train_0001215,train,8,7,7,1.0
tut_top5_train_0001216,train,8,3,3,1.0
tut_top5_train_0001217,train,8,3,3,1.0
tut_top5_train_0001218,train,8,3,3,1.0
tut_top5_train_0001219,train,8,6,6,1.0
tut_top5_train_0001220,train,8,2,2,1.0
tut_top5_train_0001221,train,8,3,3,1.0
tut_top5_train_0001222,train,8,1,1,1.0
tut_top5_train_0001223,train,8,0,0,1.0
tut_top5_train_0001224,train,8,7,7,1.0
tut_top5_train_0001225,train,8,7,7,1.0
tut_top5_train_0001226,train,8,6,6,1.0
tut_top5_train_0001227,train,8,2,2,1.0
tut_top5_train_0001228,train,8,7,7,1.0
tut_top5_train_0001229,train,8,3,3,1.0
tut_top5_train_0001230,train,8,7,7,1.0
tut_top5_train_0001231,train,8,2,2,1.0
tut_top5_train_0001232,train,8,5,5,1.0
tut_top5_train_0001233,train,8,2,2,1.0
tut_top5_train_0001234,train,8,4,4,1.0
tut_top5_train_0001235,train,8,0,0,1.0
tut_top5_train_0001236,train,8,2,2,1.0
tut_top5_train_0001237,train,8,6,6,1.0
tut_top5_train_0001238,train,8,1,1,1.0
tut_top5_train_0001239,train,8,2,2,1.0
tut_top5_train_0001240,train,8,6,6,1.0
tut_top5_train_0001241,train,8,7,7,1.0
tut_top5_train_0001242,train,8,7,7,1.0
tut_top5_train_0001243,train,8,6,6,1.0
tut_top5_train_0001244,train,8,0,0,1.0
tut_top5_train_0001245,train,8,3,3,1.0
tut_top5_train_0001246,train,8,7,7,1.0
tut_top5_train_0001247,train,8,1,1,1.0
tut_top5_train_0001248,train,8,2,2,1.0
tut_top5_train_0001249,train,8,5,5,1.0
tut_top5_train_0001250,train,8,1,1,1.0
tut_top5_train_0001251,train,8,1,1,1.0
tut_top5_train_0001252,train,8,3,3,1.0
tut_top5_train_0001253,train,8,4,4,1.0
tut_top5_train_0001254,train,8,2,2,1.0
tut_top5_train_0001255,train,8,0,0,1.0
tut_top5_train_0001256,train,8,3,3,1.0
tut_top5_train_0001257,train,8,7,7,1.0
tut_top5_train_0001258,train,8,0,0,1.0
tut_top5_train_0001259,train,8,2,2,1.0
tut_top5_train_0001260,train,8,3,3,1.0
tut_top5_train_0001261,train,8,0,0,1.0
tut_top5_train_0001262,train,8,2,2,1.0
tut_top5_train_0001263,train,8,1,1,1.0
tut_top5_train_0001264,train,8,6,6,1.0
tut_top5_train_0001265,train,8,6,6,1.0
tut_top5_train_0001266,train,8,1,1,1.0
tut_top5_train_0001267,train,8,5,5,1.0
tut_top5_train_0001268,train,8,7,7,1.0
tut_top5_train_0001269,train,8,2,2,1.0
tut_top5_train_0001270,train,8,2,2,1.0
tut_top5_train_0001271,train,8,6,6,1.0
tut_top5_train_0001272,train,8,2,2,1.0
tut_top5_train_0001273,train,8,7,7,1.0
tut_top5_train_0001274,train,8,2,2,1.0
tut_top5_train_0001275,train,8,1,1,1.0
tut_top5_train_0001276,train,8,1,1,1.0
tut_top5_train_0001277,train,8,2,2,1.0
tut_top5_train_0001278,train,8,0,0,1.0
tut_top5_train_0001279,train,8,5,5,1.0
tut_top5_train_0001280,train,8,7,7,1.0
tut_top5_train_0001281,train,8,1,1,1.0
tut_top5_train_0001282,train,8,4,4,1.0
tut_top5_train_0001283,train,8,3,3,1.0
tut_top5_train_0001284,train,8,5,5,1.0
tut_top5_train_0001285,train,8,1,1,1.0
tut_top5_train_0001286,train,8,2,2,1.0
tut_top5_train_0001287,train,8,1,1,1.0
tut_top5_train_0001288,train,8,1,1,1.0
tut_top5_train_0001289,train,8,4,4,1.0
tut_top5_train_0001290,train,8,6,6,1.0
tut_top5_train_0001291,train,8,2,2,1.0
tut_top5_train_0001292,train,8,1,1,1.0
tut_top5_train_0001293,train,8,1,1,1.0
tut_top5_train_0001294,train,8,5,5,1.0
tut_top5_train_0001295,train,8,2,2,1.0
tut_top5_train_0001296,train,8,3,3,1.0
tut_top5_train_0001297,train,8,2,2,1.0
tut_top5_train_0001298,train,8,5,5,1.0
tut_top5_train_0001299,train,8,3,3,1.0
tut_top5_train_0001300,train,8,7,7,1.0
tut_top5_train_0001301,train,8,2,2,1.0
tut_top5_train_0001302,train,8,1,1,1.0
tut_top5_train_0001303,train,8,3,3,1.0
tut_top5_train_0001304,train,8,0,0,1.0
tut_top5_train_0001305,train,8,3,3,1.0
tut_top5_train_0001306,train,8,4,4,1.0
tut_top5_train_0001307,train,8,2,2,1.0
tut_top5_train_0001308,train,8,6,6,1.0
tut_top5_train_0001309,train,8,0,0,1.0
tut_top5_train_0001310,train,8,1,1,1.0
tut_top5_train_0001311,train,8,7,7,1.0
tut_top5_train_0001312,train,8,7,7,1.0
tut_top5_train_0001313,train,8,6,6,1.0
tut_top5_train_0001314,train,8,6,6,1.0
tut_top5_train_0001315,train,8,1,1,1.0
tut_top5_train_0001316,train,8,1,1,1.0
tut_top5_train_0001317,train,8,5,5,1.0
tut_top5_train_0001318,train,8,5,5,1.0
tut_top5_train_0001319,train,8,0,0,1.0
tut_top5_train_0001320,train,8,7,7,1.0
tut_top5_train_0001321,train,8,3,3,1.0
tut_top5_train_0001322,train,8,2,2,1.0
tut_top5_train_0001323,train,8,2,2,1.0
tut_top5_train_0001324,train,8,3,3,1.0
tut_top5_train_0001325,train,8,1,1,1.0
tut_top5_train_0001326,train,8,0,0,1.0
tut_top5_train_0001327,train,8,2,2,1.0
tut_top5_train_0001328,train,8,5,5,1.0
tut_top5_train_0001329,train,8,5,5,1.0
tut_top5_train_0001330,train,8,6,6,1.0
tut_top5_train_0001331,train,8,3,3,1.0
tut_top5_train_0001332,train,8,0,0,1.0
tut_top5_train_0001333,train,8,2,2,1.0
tut_top5_train_0001334,train,8,5,5,1.0
tut_top5_train_0001335,train,8,2,2,1.0
tut_top5_train_0001336,train,8,2,2,1.0
tut_top5_train_0001337,train,8,3,3,1.0
tut_top5_train_0001338,train,8,4,4,1.0
tut_top5_train_0001339,train,8,5,5,1.0
tut_top5_train_0001340,train,8,3,3,1.0
tut_top5_train_0001341,train,8,3,3,1.0
tut_top5_train_0001342,train,8,5,5,1.0
tut_top5_train_0001343,train,8,2,2,1.0
tut_top5_train_0001344,train,8,4,4,1.0
tut_top5_train_0001345,train,8,2,2,1.0
tut_top5_train_0001346,train,8,7,7,1.0
tut_top5_train_0001347,train,8,6,6,1.0
tut_top5_train_0001348,train,8,5,5,1.0
tut_top5_train_0001349,train,8,3,3,1.0
tut_top5_train_0001350,train,8,6,6,1.0
tut_top5_train_0001351,train,8,3,3,1.0
tut_top5_train_0001352,train,8,6,6,1.0
tut_top5_train_0001353,train,8,2,2,1.0
tut_top5_train_0001354,train,8,6,6,1.0
tut_top5_train_0001355,train,8,1,1,1.0
tut_top5_train_0001356,train,8,2,2,1.0
tut_top5_train_0001357,train,8,3,3,1.0
tut_top5_train_0001358,train,8,2,2,1.0
tut_top5_train_0001359,train,8,6,6,1.0
tut_top5_train_0001360,train,8,2,2,1.0
tut_top5_train_0001361,train,8,1,1,1.0
tut_top5_train_0001362,train,8,5,5,1.0
tut_top5_train_0001363,train,8,4,4,1.0
tut_top5_train_0001364,train,8,5,5,1.0
tut_top5_train_0001365,train,8,2,2,1.0
tut_top5_train_0001366,train,8,0,0,1.0
tut_top5_train_0001367,train,8,1,1,1.0
tut_top5_train_0001368,train,8,5,5,1.0
tut_top5_train_0001369,train,8,2,2,1.0
tut_top5_train_0001370,train,8,2,2,1.0
tut_top5_train_0001371,train,8,5,5,1.0
tut_top5_train_0001372,train,8,4,4,1.0
tut_top5_train_0001373,train,8,3,3,1.0
tut_top5_train_0001374,train,8,3,3,1.0
tut_top5_train_0001375,train,8,2,2,1.0
tut_top5_train_0001376,train,8,2,2,1.0
tut_top5_train_0001377,train,8,3,3,1.0
tut_top5_train_0001378,train,8,3,3,1.0
tut_top5_train_0001379,train,8,4,4,1.0
tut_top5_train_0001380,train,8,1,1,1.0
tut_top5_train_0001381,train,8,6,6,1.0
tut_top5_train_0001382,train,8,1,1,1.0
tut_top5_train_0001383,train,8,2,2,1.0
tut_top5_train_0001384,train,8,4,4,1.0
tut_top5_train_0001385,train,8,2,2,1.0
tut_top5_train_0001386,train,8,5,5,1.0
tut_top5_train_0001387,train,8,2,2,1.0
tut_top5_train_0001388,train,8,3,3,1.0
tut_top5_train_0001389,train,8,2,2,1.0
tut_top5_train_0001390,train,8,0,0,1.0
tut_top5_train_0001391,train,8,7,7,1.0
tut_top5_train_0001392,train,8,1,1,1.0
tut_top5_train_0001393,train,8,0,0,1.0
tut_top5_train_0001394,train,8,2,2,1.0
tut_top5_train_0001395,train,8,7,7,1.0
tut_top5_train_0001396,train,8,0,0,1.0
tut_top5_train_0001397,train,8,3,3,1.0
tut_top5_train_0001398,train,8,6,6,1.0
tut_top5_train_0001399,train,8,2,2,1.0
tut_top5_train_0001400,train,8,1,1,1.0
tut_top5_train_0001401,train,8,3,3,1.0
tut_top5_train_0001402,train,8,4,4,1.0
tut_top5_train_0001403,train,8,1,1,1.0
tut_top5_train_0001404,train,8,5,5,1.0
tut_top5_train_0001405,train,8,7,7,1.0
tut_top5_train_0001406,train,8,4,4,1.0
tut_top5_train_0001407,train,8,7,7,1.0
tut_top5_train_0001408,train,8,1,1,1.0
tut_top5_train_0001409,train,8,7,7,1.0
tut_top5_train_0001410,train,8,2,2,1.0
tut_top5_train_0001411,train,8,0,0,1.0
tut_top5_train_0001412,train,8,7,7,1.0
tut_top5_train_0001413,train,8,5,5,1.0
tut_top5_train_0001414,train,8,4,4,1.0
tut_top5_train_0001415,train,8,6,6,1.0
tut_top5_train_0001416,train,8,6,6,1.0
tut_top5_train_0001417,train,8,2,2,1.0
tut_top5_train_0001418,train,8,7,7,1.0
tut_top5_train_0001419,train,8,1,1,1.0
tut_top5_train_0001420,train,8,5,5,1.0
tut_top5_train_0001421,train,8,3,3,1.0
tut_top5_train_0001422,train,8,7,7,1.0
tut_top5_train_0001423,train,8,3,3,1.0
tut_top5_train_0001424,train,8,3,3,1.0
tut_top5_train_0001425,train,8,5,5,1.0
tut_top5_train_0001426,train,8,3,3,1.0
tut_top5_train_0001427,train,8,7,7,1.0
tut_top5_train_0001428,train,8,1,1,1.0
tut_top5_train_0001429,train,8,2,2,1.0
tut_top5_train_0001430,train,8,3,3,1.0
tut_top5_train_0001431,train,8,3,3,1.0
tut_top5_train_0001432,train,8,7,7,1.0
tut_top5_train_0001433,train,8,3,3,1.0
tut_top5_train_0001434,train,8,3,3,1.0
tut_top5_train_0001435,train,8,1,1,1.0
tut_top5_train_0001436,train,8,3,3,1.0
tut_top5_train_0001437,train,8,0,0,1.0
tut_top5_train_0001438,train,8,2,2,1.0
tut_top5_train_0001439,train,8,7,7,1.0
tut_top5_train_0001440,train,8,2,2,1.0
tut_top5_train_0001441,train,8,5,5,1.0
tut_top5_train_0001442,train,8,0,0,1.0
tut_top5_train_0001443,train,8,5,5,1.0
tut_top5_train_0001444,train,8,3,3,1.0
tut_top5_train_0001445,train,8,2,2,1.0
tut_top5_train_0001446,train,8,2,2,1.0
tut_top5_train_0001447,train,8,3,3,1.0
tut_top5_train_0001448,train,8,1,1,1.0
tut_top5_train_0001449,train,8,1,1,1.0
tut_top5_train_0001450,train,8,6,6,1.0
tut_top5_train_0001451,train,8,3,3,1.0
tut_top5_train_0001452,train,8,3,3,1.0
tut_top5_train_0001453,train,8,4,4,1.0
tut_top5_train_0001454,train,8,3,3,1.0
tut_top5_train_0001455,train,8,5,5,1.0
tut_top5_train_0001456,train,8,1,1,1.0
tut_top5_train_0001457,train,8,3,3,1.0
tut_top5_train_0001458,train,8,3,3,1.0
tut_top5_train_0001459,train,8,1,1,1.0
tut_top5_train_0001460,train,8,1,1,1.0
tut_top5_train_0001461,train,8,6,6,1.0
tut_top5_train_0001462,train,8,7,7,1.0
tut_top5_train_0001463,train,8,2,2,1.0
tut_top5_train_0001464,train,8,3,3,1.0
tut_top5_train_0001465,train,8,3,3,1.0
tut_top5_train_0001466,train,8,0,0,1.0
tut_top5_train_0001467,train,8,5,5,1.0
tut_top5_train_0001468,train,8,2,2,1.0
tut_top5_train_0001469,train,8,2,2,1.0
tut_top5_train_0001470,train,8,1,1,1.0
tut_top5_train_0001471,train,8,0,0,1.0
tut_top5_train_0001472,train,8,7,7,1.0
tut_top5_train_0001473,train,8,1,1,1.0
tut_top5_train_0001474,train,8,5,5,1.0
tut_top5_train_0001475,train,8,3,3,1.0
tut_top5_train_0001476,train,8,3,3,1.0
tut_top5_train_0001477,train,8,2,2,1.0
tut_top5_train_0001478,train,8,5,5,1.0
tut_top5_train_0001479,train,8,2,2,1.0
tut_top5_train_0001480,train,8,1,1,1.0
tut_top5_train_0001481,train,8,3,3,1.0
tut_top5_train_0001482,train,8,1,1,1.0
tut_top5_train_0001483,train,8,7,7,1.0
tut_top5_train_0001484,train,8,3,3,1.0
tut_top5_train_0001485,train,8,2,2,1.0
tut_top5_train_0001486,train,8,0,0,1.0
tut_top5_train_0001487,train,8,1,1,1.0
tut_top5_train_0001488,train,8,2,2,1.0
tut_top5_train_0001489,train,8,1,1,1.0
tut_top5_train_0001490,train,8,5,5,1.0
tut_top5_train_0001491,train,8,1,1,1.0
tut_top5_train_0001492,train,8,1,1,1.0
tut_top5_train_0001493,train,8,1,1,1.0
tut_top5_train_0001494,train,8,2,2,1.0
tut_top5_train_0001495,train,8,7,7,1.0
tut_top5_train_0001496,train,8,1,1,1.0
tut_top5_train_0001497,train,8,0,0,1.0
tut_top5_train_0001498,train,8,1,1,1.0
tut_top5_train_0001499,train,8,1,1,1.0
tut_top5_train_0001500,train,8,0,0,1.0
tut_top5_train_0001501,train,8,6,6,1.0
tut_top5_train_0001502,train,8,5,5,1.0
tut_top5_train_0001503,train,8,5,5,1.0
tut_top5_train_0001504,train,8,3,3,1.0
tut_top5_train_0001505,train,8,0,0,1.0
tut_top5_train_0001506,train,8,7,7,1.0
tut_top5_train_0001507,train,8,2,2,1.0
tut_top5_train_0001508,train,8,2,2,1.0
tut_top5_train_0001509,train,8,7,7,1.0
tut_top5_train_0001510,train,8,7,7,1.0
tut_top5_train_0001511,train,8,2,2,1.0
tut_top5_train_0001512,train,8,2,2,1.0
tut_top5_train_0001513,train,8,3,3,1.0
tut_top5_train_0001514,train,8,3,3,1.0
tut_top5_train_0001515,train,8,6,6,1.0
tut_top5_train_0001516,train,8,2,2,1.0
tut_top5_train_0001517,train,8,1,1,1.0
tut_top5_train_0001518,train,8,1,1,1.0
tut_top5_train_0001519,train,8,3,3,1.0
tut_top5_train_0001520,train,8,3,3,1.0
tut_top5_train_0001521,train,8,2,2,1.0
tut_top5_train_0001522,train,8,3,3,1.0
tut_top5_train_0001523,train,8,3,3,1.0
tut_top5_train_0001524,train,8,1,1,1.0
tut_top5_train_0001525,train,8,7,7,1.0
tut_top5_train_0001526,train,8,1,1,1.0
tut_top5_train_0001527,train,8,2,2,1.0
tut_top5_train_0001528,train,8,3,3,1.0
tut_top5_train_0001529,train,8,3,3,1.0
tut_top5_train_0001530,train,8,1,1,1.0
tut_top5_train_0001531,train,8,2,2,1.0
tut_top5_train_0001532,train,8,3,3,1.0
tut_top5_train_0001533,train,8,7,7,1.0
tut_top5_train_0001534,train,8,3,3,1.0
tut_top5_train_0001535,train,8,3,3,1.0
tut_top5_train_0001536,train,8,0,0,1.0
tut_top5_train_0001537,train,8,7,7,1.0
tut_top5_train_0001538,train,8,7,7,1.0
tut_top5_train_0001539,train,8,2,2,1.0
tut_top5_train_0001540,train,8,7,7,1.0
tut_top5_train_0001541,train,8,7,7,1.0
tut_top5_train_0001542,train,8,7,7,1.0
tut_top5_train_0001543,train,8,4,4,1.0
tut_top5_train_0001544,train,8,3,3,1.0
tut_top5_train_0001545,train,8,7,7,1.0
tut_top5_train_0001546,train,8,7,7,1.0
tut_top5_train_0001547,train,8,5,5,1.0
tut_top5_train_0001548,train,8,5,5,1.0
tut_top5_train_0001549,train,8,3,3,1.0
tut_top5_train_0001550,train,8,5,5,1.0
tut_top5_train_0001551,train,8,7,7,1.0
tut_top5_train_0001552,train,8,5,5,1.0
tut_top5_train_0001553,train,8,2,2,1.0
tut_top5_train_0001554,train,8,7,7,1.0
tut_top5_train_0001555,train,8,0,0,1.0
tut_top5_train_0001556,train,8,5,5,1.0
tut_top5_train_0001557,train,8,5,5,1.0
tut_top5_train_0001558,train,8,6,6,1.0
tut_top5_train_0001559,train,8,5,5,1.0
tut_top5_train_0001560,train,8,0,0,1.0
tut_top5_train_0001561,train,8,0,0,1.0
tut_top5_train_0001562,train,8,1,1,1.0
tut_top5_train_0001563,train,8,3,3,1.0
tut_top5_train_0001564,train,8,2,2,1.0
tut_top5_train_0001565,train,8,4,4,1.0
tut_top5_train_0001566,train,8,1,1,1.0
tut_top5_train_0001567,train,8,3,3,1.0
tut_top5_train_0001568,train,8,5,5,1.0
tut_top5_train_0001569,train,8,5,5,1.0
tut_top5_train_0001570,train,8,0,0,1.0
tut_top5_train_0001571,train,8,1,1,1.0
tut_top5_train_0001572,train,8,7,7,1.0
tut_top5_train_0001573,train,8,0,0,1.0
tut_top5_train_0001574,train,8,2,2,1.0
tut_top5_train_0001575,train,8,5,5,1.0
tut_top5_train_0001576,train,8,0,0,1.0
tut_top5_train_0001577,train,8,4,4,1.0
tut_top5_train_0001578,train,8,3,3,1.0
tut_top5_train_0001579,train,8,2,2,1.0
tut_top5_train_0001580,train,8,7,7,1.0
tut_top5_train_0001581,train,8,5,5,1.0
tut_top5_train_0001582,train,8,2,2,1.0
tut_top5_train_0001583,train,8,2,2,1.0
tut_top5_train_0001584,train,8,7,7,1.0
tut_top5_train_0001585,train,8,3,3,1.0
tut_top5_train_0001586,train,8,7,7,1.0
tut_top5_train_0001587,train,8,6,6,1.0
tut_top5_train_0001588,train,8,6,6,1.0
tut_top5_train_0001589,train,8,0,0,1.0
tut_top5_train_0001590,train,8,5,5,1.0
tut_top5_train_0001591,train,8,7,7,1.0
tut_top5_train_0001592,train,8,1,1,1.0
tut_top5_train_0001593,train,8,7,7,1.0
tut_top5_train_0001594,train,8,7,7,1.0
tut_top5_train_0001595,train,8,4,4,1.0
tut_top5_train_0001596,train,8,5,5,1.0
tut_top5_train_0001597,train,8,2,2,1.0
tut_top5_train_0001598,train,8,6,6,1.0
tut_top5_train_0001599,train,8,3,3,1.0
tut_top5_train_0001600,train,8,1,1,1.0
tut_top5_train_0001601,train,8,1,1,1.0
tut_top5_train_0001602,train,8,7,7,1.0
tut_top5_train_0001603,train,8,2,2,1.0
tut_top5_train_0001604,train,8,7,7,1.0
tut_top5_train_0001605,train,8,2,2,1.0
tut_top5_train_0001606,train,8,3,3,1.0
tut_top5_train_0001607,train,8,4,4,1.0
tut_top5_train_0001608,train,8,3,3,1.0
tut_top5_train_0001609,train,8,5,5,1.0
tut_top5_train_0001610,train,8,1,1,1.0
tut_top5_train_0001611,train,8,3,3,1.0
tut_top5_train_0001612,train,8,1,1,1.0
tut_top5_train_0001613,train,8,1,1,1.0
tut_top5_train_0001614,train,8,2,2,1.0
tut_top5_train_0001615,train,8,1,1,1.0
tut_top5_train_0001616,train,8,2,2,1.0
tut_top5_train_0001617,train,8,1,1,1.0
tut_top5_train_0001618,train,8,7,7,1.0
tut_top5_train_0001619,train,8,4,4,1.0
tut_top5_train_0001620,train,8,2,2,1.0
tut_top5_train_0001621,train,8,7,7,1.0
tut_top5_train_0001622,train,8,4,4,1.0
tut_top5_train_0001623,train,8,6,6,1.0
tut_top5_train_0001624,train,8,7,7,1.0
tut_top5_train_0001625,train,8,7,7,1.0
tut_top5_train_0001626,train,8,3,3,1.0
tut_top5_train_0001627,train,8,3,3,1.0
tut_top5_train_0001628,train,8,1,1,1.0
tut_top5_train_0001629,train,8,7,7,1.0
tut_top5_train_0001630,train,8,7,7,1.0
tut_top5_train_0001631,train,8,1,1,1.0
tut_top5_train_0001632,train,8,6,6,1.0
tut_top5_train_0001633,train,8,7,7,1.0
tut_top5_train_0001634,train,8,7,7,1.0
tut_top5_train_0001635,train,8,3,3,1.0
tut_top5_train_0001636,train,8,3,3,1.0
tut_top5_train_0001637,train,8,1,1,1.0
tut_top5_train_0001638,train,8,2,2,1.0
tut_top5_train_0001639,train,8,3,3,1.0
tut_top5_train_0001640,train,8,2,2,1.0
tut_top5_train_0001641,train,8,5,5,1.0
tut_top5_train_0001642,train,8,3,3,1.0
tut_top5_train_0001643,train,8,1,1,1.0
tut_top5_train_0001644,train,8,2,2,1.0
tut_top5_train_0001645,train,8,5,5,1.0
tut_top5_train_0001646,train,8,2,2,1.0
tut_top5_train_0001647,train,8,2,2,1.0
tut_top5_train_0001648,train,8,3,3,1.0
tut_top5_train_0001649,train,8,1,1,1.0
tut_top5_train_0001650,train,8,0,0,1.0
tut_top5_train_0001651,train,8,3,3,1.0
tut_top5_train_0001652,train,8,1,1,1.0
tut_top5_train_0001653,train,8,5,5,1.0
tut_top5_train_0001654,train,8,2,2,1.0
tut_top5_train_0001655,train,8,5,5,1.0
tut_top5_train_0001656,train,8,2,2,1.0
tut_top5_train_0001657,train,8,2,2,1.0
tut_top5_train_0001658,train,8,7,7,1.0
tut_top5_train_0001659,train,8,5,5,1.0
tut_top5_train_0001660,train,8,1,1,1.0
tut_top5_train_0001661,train,8,7,7,1.0
tut_top5_train_0001662,train,8,1,1,1.0
tut_top5_train_0001663,train,8,0,0,1.0
tut_top5_train_0001664,train,8,2,2,1.0
tut_top5_train_0001665,train,8,5,5,1.0
tut_top5_train_0001666,train,8,3,3,1.0
tut_top5_train_0001667,train,8,6,6,1.0
tut_top5_train_0001668,train,8,0,0,1.0
tut_top5_train_0001669,train,8,4,4,1.0
tut_top5_train_0001670,train,8,2,2,1.0
tut_top5_train_0001671,train,8,1,1,1.0
tut_top5_train_0001672,train,8,4,4,1.0
tut_top5_train_0001673,train,8,4,4,1.0
tut_top5_train_0001674,train,8,5,5,1.0
tut_top5_train_0001675,train,8,2,2,1.0
tut_top5_train_0001676,train,8,1,1,1.0
tut_top5_train_0001677,train,8,3,3,1.0
tut_top5_train_0001678,train,8,2,2,1.0
tut_top5_train_0001679,train,8,1,1,1.0
tut_top5_train_0001680,train,8,7,7,1.0
tut_top5_train_0001681,train,8,2,2,1.0
tut_top5_train_0001682,train,8,7,7,1.0
tut_top5_train_0001683,train,8,5,5,1.0
tut_top5_train_0001684,train,8,2,2,1.0
tut_top5_train_0001685,train,8,6,6,1.0
tut_top5_train_0001686,train,8,2,2,1.0
tut_top5_train_0001687,train,8,6,6,1.0
tut_top5_train_0001688,train,8,3,3,1.0
tut_top5_train_0001689,train,8,7,7,1.0
tut_top5_train_0001690,train,8,7,7,1.0
tut_top5_train_0001691,train,8,7,7,1.0
tut_top5_train_0001692,train,8,1,1,1.0
tut_top5_train_0001693,train,8,4,4,1.0
tut_top5_train_0001694,train,8,2,2,1.0
tut_top5_train_0001695,train,8,6,6,1.0
tut_top5_train_0001696,train,8,4,4,1.0
tut_top5_train_0001697,train,8,1,1,1.0
tut_top5_train_0001698,train,8,3,3,1.0
tut_top5_train_0001699,train,8,3,3,1.0
tut_top5_train_0001700,train,8,1,1,1.0
tut_top5_train_0001701,train,8,5,5,1.0
tut_top5_train_0001702,train,8,1,1,1.0
tut_top5_train_0001703,train,8,2,2,1.0
tut_top5_train_0001704,train,8,3,3,1.0
tut_top5_train_0001705,train,8,3,3,1.0
tut_top5_train_0001706,train,8,4,4,1.0
tut_top5_train_0001707,train,8,1,1,1.0
tut_top5_train_0001708,train,8,2,2,1.0
tut_top5_train_0001709,train,8,3,3,1.0
tut_top5_train_0001710,train,8,2,2,1.0
tut_top5_train_0001711,train,8,3,3,1.0
tut_top5_train_0001712,train,8,1,1,1.0
tut_top5_train_0001713,train,8,1,1,1.0
tut_top5_train_0001714,train,8,7,7,1.0
tut_top5_train_0001715,train,8,4,4,1.0
tut_top5_train_0001716,train,8,4,4,1.0
tut_top5_train_0001717,train,8,0,0,1.0
tut_top5_train_0001718,train,8,2,2,1.0
tut_top5_train_0001719,train,8,3,3,1.0
tut_top5_train_0001720,train,8,2,2,1.0
tut_top5_train_0001721,train,8,2,2,1.0
tut_top5_train_0001722,train,8,6,6,1.0
tut_top5_train_0001723,train,8,3,3,1.0
tut_top5_train_0001724,train,8,2,2,1.0
tut_top5_train_0001725,train,8,6,6,1.0
tut_top5_train_0001726,train,8,1,1,1.0
tut_top5_train_0001727,train,8,0,0,1.0
tut_top5_train_0001728,train,8,4,4,1.0
tut_top5_train_0001729,train,8,2,2,1.0
tut_top5_train_0001730,train,8,1,1,1.0
tut_top5_train_0001731,train,8,4,4,1.0
tut_top5_train_0001732,train,8,5,5,1.0
tut_top5_train_0001733,train,8,1,1,1.0
tut_top5_train_0001734,train,8,7,7,1.0
tut_top5_train_0001735,train,8,0,0,1.0
tut_top5_train_0001736,train,8,7,7,1.0
tut_top5_train_0001737,train,8,3,3,1.0
tut_top5_train_0001738,train,8,2,2,1.0
tut_top5_train_0001739,train,8,3,3,1.0
tut_top5_train_0001740,train,8,1,1,1.0
tut_top5_train_0001741,train,8,5,5,1.0
tut_top5_train_0001742,train,8,4,4,1.0
tut_top5_train_0001743,train,8,7,7,1.0
tut_top5_train_0001744,train,8,1,1,1.0
tut_top5_train_0001745,train,8,2,2,1.0
tut_top5_train_0001746,train,8,7,7,1.0
tut_top5_train_0001747,train,8,2,2,1.0
tut_top5_train_0001748,train,8,6,6,1.0
tut_top5_train_0001749,train,8,1,1,1.0
tut_top5_train_0001750,train,8,1,1,1.0
tut_top5_train_0001751,train,8,7,7,1.0
tut_top5_train_0001752,train,8,3,3,1.0
tut_top5_train_0001753,train,8,5,5,1.0
tut_top5_train_0001754,train,8,7,7,1.0
tut_top5_train_0001755,train,8,5,5,1.0
tut_top5_train_0001756,train,8,2,2,1.0
tut_top5_train_0001757,train,8,1,1,1.0
tut_top5_train_0001758,train,8,3,3,1.0
tut_top5_train_0001759,train,8,4,4,1.0
tut_top5_train_0001760,train,8,5,5,1.0
tut_top5_train_0001761,train,8,5,5,1.0
tut_top5_train_0001762,train,8,7,7,1.0
tut_top5_train_0001763,train,8,5,5,1.0
tut_top5_train_0001764,train,8,3,3,1.0
tut_top5_train_0001765,train,8,7,7,1.0
tut_top5_train_0001766,train,8,2,2,1.0
tut_top5_train_0001767,train,8,3,3,1.0
tut_top5_train_0001768,train,8,7,7,1.0
tut_top5_train_0001769,train,8,1,1,1.0
tut_top5_train_0001770,train,8,2,2,1.0
tut_top5_train_0001771,train,8,1,1,1.0
tut_top5_train_0001772,train,8,1,1,1.0
tut_top5_train_0001773,train,8,3,3,1.0
tut_top5_train_0001774,train,8,2,2,1.0
tut_top5_train_0001775,train,8,6,6,1.0
tut_top5_train_0001776,train,8,2,2,1.0
tut_top5_train_0001777,train,8,5,5,1.0
tut_top5_train_0001778,train,8,5,5,1.0
tut_top5_train_0001779,train,8,0,0,1.0
tut_top5_train_0001780,train,8,2,2,1.0
tut_top5_train_0001781,train,8,5,5,1.0
tut_top5_train_0001782,train,8,1,1,1.0
tut_top5_train_0001783,train,8,5,5,1.0
tut_top5_train_0001784,train,8,3,3,1.0
tut_top5_train_0001785,train,8,5,5,1.0
tut_top5_train_0001786,train,8,0,0,1.0
tut_top5_train_0001787,train,8,5,5,1.0
tut_top5_train_0001788,train,8,2,2,1.0
tut_top5_train_0001789,train,8,7,7,1.0
tut_top5_train_0001790,train,8,1,1,1.0
tut_top5_train_0001791,train,8,4,4,1.0
tut_top5_train_0001792,train,8,2,2,1.0
tut_top5_train_0001793,train,8,3,3,1.0
tut_top5_train_0001794,train,8,2,2,1.0
tut_top5_train_0001795,train,8,3,3,1.0
tut_top5_train_0001796,train,8,3,3,1.0
tut_top5_train_0001797,train,8,0,0,1.0
tut_top5_train_0001798,train,8,5,5,1.0
tut_top5_train_0001799,train,8,2,2,1.0
tut_top5_train_0001800,train,8,1,1,1.0
tut_top5_train_0001801,train,8,7,7,1.0
tut_top5_train_0001802,train,8,3,3,1.0
tut_top5_train_0001803,train,8,1,1,1.0
tut_top5_train_0001804,train,8,3,3,1.0
tut_top5_train_0001805,train,8,0,0,1.0
tut_top5_train_0001806,train,8,2,2,1.0
tut_top5_train_0001807,train,8,7,7,1.0
tut_top5_train_0001808,train,8,5,5,1.0
tut_top5_train_0001809,train,8,7,7,1.0
tut_top5_train_0001810,train,8,2,2,1.0
tut_top5_train_0001811,train,8,1,1,1.0
tut_top5_train_0001812,train,8,0,0,1.0
tut_top5_train_0001813,train,8,5,5,1.0
tut_top5_train_0001814,train,8,3,3,1.0
tut_top5_train_0001815,train,8,2,2,1.0
tut_top5_train_0001816,train,8,7,7,1.0
tut_top5_train_0001817,train,8,1,1,1.0
tut_top5_train_0001818,train,8,6,6,1.0
tut_top5_train_0001819,train,8,7,7,1.0
tut_top5_train_0001820,train,8,2,2,1.0
tut_top5_train_0001821,train,8,1,1,1.0
tut_top5_train_0001822,train,8,0,0,1.0
tut_top5_train_0001823,train,8,1,1,1.0
tut_top5_train_0001824,train,8,5,5,1.0
tut_top5_train_0001825,train,8,0,0,1.0
tut_top5_train_0001826,train,8,5,5,1.0
tut_top5_train_0001827,train,8,7,7,1.0
tut_top5_train_0001828,train,8,5,5,1.0
tut_top5_train_0001829,train,8,3,3,1.0
tut_top5_train_0001830,train,8,3,3,1.0
tut_top5_train_0001831,train,8,2,2,1.0
tut_top5_train_0001832,train,8,3,3,1.0
tut_top5_train_0001833,train,8,0,0,1.0
tut_top5_train_0001834,train,8,6,6,1.0
tut_top5_train_0001835,train,8,1,1,1.0
tut_top5_train_0001836,train,8,1,1,1.0
tut_top5_train_0001837,train,8,6,6,1.0
tut_top5_train_0001838,train,8,2,2,1.0
tut_top5_train_0001839,train,8,5,5,1.0
tut_top5_train_0001840,train,8,3,3,1.0
tut_top5_train_0001841,train,8,0,0,1.0
tut_top5_train_0001842,train,8,5,5,1.0
tut_top5_train_0001843,train,8,0,0,1.0
tut_top5_train_0001844,train,8,1,1,1.0
tut_top5_train_0001845,train,8,7,7,1.0
tut_top5_train_0001846,train,8,3,3,1.0
tut_top5_train_0001847,train,8,1,1,1.0
tut_top5_train_0001848,train,8,3,3,1.0
tut_top5_train_0001849,train,8,1,1,1.0
tut_top5_train_0001850,train,8,2,2,1.0
tut_top5_train_0001851,train,8,2,2,1.0
tut_top5_train_0001852,train,8,4,4,1.0
tut_top5_train_0001853,train,8,2,2,1.0
tut_top5_train_0001854,train,8,4,4,1.0
tut_top5_train_0001855,train,8,1,1,1.0
tut_top5_train_0001856,train,8,6,6,1.0
tut_top5_train_0001857,train,8,6,6,1.0
tut_top5_train_0001858,train,8,3,3,1.0
tut_top5_train_0001859,train,8,3,3,1.0
tut_top5_train_0001860,train,8,4,4,1.0
tut_top5_train_0001861,train,8,3,3,1.0
tut_top5_train_0001862,train,8,6,6,1.0
tut_top5_train_0001863,train,8,1,1,1.0
tut_top5_train_0001864,train,8,5,5,1.0
tut_top5_train_0001865,train,8,7,7,1.0
tut_top5_train_0001866,train,8,3,3,1.0
tut_top5_train_0001867,train,8,3,3,1.0
tut_top5_val_0000000,val,8,7,1,0.4934272771921502
tut_top5_val_0000001,val,8,1,1,0.5808802580574066
tut_top5_val_0000002,val,8,2,2,0.968560698313732
tut_top5_val_0000003,val,8,2,2,0.7998925628491791
tut_top5_val_0000004,val,8,2,2,0.5589452064769104
tut_top5_val_0000005,val,8,5,5,0.7626437323672747
tut_top5_val_0000006,val,8,4,3,0.6141551111283879
tut_top5_val_0000007,val,8,6,6,0.8304869590543801
tut_top5_val_0000008,val,8,2,2,0.5328069705201115
tut_top5_val_0000009,val,8,3,3,0.6803410665898089
tut_top5_val_0000010,val,8,5,5,0.8969144318339357
tut_top5_val_0000011,val,8,5,5,0.9155722971675228
tut_top5_val_0000012,val,8,3,2,0.4851657306648099
tut_top5_val_0000013,val,8,7,7,0.6145123175804404
tut_top5_val_0000014,val,8,0,0,0.8107820113234842
tut_top5_val_0000015,val,8,2,2,0.7332444155769143
tut_top5_val_0000016,val,8,7,7,0.6251982414381416
tut_top5_val_0000017,val,8,2,2,0.87145770370017
tut_top5_val_0000018,val,8,2,2,0.6688801517209809
tut_top5_val_0000019,val,8,3,3,0.5223104020111663
tut_top5_val_0000020,val,8,7,2,0.37262211890256497
tut_top5_val_0000021,val,8,7,7,0.8855993082060429
tut_top5_val_0000022,val,8,3,3,0.7953916580762397
tut_top5_val_0000023,val,8,1,1,0.8128384855069062
tut_top5_val_0000024,val,8,7,7,0.8462415529247213
tut_top5_val_0000025,val,8,3,2,0.7473412045234642
tut_top5_val_0000026,val,8,2,2,0.5595647562333944
tut_top5_val_0000027,val,8,5,5,0.7622049019860917
tut_top5_val_0000028,val,8,3,3,0.7196089811690817
tut_top5_val_0000029,val,8,2,2,0.639588286858351
tut_top5_val_0000030,val,8,2,2,0.8370169574863262
tut_top5_val_0000031,val,8,3,3,0.7272288601749171
tut_top5_val_0000032,val,8,7,7,0.9080322504241625
tut_top5_val_0000033,val,8,5,5,0.9730609706868708
tut_top5_val_0000034,val,8,4,4,0.8004216099087962
tut_top5_val_0000035,val,8,1,1,0.9786043551302004
tut_top5_val_0000036,val,8,4,3,0.7473839992339628
tut_top5_val_0000037,val,8,7,7,0.6980339713155865
tut_top5_val_0000038,val,8,7,7,0.7758961678313676
tut_top5_val_0000039,val,8,3,3,0.7589275020800217
tut_top5_val_0000040,val,8,2,2,0.8498613975209273
tut_top5_val_0000041,val,8,4,3,0.4945253867673255
tut_top5_val_0000042,val,8,1,1,0.8880532074734784
tut_top5_val_0000043,val,8,7,7,0.690398485269085
tut_top5_val_0000044,val,8,2,3,0.5315693726233844
tut_top5_val_0000045,val,8,6,6,0.823719309398371
tut_top5_val_0000046,val,8,3,3,0.7811639289866703
tut_top5_val_0000047,val,8,5,5,0.8316207849060698
tut_top5_val_0000048,val,8,3,3,0.8001005049491693
tut_top5_val_0000049,val,8,4,3,0.5101101695544293
tut_top5_val_0000050,val,8,1,1,0.41664957796129654
tut_top5_val_0000051,val,8,1,1,0.7636427141621246
tut_top5_val_0000052,val,8,2,2,0.5771287843487793
tut_top5_val_0000053,val,8,3,3,0.5532515872862803
tut_top5_val_0000054,val,8,3,3,0.8035173116052365
tut_top5_val_0000055,val,8,3,3,0.5035013120596645
tut_top5_val_0000056,val,8,7,7,0.6031143305412592
tut_top5_val_0000057,val,8,6,6,0.6929278446125704
tut_top5_val_0000058,val,8,0,0,0.7851877999859427
tut_top5_val_0000059,val,8,3,3,0.7535531364347865
tut_top5_val_0000060,val,8,2,3,0.6745550753360596
tut_top5_val_0000061,val,8,1,1,0.8004352294569387
tut_top5_val_0000062,val,8,2,3,0.4868253545252939
tut_top5_val_0000063,val,8,4,2,0.3680940242968729
tut_top5_val_0000064,val,8,4,4,0.5958119981941423
tut_top5_val_0000065,val,8,2,2,0.5071439308872634
tut_top5_val_0000066,val,8,7,7,0.8038210809949292
tut_top5_val_0000067,val,8,3,3,0.7941285526826575
tut_top5_val_0000068,val,8,6,6,0.6416844105604858
tut_top5_val_0000069,val,8,7,7,0.3782094764320913
tut_top5_val_0000070,val,8,6,6,0.9657254801669191
tut_top5_val_0000071,val,8,6,5,0.5186669829808318
tut_top5_val_0000072,val,8,5,5,0.9508890454871469
tut_top5_val_0000073,val,8,4,4,0.9728729597868458
tut_top5_val_0000074,val,8,3,3,0.9452465091010811
tut_top5_val_0000075,val,8,2,2,0.7093076343348632
tut_top5_val_0000076,val,8,2,2,0.6693512691839101
tut_top5_val_0000077,val,8,4,4,0.8991684490320564
tut_top5_val_0000078,val,8,3,3,0.5828182700257227
tut_top5_val_0000079,val,8,6,6,0.9283821942945355
tut_top5_val_0000080,val,8,4,4,0.9889870990374822
tut_top5_val_0000081,val,8,4,4,0.9386862857367778
tut_top5_val_0000082,val,8,3,3,0.8107202636826051
tut_top5_val_0000083,val,8,1,1,0.7824965890478226
tut_top5_val_0000084,val,8,6,6,0.9591652713604653
tut_top5_val_0000085,val,8,2,2,0.5441405390459151
tut_top5_val_0000086,val,8,3,3,0.6751080044682081
tut_top5_val_0000087,val,8,1,1,0.8314360385982635
tut_top5_val_0000088,val,8,6,6,0.9816192321235535
tut_top5_val_0000089,val,8,3,3,0.6982246894321227
tut_top5_val_0000090,val,8,1,1,0.670276624675883
tut_top5_val_0000091,val,8,7,2,0.6363870100795721
tut_top5_val_0000092,val,8,3,3,0.579110855730452
tut_top5_val_0000093,val,8,1,1,0.6593393916256871
tut_top5_val_0000094,val,8,2,2,0.7242665479096969
tut_top5_val_0000095,val,8,7,2,0.6167534533105079
tut_top5_val_0000096,val,8,5,5,0.8940035356881653
tut_top5_val_0000097,val,8,2,2,0.6004548517279096
tut_top5_val_0000098,val,8,1,2,0.4963841689374073
tut_top5_val_0000099,val,8,6,6,0.904409240606818
tut_top5_val_0000100,val,8,5,1,0.6429589480129954
tut_top5_val_0000101,val,8,7,7,0.7680481749310667
tut_top5_val_0000102,val,8,1,1,0.7493743847621589
tut_top5_val_0000103,val,8,1,1,0.5709502826852099
tut_top5_val_0000104,val,8,2,2,0.8432707792177535
tut_top5_val_0000105,val,8,7,1,0.3508816685600167
tut_top5_val_0000106,val,8,1,1,0.9386277539768858
tut_top5_val_0000107,val,8,2,2,0.7264189154572287
tut_top5_val_0000108,val,8,0,0,0.9844550940217903
tut_top5_val_0000109,val,8,4,4,0.9501216340719059
tut_top5_val_0000110,val,8,4,4,0.9831541397330834
tut_top5_val_0000111,val,8,7,7,0.5180157962859054
tut_top5_val_0000112,val,8,7,2,0.7248271763738101
tut_top5_val_0000113,val,8,5,5,0.5514233079500819
tut_top5_val_0000114,val,8,4,4,0.9949454095256692
tut_top5_val_0000115,val,8,5,5,0.6165804577839267
tut_top5_val_0000116,val,8,5,5,0.6685264939047976
tut_top5_val_0000117,val,8,2,2,0.44148775548785935
tut_top5_val_0000118,val,8,2,2,0.9713105259545393
tut_top5_val_0000119,val,8,1,1,0.6591417346796785
tut_top5_val_0000120,val,8,7,7,0.845235309742591
tut_top5_val_0000121,val,8,4,4,0.9064967626745261
tut_top5_val_0000122,val,8,3,3,0.9095830889682206
tut_top5_val_0000123,val,8,2,2,0.6259721737909933
tut_top5_val_0000124,val,8,1,1,0.5982480370134523
tut_top5_val_0000125,val,8,6,6,0.8641940967141413
tut_top5_val_0000126,val,8,1,1,0.5995720600979451
tut_top5_val_0000127,val,8,2,2,0.4516236954645795
tut_top5_val_0000128,val,8,0,2,0.793362050592428
tut_top5_val_0000129,val,8,0,0,0.5297425455842054
tut_top5_val_0000130,val,8,5,1,0.6609927274342937
tut_top5_val_0000131,val,8,6,6,0.9246086087731831
tut_top5_val_0000132,val,8,3,3,0.623346857227928
tut_top5_val_0000133,val,8,6,6,0.9568717518131333
tut_top5_val_0000134,val,8,4,4,0.9864887864509313
tut_top5_val_0000135,val,8,1,1,0.8396555162017647
tut_top5_val_0000136,val,8,7,7,0.5809276077444925
tut_top5_val_0000137,val,8,4,4,0.7161595233823099
tut_top5_val_0000138,val,8,4,3,0.398022646441005
tut_top5_val_0000139,val,8,3,3,0.9614610963878722
tut_top5_val_0000140,val,8,4,4,0.7943169020721291
tut_top5_val_0000141,val,8,0,2,0.43062157427724906
tut_top5_val_0000142,val,8,3,3,0.6678743680492291
tut_top5_val_0000143,val,8,0,2,0.5353814017090434
tut_top5_val_0000144,val,8,3,2,0.4690154772364885
tut_top5_val_0000145,val,8,5,5,0.9911059218441142
tut_top5_val_0000146,val,8,5,5,0.33308096623992556
tut_top5_val_0000147,val,8,1,1,0.8053043620395672
tut_top5_val_0000148,val,8,1,6,0.773969432814935
tut_top5_val_0000149,val,8,6,6,0.9612476322029453
tut_top5_val_0000150,val,8,3,3,0.9500216531622792
tut_top5_val_0000151,val,8,5,6,0.7157015641429308
tut_top5_val_0000152,val,8,1,1,0.3711935135900362
tut_top5_val_0000153,val,8,1,1,0.673552960789838
tut_top5_val_0000154,val,8,3,3,0.9598747179535618
tut_top5_val_0000155,val,8,5,5,0.40982672882808946
tut_top5_val_0000156,val,8,1,1,0.5434183773053287
tut_top5_val_0000157,val,8,4,4,0.962141048229493
tut_top5_val_0000158,val,8,7,7,0.6823143354300677
tut_top5_val_0000159,val,8,0,2,0.7869303417091972
tut_top5_val_0000160,val,8,4,4,0.9459871317595693
tut_top5_val_0000161,val,8,2,2,0.5837435646822652
tut_top5_val_0000162,val,8,6,1,0.744730831917368
tut_top5_val_0000163,val,8,2,2,0.5852221663062963
tut_top5_val_0000164,val,8,3,3,0.8679723758402887
tut_top5_val_0000165,val,8,2,7,0.7323191162555709
tut_top5_val_0000166,val,8,1,1,0.8156170814784176
tut_top5_val_0000167,val,8,1,1,0.9283417501131112
tut_top5_val_0000168,val,8,2,2,0.7934328093573982
tut_top5_val_0000169,val,8,1,1,0.9283587937926672
tut_top5_val_0000170,val,8,7,7,0.6718503049034378
tut_top5_val_0000171,val,8,0,0,0.8668668155015274
tut_top5_val_0000172,val,8,1,1,0.5818266503512419
tut_top5_val_0000173,val,8,1,1,0.7413567346198044
tut_top5_val_0000174,val,8,7,7,0.7526631909846627
tut_top5_val_0000175,val,8,2,2,0.8967456291848088
tut_top5_val_0000176,val,8,7,7,0.9835335279219156
tut_top5_val_0000177,val,8,1,1,0.7584709564704107
tut_top5_val_0000178,val,8,6,6,0.8316762171451793
tut_top5_val_0000179,val,8,5,5,0.835160470611813
tut_top5_val_0000180,val,8,2,2,0.7392030674565888
tut_top5_val_0000181,val,8,3,3,0.5466366967738436
tut_top5_val_0000182,val,8,0,0,0.7871290855110157
tut_top5_val_0000183,val,8,2,2,0.8495157169408549
tut_top5_val_0000184,val,8,1,1,0.4627610352111253
tut_top5_val_0000185,val,8,3,3,0.9565840767834334
tut_top5_val_0000186,val,8,5,6,0.5295785726349856
tut_top5_val_0000187,val,8,3,3,0.6778419742776974
tut_top5_val_0000188,val,8,4,4,0.6904618531689155
tut_top5_val_0000189,val,8,7,7,0.7381070952210219
tut_top5_val_0000190,val,8,5,5,0.8305669542551235
tut_top5_val_0000191,val,8,2,2,0.5453154697620698
tut_top5_val_0000192,val,8,0,0,0.6479870407613246
tut_top5_val_0000193,val,8,2,2,0.9574274839232371
tut_top5_val_0000194,val,8,1,1,0.6950689488874261
tut_top5_val_0000195,val,8,1,1,0.3692373610209041
tut_top5_val_0000196,val,8,7,7,0.6490313997350888
tut_top5_val_0000197,val,8,1,1,0.8292920162612435
tut_top5_val_0000198,val,8,2,2,0.4299672588844953
tut_top5_val_0000199,val,8,3,3,0.639161523798068
tut_top5_val_0000200,val,8,7,7,0.9584903926258083
tut_top5_val_0000201,val,8,3,3,0.7355017256057604
tut_top5_val_0000202,val,8,3,3,0.7848503889388025
tut_top5_val_0000203,val,8,5,5,0.8211139812532086
tut_top5_val_0000204,val,8,1,1,0.6298540845945575
tut_top5_val_0000205,val,8,4,4,0.49839766777564476
tut_top5_val_0000206,val,8,0,2,0.5166253587076032
tut_top5_val_0000207,val,8,3,3,0.5479057098114382
tut_top5_val_0000208,val,8,4,4,0.544793137493746
tut_top5_val_0000209,val,8,1,1,0.8632429683106915
tut_top5_val_0000210,val,8,3,3,0.6461240090762925
tut_top5_val_0000211,val,8,7,7,0.753739932868128
tut_top5_val_0000212,val,8,5,5,0.5015050626114931
tut_top5_val_0000213,val,8,7,7,0.7035357387843223
tut_top5_val_0000214,val,8,1,1,0.9295911457239465
tut_top5_val_0000215,val,8,1,1,0.8076257186061646
tut_top5_val_0000216,val,8,1,1,0.7066877840410362
tut_top5_val_0000217,val,8,3,3,0.37783353470151565
tut_top5_val_0000218,val,8,7,7,0.7822334211319918
tut_top5_val_0000219,val,8,3,0,0.4819277103413507
tut_top5_val_0000220,val,8,3,3,0.5726331860418351
tut_top5_val_0000221,val,8,3,3,0.6694453192833886
tut_top5_val_0000222,val,8,0,0,0.9842508319589552
tut_top5_val_0000223,val,8,6,6,0.9104417918673583
tut_top5_val_0000224,val,8,1,1,0.6248661254720248
tut_top5_val_0000225,val,8,0,0,0.8686764317170511
tut_top5_val_0000226,val,8,2,2,0.6055855293333714
tut_top5_val_0000227,val,8,5,5,0.7425866744061547
tut_top5_val_0000228,val,8,7,2,0.3896214820332205
tut_top5_val_0000229,val,8,1,1,0.7624374883574098
tut_top5_val_0000230,val,8,3,3,0.5127886729701265
tut_top5_val_0000231,val,8,2,2,0.5757988942090769
tut_top5_val_0000232,val,8,0,0,0.6619323104926863
tut_top5_val_0000233,val,8,5,5,0.9569717725403172
tut_top5_val_0000234,val,8,7,1,0.5129624203983856
tut_top5_val_0000235,val,8,1,1,0.7213045570853457
tut_top5_val_0000236,val,8,0,2,0.7111335642314727
tut_top5_val_0000237,val,8,2,2,0.5546253005056205
tut_top5_val_0000238,val,8,3,3,0.6079465821567566
tut_top5_val_0000239,val,8,3,2,0.677123675572659
tut_top5_val_0000240,val,8,7,7,0.5517452490152568
tut_top5_val_0000241,val,8,7,1,0.5420356648955026
tut_top5_val_0000242,val,8,2,3,0.6779028201098027
tut_top5_val_0000243,val,8,3,3,0.7742597764897248
tut_top5_val_0000244,val,8,3,3,0.6283220611151762
tut_top5_val_0000245,val,8,2,2,0.4882955863612415
tut_top5_val_0000246,val,8,3,3,0.818296051318717
tut_top5_val_0000247,val,8,5,5,0.7754242799414419
tut_top5_val_0000248,val,8,3,3,0.9025958605335984
tut_top5_val_0000249,val,8,3,3,0.8731660887586074
tut_top5_val_0000250,val,8,2,2,0.4803323596891636
tut_top5_val_0000251,val,8,5,5,0.6369066457324247
tut_top5_val_0000252,val,8,7,7,0.8565087104952889
tut_top5_val_0000253,val,8,1,1,0.9213164080123495
tut_top5_val_0000254,val,8,1,1,0.8200166122935784
tut_top5_val_0000255,val,8,3,3,0.3881779737520033
tut_top5_val_0000256,val,8,5,5,0.9962163565057203
tut_top5_val_0000257,val,8,3,3,0.591110015107782
tut_top5_val_0000258,val,8,0,0,0.9592506217147516
tut_top5_val_0000259,val,8,7,7,0.5915949223497808
tut_top5_val_0000260,val,8,2,2,0.6845212710104073
tut_top5_val_0000261,val,8,3,3,0.6226075619680467
tut_top5_val_0000262,val,8,4,4,0.9417382474930832
tut_top5_val_0000263,val,8,5,5,0.8249870857102313
tut_top5_val_0000264,val,8,3,3,0.5811215401044145
tut_top5_val_0000265,val,8,6,6,0.6421855163780195
tut_top5_val_0000266,val,8,7,7,0.5396392050853389
tut_top5_val_0000267,val,8,6,6,0.7218917742655973
tut_top5_val_0000268,val,8,5,5,0.9374318831448343
tut_top5_val_0000269,val,8,1,1,0.8546055719523575
tut_top5_val_0000270,val,8,2,2,0.9572514852910597
tut_top5_val_0000271,val,8,1,1,0.8471874955404561
tut_top5_val_0000272,val,8,6,5,0.4110978362488917
tut_top5_val_0000273,val,8,3,3,0.7556363925279284
tut_top5_val_0000274,val,8,6,6,0.782792791814224
tut_top5_val_0000275,val,8,3,3,0.7868352593207714
tut_top5_val_0000276,val,8,2,2,0.7817889978375482
tut_top5_val_0000277,val,8,2,7,0.5210470097456112
tut_top5_val_0000278,val,8,1,2,0.6359020474680396
tut_top5_val_0000279,val,8,1,1,0.8528698771841406
tut_top5_val_0000280,val,8,3,3,0.8701063973284284
tut_top5_val_0000281,val,8,3,3,0.6332554055168559
tut_top5_val_0000282,val,8,7,2,0.468890961528391
tut_top5_val_0000283,val,8,1,1,0.7687447834049352
tut_top5_val_0000284,val,8,1,1,0.7925320162059287
tut_top5_val_0000285,val,8,5,5,0.7978094967078015
tut_top5_val_0000286,val,8,2,2,0.7494489498975017
tut_top5_val_0000287,val,8,1,1,0.3737577803133447
tut_top5_val_0000288,val,8,0,0,0.9658767419527569
tut_top5_val_0000289,val,8,7,7,0.9727310974576656
tut_top5_val_0000290,val,8,4,3,0.9469051926115355
tut_top5_val_0000291,val,8,7,7,0.6215617902053561
tut_top5_val_0000292,val,8,2,2,0.7176848132945767
tut_top5_val_0000293,val,8,5,5,0.9917693242255748
tut_top5_val_0000294,val,8,0,0,0.9786842736490743
tut_top5_val_0000295,val,8,1,1,0.6572634971130484
tut_top5_val_0000296,val,8,1,1,0.4622732088705852
tut_top5_val_0000297,val,8,7,7,0.632458968067352
tut_top5_val_0000298,val,8,2,2,0.8621383026330843
tut_top5_val_0000299,val,8,3,4,0.622997691955737
tut_top5_val_0000300,val,8,2,2,0.8010356808298172
tut_top5_val_0000301,val,8,2,2,0.859063456825725
tut_top5_val_0000302,val,8,7,2,0.529956773028847
tut_top5_val_0000303,val,8,3,3,0.8899485207399077
tut_top5_val_0000304,val,8,1,1,0.6180629606232039
tut_top5_val_0000305,val,8,4,4,0.9472505664066287
tut_top5_val_0000306,val,8,3,3,0.6541655228417085
tut_top5_val_0000307,val,8,2,2,0.9765846547662324
tut_top5_val_0000308,val,8,4,4,0.9959509005762821
tut_top5_val_0000309,val,8,5,5,0.9667130733748422
tut_top5_val_0000310,val,8,5,5,0.9093506883326714
tut_top5_val_0000311,val,8,2,2,0.7593907668742633
tut_top5_val_0000312,val,8,3,3,0.7924129295366694
tut_top5_val_0000313,val,8,0,2,0.5974318130405248
tut_top5_val_0000314,val,8,7,7,0.7439713627695673
tut_top5_val_0000315,val,8,1,1,0.8176461403378681
tut_top5_val_0000316,val,8,2,2,0.8298626029663386
tut_top5_val_0000317,val,8,1,1,0.547345711804865
tut_top5_val_0000318,val,8,1,1,0.8442869945668303
tut_top5_val_0000319,val,8,3,3,0.9213120636338615
tut_top5_val_0000320,val,8,1,1,0.9184060383758554
tut_top5_val_0000321,val,8,5,5,0.7330973282555486
tut_top5_val_0000322,val,8,3,3,0.8848943912907451
tut_top5_val_0000323,val,8,6,6,0.7252588797917171
tut_top5_val_0000324,val,8,1,1,0.7642047722834607
tut_top5_val_0000325,val,8,5,5,0.8619721456991105
tut_top5_val_0000326,val,8,2,3,0.8276896605894588
tut_top5_val_0000327,val,8,1,1,0.704611984275545
tut_top5_val_0000328,val,8,2,3,0.6409420309084669
tut_top5_val_0000329,val,8,6,6,0.7675270913811295
tut_top5_val_0000330,val,8,5,5,0.8146160978316517
tut_top5_val_0000331,val,8,6,5,0.5554925582454185
tut_top5_val_0000332,val,8,6,5,0.5001760051954944
tut_top5_val_0000333,val,8,7,2,0.547090686758093
tut_top5_val_0000334,val,8,0,0,0.9778131556133941
tut_top5_val_0000335,val,8,1,1,0.7651332368209769
tut_top5_val_0000336,val,8,5,5,0.4651172584446905
tut_top5_val_0000337,val,8,6,6,0.7842394391852995
tut_top5_val_0000338,val,8,7,7,0.8046776808991807
tut_top5_val_0000339,val,8,5,5,0.7868313142179281
tut_top5_val_0000340,val,8,3,3,0.5549369046021408
tut_top5_val_0000341,val,8,7,7,0.8919850654440831
tut_top5_val_0000342,val,8,6,6,0.9714302589941677
tut_top5_val_0000343,val,8,4,3,0.6129439063279353
tut_top5_val_0000344,val,8,1,1,0.6175728183073081
tut_top5_val_0000345,val,8,7,7,0.6813030637573667
tut_top5_val_0000346,val,8,3,3,0.9751174359693728
tut_top5_val_0000347,val,8,5,5,0.6541384270848952
tut_top5_val_0000348,val,8,5,5,0.8930918049493656
tut_top5_val_0000349,val,8,2,2,0.660126809258901
tut_top5_val_0000350,val,8,2,2,0.5754260997111422
tut_top5_val_0000351,val,8,1,1,0.9023004368194095
tut_top5_val_0000352,val,8,4,4,0.9934577578103915
tut_top5_val_0000353,val,8,1,1,0.606632352472439
tut_top5_val_0000354,val,8,7,7,0.9324755331661174
tut_top5_val_0000355,val,8,2,2,0.887654088688433
tut_top5_val_0000356,val,8,2,2,0.49865184523048867
tut_top5_val_0000357,val,8,1,1,0.6306793535309173
tut_top5_val_0000358,val,8,4,4,0.8102206373826445
tut_top5_val_0000359,val,8,7,7,0.6880603792969676
tut_top5_val_0000360,val,8,2,2,0.7563349387298638
tut_top5_val_0000361,val,8,1,5,0.481512108248469
tut_top5_val_0000362,val,8,3,3,0.8282800798366481
tut_top5_val_0000363,val,8,4,4,0.9309014042157596
tut_top5_val_0000364,val,8,1,1,0.7679482576009672
tut_top5_val_0000365,val,8,5,1,0.5007236606905607
tut_top5_val_0000366,val,8,2,2,0.5523681786073152
tut_top5_val_0000367,val,8,1,1,0.8102501086448598
tut_top5_val_0000368,val,8,7,7,0.9598658136699959
tut_top5_val_0000369,val,8,7,7,0.6330990784810432
tut_top5_val_0000370,val,8,1,1,0.6083059881314934
tut_top5_val_0000371,val,8,2,2,0.579771618127368
tut_top5_val_0000372,val,8,7,7,0.9575803046667635
tut_top5_val_0000373,val,8,7,7,0.8241107352703197
tut_top5_val_0000374,val,8,0,0,0.7485863967712192
tut_top5_val_0000375,val,8,2,2,0.6684562963224314
tut_top5_val_0000376,val,8,1,1,0.768515486259985
tut_top5_val_0000377,val,8,4,4,0.8251237013978787
tut_top5_val_0000378,val,8,1,1,0.6821344870014032
tut_top5_val_0000379,val,8,3,3,0.8847912601823826
tut_top5_val_0000380,val,8,7,7,0.8157906030474465
tut_top5_val_0000381,val,8,0,0,0.9878377999854251
tut_top5_val_0000382,val,8,3,3,0.6353713120616972
tut_top5_val_0000383,val,8,5,5,0.6715613301784756
tut_top5_val_0000384,val,8,6,1,0.5221617317747181
tut_top5_val_0000385,val,8,3,3,0.6152685040874033
tut_top5_val_0000386,val,8,6,6,0.919048203176324
tut_top5_val_0000387,val,8,5,5,0.7680212145960615
tut_top5_val_0000388,val,8,6,6,0.7804530683167861
tut_top5_val_0000389,val,8,5,5,0.7705560975843846
tut_top5_val_0000390,val,8,7,2,0.5660367666627005
tut_top5_val_0000391,val,8,6,5,0.467814861760594
tut_top5_val_0000392,val,8,2,2,0.9304348747197015
tut_top5_val_0000393,val,8,1,1,0.7545886092772572
tut_top5_val_0000394,val,8,7,7,0.7329939308616749
tut_top5_val_0000395,val,8,6,6,0.9329806738555265
tut_top5_val_0000396,val,8,3,2,0.7396246519760524
tut_top5_val_0000397,val,8,2,7,0.5205051185206686
tut_top5_val_0000398,val,8,7,7,0.6130203018253075
tut_top5_val_0000399,val,8,2,2,0.9339271849153922
tut_top5_val_0000400,val,8,1,1,0.8001006521353712
tut_top5_val_0000401,val,8,3,3,0.8881626975860485
tut_top5_val_0000402,val,8,6,6,0.987511329100978
tut_top5_val_0000403,val,8,0,2,0.39565116733413885
tut_top5_val_0000404,val,8,2,2,0.4586863244423519
tut_top5_val_0000405,val,8,7,7,0.5239180693478739
tut_top5_val_0000406,val,8,1,2,0.4225716962491432
tut_top5_val_0000407,val,8,1,5,0.47444671205011346
tut_top5_val_0000408,val,8,2,2,0.5292900440019361
tut_top5_test_0000000,test,8,3,3,0.6065567961031617
tut_top5_test_0000001,test,8,2,2,0.856008528206693
tut_top5_test_0000002,test,8,5,5,0.7411009740566934
tut_top5_test_0000003,test,8,3,3,0.6425041388973264
tut_top5_test_0000004,test,8,3,3,0.7349989837029733
tut_top5_test_0000005,test,8,5,5,0.8006514269781835
tut_top5_test_0000006,test,8,0,0,0.4386221150704068
tut_top5_test_0000007,test,8,1,1,0.8797584841842407
tut_top5_test_0000008,test,8,3,3,0.772650727744186
tut_top5_test_0000009,test,8,0,0,0.5685253033595588
tut_top5_test_0000010,test,8,5,7,0.5521381715412959
tut_top5_test_0000011,test,8,4,4,0.6926250502190655
tut_top5_test_0000012,test,8,2,7,0.5985434240856989
tut_top5_test_0000013,test,8,4,4,0.9562630719952865
tut_top5_test_0000014,test,8,7,7,0.9213925273889642
tut_top5_test_0000015,test,8,1,1,0.6141980519709674
tut_top5_test_0000016,test,8,3,2,0.6556324564097963
tut_top5_test_0000017,test,8,1,1,0.854525458565367
tut_top5_test_0000018,test,8,1,1,0.5180771918597012
tut_top5_test_0000019,test,8,7,7,0.659192096085368
tut_top5_test_0000020,test,8,0,0,0.8048139072775831
tut_top5_test_0000021,test,8,5,5,0.8003511242627448
tut_top5_test_0000022,test,8,3,3,0.9450464221673449
tut_top5_test_0000023,test,8,3,3,0.7601667033713843
tut_top5_test_0000024,test,8,4,3,0.6038687694873708
tut_top5_test_0000025,test,8,0,0,0.990258427204302
tut_top5_test_0000026,test,8,1,1,0.7577321354544045
tut_top5_test_0000027,test,8,4,4,0.9903351826632784
tut_top5_test_0000028,test,8,7,7,0.5332757262555838
tut_top5_test_0000029,test,8,6,6,0.9198394424583108
tut_top5_test_0000030,test,8,4,4,0.9800958646700891
tut_top5_test_0000031,test,8,0,0,0.934134238390589
tut_top5_test_0000032,test,8,2,2,0.6022371768510985
tut_top5_test_0000033,test,8,4,4,0.5101936768613612
tut_top5_test_0000034,test,8,4,3,0.4426854156946936
tut_top5_test_0000035,test,8,6,6,0.7220418126127703
tut_top5_test_0000036,test,8,2,2,0.979714719081886
tut_top5_test_0000037,test,8,2,2,0.8415963607362468
tut_top5_test_0000038,test,8,0,0,0.9554653126801856
tut_top5_test_0000039,test,8,0,0,0.7811471360525318
tut_top5_test_0000040,test,8,3,3,0.9144037779455578
tut_top5_test_0000041,test,8,7,7,0.39707501818745355
tut_top5_test_0000042,test,8,7,7,0.6966242983516517
tut_top5_test_0000043,test,8,3,3,0.819393844278885
tut_top5_test_0000044,test,8,3,3,0.8863105793669009
tut_top5_test_0000045,test,8,3,0,0.3091564909715753
tut_top5_test_0000046,test,8,2,2,0.5652426886634511
tut_top5_test_0000047,test,8,7,7,0.8971213533404856
tut_top5_test_0000048,test,8,3,3,0.6482806550917747
tut_top5_test_0000049,test,8,2,7,0.5420919033713342
tut_top5_test_0000050,test,8,3,3,0.8287882280371
tut_top5_test_0000051,test,8,6,6,0.8512121564029544
tut_top5_test_0000052,test,8,5,6,0.5468143641478364
tut_top5_test_0000053,test,8,4,4,0.7996157656845524
tut_top5_test_0000054,test,8,2,3,0.4931750827367648
tut_top5_test_0000055,test,8,5,6,0.6526590904557991
tut_top5_test_0000056,test,8,5,5,0.5803170300851571
tut_top5_test_0000057,test,8,7,2,0.738239863976853
tut_top5_test_0000058,test,8,1,1,0.7595099601899554
tut_top5_test_0000059,test,8,2,3,0.7489123098157263
tut_top5_test_0000060,test,8,3,3,0.5452815382226104
tut_top5_test_0000061,test,8,5,5,0.6054167477804124
tut_top5_test_0000062,test,8,0,0,0.9444232387764618
tut_top5_test_0000063,test,8,3,3,0.9091166613392345
tut_top5_test_0000064,test,8,7,7,0.8809518335509553
tut_top5_test_0000065,test,8,1,1,0.4371543193174169
tut_top5_test_0000066,test,8,0,0,0.9262569693595701
tut_top5_test_0000067,test,8,3,3,0.7703115993291014
tut_top5_test_0000068,test,8,1,1,0.7061479612893163
tut_top5_test_0000069,test,8,1,5,0.5248863714887697
tut_top5_test_0000070,test,8,2,7,0.5406008952440758
tut_top5_test_0000071,test,8,1,1,0.5044272143971812
tut_top5_test_0000072,test,8,7,7,0.6767668218065671
tut_top5_test_0000073,test,8,1,1,0.6716660291307192
tut_top5_test_0000074,test,8,0,0,0.992533124450611
tut_top5_test_0000075,test,8,1,1,0.43800479614863724
tut_top5_test_0000076,test,8,5,5,0.726099468479446
tut_top5_test_0000077,test,8,5,5,0.8808610365698425
tut_top5_test_0000078,test,8,1,1,0.7874579129254516
tut_top5_test_0000079,test,8,6,6,0.8380454305725001
tut_top5_test_0000080,test,8,2,2,0.5707561365513143
tut_top5_test_0000081,test,8,7,4,0.6258901839685607
tut_top5_test_0000082,test,8,7,2,0.4093423534323548
tut_top5_test_0000083,test,8,5,5,0.993271097792614
tut_top5_test_0000084,test,8,1,1,0.7930118989269007
tut_top5_test_0000085,test,8,3,3,0.7458936677947182
tut_top5_test_0000086,test,8,3,3,0.7901534482179574
tut_top5_test_0000087,test,8,7,7,0.8144547869563498
tut_top5_test_0000088,test,8,6,6,0.6897758358991299
tut_top5_test_0000089,test,8,1,1,0.6767100254168119
tut_top5_test_0000090,test,8,7,1,0.4545036329647709
tut_top5_test_0000091,test,8,6,6,0.9868429298185944
tut_top5_test_0000092,test,8,7,7,0.9163399040786299
tut_top5_test_0000093,test,8,1,1,0.8910288590853128
tut_top5_test_0000094,test,8,2,2,0.9486148987259904
tut_top5_test_0000095,test,8,5,5,0.9552565316704704
tut_top5_test_0000096,test,8,4,4,0.9844820843058318
tut_top5_test_0000097,test,8,5,5,0.9499115869983713
tut_top5_test_0000098,test,8,1,1,0.8130210986768099
tut_top5_test_0000099,test,8,2,1,0.5168276415484411
tut_top5_test_0000100,test,8,0,0,0.6102387438981922
tut_top5_test_0000101,test,8,2,2,0.6863130199329153
tut_top5_test_0000102,test,8,7,7,0.5066353590239947
tut_top5_test_0000103,test,8,1,1,0.8963924270493986
tut_top5_test_0000104,test,8,1,1,0.4794629275632374
tut_top5_test_0000105,test,8,5,1,0.4276515654636464
tut_top5_test_0000106,test,8,1,1,0.7154955919739743
tut_top5_test_0000107,test,8,1,1,0.8307927928055926
tut_top5_test_0000108,test,8,2,2,0.6211962344648715
tut_top5_test_0000109,test,8,2,2,0.5317620544050737
tut_top5_test_0000110,test,8,7,2,0.5264504143795914
tut_top5_test_0000111,test,8,5,5,0.7043335655545317
tut_top5_test_0000112,test,8,4,4,0.976242336101799
tut_top5_test_0000113,test,8,7,2,0.7292395867015441
tut_top5_test_0000114,test,8,0,0,0.8820320970515523
tut_top5_test_0000115,test,8,2,2,0.7715868824975353
tut_top5_test_0000116,test,8,3,3,0.8002519237870922
tut_top5_test_0000117,test,8,6,6,0.7418483156704108
tut_top5_test_0000118,test,8,1,7,0.9464129129856959
tut_top5_test_0000119,test,8,0,0,0.9767757327671575
tut_top5_test_0000120,test,8,6,6,0.7856447828509258
tut_top5_test_0000121,test,8,0,0,0.7961240156972924
tut_top5_test_0000122,test,8,4,4,0.4791070219983432
tut_top5_test_0000123,test,8,7,7,0.8566195162742722
tut_top5_test_0000124,test,8,1,1,0.40172223756677133
tut_top5_test_0000125,test,8,4,3,0.4896127624954433
tut_top5_test_0000126,test,8,1,1,0.8755803231919519
tut_top5_test_0000127,test,8,7,7,0.6640644369353528
tut_top5_test_0000128,test,8,7,7,0.4639479416025998
tut_top5_test_0000129,test,8,0,0,0.5925230630471721
tut_top5_test_0000130,test,8,6,6,0.5703930045752064
tut_top5_test_0000131,test,8,2,2,0.6096826029899457
tut_top5_test_0000132,test,8,3,4,0.5690575657217244
tut_top5_test_0000133,test,8,4,3,0.4533176271045443
tut_top5_test_0000134,test,8,5,5,0.814309426576887
tut_top5_test_0000135,test,8,3,3,0.9519630869837953
tut_top5_test_0000136,test,8,3,2,0.824169636102972
tut_top5_test_0000137,test,8,0,0,0.9673307212727853
tut_top5_test_0000138,test,8,4,4,0.9660350148378769
tut_top5_test_0000139,test,8,1,2,0.5475435607034522
tut_top5_test_0000140,test,8,3,3,0.7080716997080688
tut_top5_test_0000141,test,8,5,5,0.971021937930223
tut_top5_test_0000142,test,8,4,4,0.7061181959219874
tut_top5_test_0000143,test,8,7,7,0.8366305785152228
tut_top5_test_0000144,test,8,7,7,0.6154797124961509
tut_top5_test_0000145,test,8,0,0,0.7798677853427605
tut_top5_test_0000146,test,8,7,7,0.8597171517761794
tut_top5_test_0000147,test,8,6,6,0.913551576395934
tut_top5_test_0000148,test,8,0,0,0.8789896236126079
tut_top5_test_0000149,test,8,7,7,0.9718738529319854
tut_top5_test_0000150,test,8,6,5,0.6293674700176347
tut_top5_test_0000151,test,8,5,5,0.8117410681562889
tut_top5_test_0000152,test,8,3,3,0.734514624063591
tut_top5_test_0000153,test,8,6,6,0.9141834550511712
tut_top5_test_0000154,test,8,6,6,0.9833056372087843
tut_top5_test_0000155,test,8,4,3,0.7362983327760232
tut_top5_test_0000156,test,8,2,2,0.7285106297533119
tut_top5_test_0000157,test,8,3,3,0.9191264641028966
tut_top5_test_0000158,test,8,0,0,0.8277406465126007
tut_top5_test_0000159,test,8,4,4,0.9749827871776613
tut_top5_test_0000160,test,8,6,6,0.7217808304727307
tut_top5_test_0000161,test,8,6,6,0.9224433648620228
tut_top5_test_0000162,test,8,1,1,0.8519723882271637
tut_top5_test_0000163,test,8,1,7,0.49850395537446807
tut_top5_test_0000164,test,8,1,1,0.519316266675889
tut_top5_test_0000165,test,8,2,2,0.467319234446784
tut_top5_test_0000166,test,8,7,2,0.691825691311827
tut_top5_test_0000167,test,8,1,7,0.743181668299036
tut_top5_test_0000168,test,8,4,4,0.7711218481803026
tut_top5_test_0000169,test,8,2,2,0.7217962293359445
tut_top5_test_0000170,test,8,0,0,0.8493882301011277
tut_top5_test_0000171,test,8,1,1,0.5642654362045454
tut_top5_test_0000172,test,8,1,1,0.7352462972479354
tut_top5_test_0000173,test,8,1,1,0.6775575015037143
tut_top5_test_0000174,test,8,7,7,0.806597731625059
tut_top5_test_0000175,test,8,7,7,0.6655165322070925
tut_top5_test_0000176,test,8,2,2,0.6525707371128178
tut_top5_test_0000177,test,8,6,6,0.9513212346014615
tut_top5_test_0000178,test,8,6,1,0.6629445758153379
tut_top5_test_0000179,test,8,1,2,0.41837884050246027
tut_top5_test_0000180,test,8,4,4,0.7521568418999739
tut_top5_test_0000181,test,8,7,7,0.9362154907545245
tut_top5_test_0000182,test,8,3,3,0.895722170876172
tut_top5_test_0000183,test,8,0,2,0.5223958209967282
tut_top5_test_0000184,test,8,2,3,0.4702723900097453
tut_top5_test_0000185,test,8,7,7,0.8629970999078406
tut_top5_test_0000186,test,8,3,3,0.7184396910286857
tut_top5_test_0000187,test,8,7,7,0.7504233068150812
tut_top5_test_0000188,test,8,3,3,0.9412477432719376
tut_top5_test_0000189,test,8,3,3,0.7267414454744509
tut_top5_test_0000190,test,8,3,3,0.5652664701069052
tut_top5_test_0000191,test,8,2,2,0.6417966130336272
tut_top5_test_0000192,test,8,0,0,0.9076853766485091
tut_top5_test_0000193,test,8,2,2,0.5401394830158063
tut_top5_test_0000194,test,8,1,1,0.8114417547335689
tut_top5_test_0000195,test,8,0,0,0.9081597519835869
tut_top5_test_0000196,test,8,4,4,0.9224760875580889
tut_top5_test_0000197,test,8,3,3,0.6041965145009209
tut_top5_test_0000198,test,8,3,3,0.7120391306094911
tut_top5_test_0000199,test,8,4,4,0.780195976317289
tut_top5_test_0000200,test,8,2,2,0.7396826327454314
tut_top5_test_0000201,test,8,2,2,0.6054285524107339
tut_top5_test_0000202,test,8,2,2,0.554478431946748
tut_top5_test_0000203,test,8,5,5,0.8211729177195667
tut_top5_test_0000204,test,8,5,5,0.6259863749207356
tut_top5_test_0000205,test,8,6,6,0.9457012484836577
tut_top5_test_0000206,test,8,6,6,0.8848267325199219
tut_top5_test_0000207,test,8,5,5,0.7049355302930905
tut_top5_test_0000208,test,8,7,7,0.64938634303315
tut_top5_test_0000209,test,8,5,6,0.5532591934646907
tut_top5_test_0000210,test,8,2,7,0.36209418620223055
tut_top5_test_0000211,test,8,0,0,0.966151834148447
tut_top5_test_0000212,test,8,1,1,0.7516875921005741
tut_top5_test_0000213,test,8,2,2,0.36071084803135817
tut_top5_test_0000214,test,8,1,1,0.46718109790580686
tut_top5_test_0000215,test,8,6,6,0.8056127134624227
tut_top5_test_0000216,test,8,7,7,0.7872077840078678
tut_top5_test_0000217,test,8,5,5,0.868021263560451
tut_top5_test_0000218,test,8,3,3,0.5977967585731035
tut_top5_test_0000219,test,8,4,4,0.6374283930436286
tut_top5_test_0000220,test,8,1,1,0.7436854815475651
tut_top5_test_0000221,test,8,1,1,0.8663719070375996
tut_top5_test_0000222,test,8,7,7,0.8586189629195592
tut_top5_test_0000223,test,8,6,6,0.7300999351831656
tut_top5_test_0000224,test,8,5,5,0.9512728738669151
tut_top5_test_0000225,test,8,7,7,0.4546344222649534
tut_top5_test_0000226,test,8,4,4,0.6264676612354276
tut_top5_test_0000227,test,8,5,5,0.9354363085229993
tut_top5_test_0000228,test,8,7,7,0.8783275983266556
tut_top5_test_0000229,test,8,7,7,0.5755738656316294
tut_top5_test_0000230,test,8,5,5,1.0
tut_top5_test_0000231,test,8,4,4,0.9687406850485842
tut_top5_test_0000232,test,8,6,6,0.7668694384867125
tut_top5_test_0000233,test,8,7,7,0.6629818227027136
tut_top5_test_0000234,test,8,4,4,0.7863218368443988
tut_top5_test_0000235,test,8,5,7,0.3986613156311629
tut_top5_test_0000236,test,8,7,7,0.5506831423159395
tut_top5_test_0000237,test,8,2,2,0.5850096734079135
tut_top5_test_0000238,test,8,1,1,0.8597091744330679
tut_top5_test_0000239,test,8,3,3,0.9449767946397328
tut_top5_test_0000240,test,8,3,3,0.9442524971441594
tut_top5_test_0000241,test,8,7,7,0.9038284110795313
tut_top5_test_0000242,test,8,3,3,0.6448347477372991
tut_top5_test_0000243,test,8,0,0,0.8829003298485497
tut_top5_test_0000244,test,8,6,6,0.9666389536120105
tut_top5_test_0000245,test,8,3,3,0.48922520696161337
tut_top5_test_0000246,test,8,4,4,0.5103122416958906
tut_top5_test_0000247,test,8,3,3,0.9166695525296992
tut_top5_test_0000248,test,8,3,3,0.7378873740633725
tut_top5_test_0000249,test,8,6,6,0.9820292822157145
tut_top5_test_0000250,test,8,0,2,0.6691912715028596
tut_top5_test_0000251,test,8,6,6,0.9422925417156424
tut_top5_test_0000252,test,8,2,2,0.8530598436468334
tut_top5_test_0000253,test,8,2,2,0.6248647660384138
tut_top5_test_0000254,test,8,7,7,0.9099941600949518
tut_top5_test_0000255,test,8,3,3,0.797183837015858
tut_top5_test_0000256,test,8,1,1,0.840879910577817
tut_top5_test_0000257,test,8,2,2,0.9522741737547462
tut_top5_test_0000258,test,8,1,1,0.6654046789362096
tut_top5_test_0000259,test,8,2,2,0.6334878871547243
tut_top5_test_0000260,test,8,0,0,0.9617286930888937
tut_top5_test_0000261,test,8,5,6,0.6237598982866323
tut_top5_test_0000262,test,8,7,7,0.8393411262133895
tut_top5_test_0000263,test,8,3,3,0.6444228838996906
tut_top5_test_0000264,test,8,5,6,0.4573654158075275
tut_top5_test_0000265,test,8,2,2,0.6512902296423991
tut_top5_test_0000266,test,8,0,0,0.9785531678126687
tut_top5_test_0000267,test,8,1,1,0.5911422028888649
tut_top5_test_0000268,test,8,6,6,0.765001605417599
tut_top5_test_0000269,test,8,7,7,0.7056548696999123
tut_top5_test_0000270,test,8,2,2,0.4629168398254835
tut_top5_test_0000271,test,8,3,3,0.7864678217255284
tut_top5_test_0000272,test,8,7,7,0.9240473719424221
tut_top5_test_0000273,test,8,5,5,0.6795635676367905
tut_top5_test_0000274,test,8,7,7,0.8643049566709428
tut_top5_test_0000275,test,8,0,0,0.9871688919913129
tut_top5_test_0000276,test,8,4,4,0.38886718662101794
tut_top5_test_0000277,test,8,5,7,0.6768769577930617
tut_top5_test_0000278,test,8,1,1,0.865277367098139
tut_top5_test_0000279,test,8,0,0,0.9588972949938881
tut_top5_test_0000280,test,8,6,6,0.9852279258934853
tut_top5_test_0000281,test,8,2,3,0.6510695901099944
tut_top5_test_0000282,test,8,3,3,0.9225242157785231
tut_top5_test_0000283,test,8,6,6,0.3741649284754509
tut_top5_test_0000284,test,8,7,7,0.7631085759417993
tut_top5_test_0000285,test,8,2,2,0.8407148948984551
tut_top5_test_0000286,test,8,7,7,0.9301096304681131
tut_top5_test_0000287,test,8,1,1,0.5312030539195403
tut_top5_test_0000288,test,8,2,2,0.7083068911539152
tut_top5_test_0000289,test,8,4,4,0.6904618531689154
tut_top5_test_0000290,test,8,5,5,0.6546224843448882
tut_top5_test_0000291,test,8,4,4,0.955981664445022
tut_top5_test_0000292,test,8,1,1,0.7642740587321164
tut_top5_test_0000293,test,8,6,6,0.9564265303852237
tut_top5_test_0000294,test,8,6,6,0.9436888658301313
tut_top5_test_0000295,test,8,0,0,0.9462968876182457
tut_top5_test_0000296,test,8,0,2,0.7055950635696591
tut_top5_test_0000297,test,8,7,7,0.9503796931932095
tut_top5_test_0000298,test,8,5,1,0.4191619778108644
tut_top5_test_0000299,test,8,0,0,0.9474823721889817
tut_top5_test_0000300,test,8,3,3,0.8830923358933519
tut_top5_test_0000301,test,8,2,3,0.6878240815389486
tut_top5_test_0000302,test,8,5,5,0.8198713813134993
tut_top5_test_0000303,test,8,7,7,0.569048377366171
tut_top5_test_0000304,test,8,4,4,0.9864545319598578
tut_top5_test_0000305,test,8,0,0,0.9719037827500262
tut_top5_test_0000306,test,8,4,4,0.5101936768613612
tut_top5_test_0000307,test,8,6,6,0.683584646045289
tut_top5_test_0000308,test,8,7,1,0.5118372369982729
tut_top5_test_0000309,test,8,2,2,0.5232854622459213
tut_top5_test_0000310,test,8,3,3,0.846835480538946
tut_top5_test_0000311,test,8,7,7,0.988615253179391
tut_top5_test_0000312,test,8,2,7,0.621180405513468
tut_top5_test_0000313,test,8,2,2,0.741790565288703
tut_top5_test_0000314,test,8,0,0,0.9877087605330963
tut_top5_test_0000315,test,8,0,0,0.8826964021263403
tut_top5_test_0000316,test,8,6,6,0.7778062735507898
tut_top5_test_0000317,test,8,7,7,0.8430236047358614
tut_top5_test_0000318,test,8,4,4,0.7814019795889822
tut_top5_test_0000319,test,8,7,5,0.8403106288975583
tut_top5_test_0000320,test,8,3,3,0.48669789845873046
tut_top5_test_0000321,test,8,2,2,0.8011954065284062
tut_top5_test_0000322,test,8,0,0,0.9874912729585748
tut_top5_test_0000323,test,8,7,7,0.717007606814661
tut_top5_test_0000324,test,8,1,1,0.5865324493636256
tut_top5_test_0000325,test,8,5,5,0.6441560170952844
tut_top5_test_0000326,test,8,1,1,0.5431222784575082
tut_top5_test_0000327,test,8,7,7,0.43953602349806703
tut_top5_test_0000328,test,8,3,3,0.7987175970792235
tut_top5_test_0000329,test,8,1,1,0.7202759480634561
tut_top5_test_0000330,test,8,0,0,0.9301637532543284
tut_top5_test_0000331,test,8,4,3,0.5874384873580127
tut_top5_test_0000332,test,8,1,1,0.426101874272728
tut_top5_test_0000333,test,8,0,2,0.45309433802015
tut_top5_test_0000334,test,8,1,1,0.5572662869979711
tut_top5_test_0000335,test,8,2,2,0.7167626486103501
tut_top5_test_0000336,test,8,7,7,0.9587489794301364
tut_top5_test_0000337,test,8,3,2,0.7549543863856699
tut_top5_test_0000338,test,8,7,2,0.6709490850946942
tut_top5_test_0000339,test,8,3,3,0.953684660031108
tut_top5_test_0000340,test,8,2,2,0.6547665871699629
tut_top5_test_0000341,test,8,3,3,0.7801282890336507
tut_top5_test_0000342,test,8,5,1,0.7502652363455978
tut_top5_test_0000343,test,8,5,5,0.7231522689741969
tut_top5_test_0000344,test,8,2,2,0.49995445630560176
tut_top5_test_0000345,test,8,1,1,0.9571947828485604
tut_top5_test_0000346,test,8,7,7,0.9045170001591445
tut_top5_test_0000347,test,8,2,2,0.6892807148407365
tut_top5_test_0000348,test,8,1,1,0.8641644639236558
tut_top5_test_0000349,test,8,0,2,0.646089630981648
tut_top5_test_0000350,test,8,3,3,0.6624441528522454
tut_top5_test_0000351,test,8,3,3,0.8415591525378526
tut_top5_test_0000352,test,8,1,7,0.5046671832464057
tut_top5_test_0000353,test,8,4,4,0.7227756892127388
tut_top5_test_0000354,test,8,1,7,0.7921800454093081
tut_top5_test_0000355,test,8,2,7,0.5843103649629439
tut_top5_test_0000356,test,8,3,3,0.5955717194097212
tut_top5_test_0000357,test,8,1,1,0.3669527285795962
tut_top5_test_0000358,test,8,0,0,0.8105523825896374
tut_top5_test_0000359,test,8,1,7,0.7409935579033613
tut_top5_test_0000360,test,8,2,3,0.5423250706839344
tut_top5_test_0000361,test,8,3,3,0.9090375980417729
tut_top5_test_0000362,test,8,4,3,0.9006147279219856
tut_top5_test_0000363,test,8,1,1,0.4168806844594763
tut_top5_test_0000364,test,8,7,7,0.6172998260886892
tut_top5_test_0000365,test,8,5,5,0.8739254735847787
tut_top5_test_0000366,test,8,3,3,0.7279717555019175
tut_top5_test_0000367,test,8,4,4,0.9276702333595377
tut_top5_test_0000368,test,8,6,6,0.6840781126065981
tut_top5_test_0000369,test,8,0,0,0.6625007615393547
tut_top5_test_0000370,test,8,6,6,0.883857516410834
tut_top5_test_0000371,test,8,3,3,0.4621710014946255
tut_top5_test_0000372,test,8,7,7,0.883840415615165
tut_top5_test_0000373,test,8,6,1,0.6087573696493027
tut_top5_test_0000374,test,8,2,2,0.514329546365463
tut_top5_test_0000375,test,8,5,5,0.9327060620810083
tut_top5_test_0000376,test,8,2,2,0.9481507416200518
tut_top5_test_0000377,test,8,0,0,0.9594172045109021
tut_top5_test_0000378,test,8,3,3,0.9279929715584272
tut_top5_test_0000379,test,8,2,3,0.6204499249549216
tut_top5_test_0000380,test,8,7,7,0.7129958598362757
tut_top5_test_0000381,test,8,5,6,0.6721113162923633
tut_top5_test_0000382,test,8,3,3,0.8990823715551564
tut_top5_test_0000383,test,8,7,7,0.6543254850110248
tut_top5_test_0000384,test,8,7,7,0.6278136980025728
tut_top5_test_0000385,test,8,1,1,0.769114335309196
tut_top5_test_0000386,test,8,3,2,0.7848144709300878
tut_top5_test_0000387,test,8,5,5,0.9059999660418028
tut_top5_test_0000388,test,8,0,0,0.9297987466225099
tut_top5_test_0000389,test,8,3,3,0.9596426969770181
tut_top5_test_0000390,test,8,2,2,0.5127131568508388
tut_top5_test_0000391,test,8,6,6,0.8781405892639919
tut_top5_test_0000392,test,8,0,0,0.9781854798795696
tut_top5_test_0000393,test,8,5,5,0.7362614880811671
tut_top5_test_0000394,test,8,5,1,0.7479825520612725
tut_top5_test_0000395,test,8,5,6,0.5970717777916396
tut_top5_test_0000396,test,8,7,7,0.5325390765130754
tut_top5_test_0000397,test,8,3,3,0.6145858839910203
tut_top5_test_0000398,test,8,1,1,0.6203542336046965
tut_top5_test_0000399,test,8,3,3,0.9590446114021206
